date_time,temp,rain_1h,clouds_all,traffic_volume
2025-01-01 00:00:00,-8.69,1.25,88,394
2025-01-01 01:00:00,-12.72,0.91,57,477
2025-01-01 02:00:00,-7.35,0.0,52,894
2025-01-01 03:00:00,-6.78,0.0,38,584
2025-01-01 04:00:00,-15.45,0.0,66,801
2025-01-01 05:00:00,-13.51,0.9,51,1029
2025-01-01 06:00:00,-9.22,0.43,72,1493
2025-01-01 07:00:00,-10.55,0.0,91,1732
2025-01-01 08:00:00,-9.65,0.0,32,1941
2025-01-01 09:00:00,-12.16,0.0,66,2040
2025-01-01 10:00:00,-6.96,2.31,65,1137
2025-01-01 11:00:00,-7.27,0.0,62,999
2025-01-01 12:00:00,-9.4,0.03,40,912
2025-01-01 13:00:00,-6.22,0.0,40,1048
2025-01-01 14:00:00,-8.2,0.24,36,1530
2025-01-01 15:00:00,-12.18,0.0,35,1640
2025-01-01 16:00:00,-8.5,0.0,30,2175
2025-01-01 17:00:00,-12.48,0.16,48,2060
2025-01-01 18:00:00,-6.97,0.0,32,1974
2025-01-01 19:00:00,-9.75,1.05,61,1691
2025-01-01 20:00:00,-10.16,0.0,52,1260
2025-01-01 21:00:00,-11.64,0.82,55,897
2025-01-01 22:00:00,-5.93,6.4,44,262
2025-01-01 23:00:00,-10.06,0.0,52,802
2025-01-02 00:00:00,-10.82,0.0,45,604
2025-01-02 01:00:00,-10.59,0.0,71,438
2025-01-02 02:00:00,-7.94,1.97,40,527
2025-01-02 03:00:00,-8.44,1.51,60,479
2025-01-02 04:00:00,-8.3,0.0,18,976
2025-01-02 05:00:00,-8.24,0.0,69,1068
2025-01-02 06:00:00,-3.11,0.0,37,1548
2025-01-02 07:00:00,-10.75,0.0,28,1886
2025-01-02 08:00:00,-11.07,0.0,23,2079
2025-01-02 09:00:00,-11.98,0.0,21,2018
2025-01-02 10:00:00,-7.69,0.0,39,1635
2025-01-02 11:00:00,-6.15,0.0,88,1412
2025-01-02 12:00:00,-9.88,2.01,35,693
2025-01-02 13:00:00,-12.05,0.98,0,933
2025-01-02 14:00:00,-12.01,0.01,60,1282
2025-01-02 15:00:00,-7.58,0.97,23,1734
2025-01-02 16:00:00,-7.3,1.96,71,1849
2025-01-02 17:00:00,-7.9,0.64,41,2212
2025-01-02 18:00:00,-11.53,0.0,44,1793
2025-01-02 19:00:00,-8.84,0.0,81,1815
2025-01-02 20:00:00,-9.18,0.0,66,1330
2025-01-02 21:00:00,-8.88,0.0,20,1023
2025-01-02 22:00:00,-6.92,0.14,24,937
2025-01-02 23:00:00,-8.86,0.0,6,1049
2025-01-03 00:00:00,-7.42,0.18,100,682
2025-01-03 01:00:00,-9.26,0.0,30,584
2025-01-03 02:00:00,-8.59,0.0,81,506
2025-01-03 03:00:00,-7.57,0.85,38,545
2025-01-03 04:00:00,-13.83,0.0,25,774
2025-01-03 05:00:00,-10.42,0.0,52,1139
2025-01-03 06:00:00,-10.87,0.0,43,1361
2025-01-03 07:00:00,-11.38,0.0,72,1768
2025-01-03 08:00:00,-10.29,0.0,72,2198
2025-01-03 09:00:00,-4.98,0.0,37,2220
2025-01-03 10:00:00,-12.06,0.29,16,1739
2025-01-03 11:00:00,-6.56,0.34,22,955
2025-01-03 12:00:00,-14.51,0.0,0,1149
2025-01-03 13:00:00,-10.47,0.0,45,1092
2025-01-03 14:00:00,-8.97,0.0,51,1381
2025-01-03 15:00:00,-7.7,0.0,23,1913
2025-01-03 16:00:00,-7.33,1.06,20,2018
2025-01-03 17:00:00,-7.08,0.0,51,1830
2025-01-03 18:00:00,-10.51,1.11,36,1748
2025-01-03 19:00:00,-10.85,3.15,46,1245
2025-01-03 20:00:00,-6.89,0.0,42,1233
2025-01-03 21:00:00,-10.04,0.0,58,1199
2025-01-03 22:00:00,-13.29,0.05,37,1054
2025-01-03 23:00:00,-12.86,0.36,39,709
2025-01-04 00:00:00,-12.14,0.0,5,496
2025-01-04 01:00:00,-7.89,0.2,51,402
2025-01-04 02:00:00,-8.96,0.0,54,427
2025-01-04 03:00:00,-7.31,0.0,48,638
2025-01-04 04:00:00,-10.67,2.59,100,50
2025-01-04 05:00:00,-8.91,0.13,56,750
2025-01-04 06:00:00,-7.51,0.29,48,960
2025-01-04 07:00:00,-10.31,0.0,65,1072
2025-01-04 08:00:00,-8.01,0.0,100,1173
2025-01-04 09:00:00,-11.37,0.0,58,1425
2025-01-04 10:00:00,-10.47,3.8,0,404
2025-01-04 11:00:00,-10.53,1.92,63,407
2025-01-04 12:00:00,-12.97,0.0,30,744
2025-01-04 13:00:00,-7.92,0.0,4,597
2025-01-04 14:00:00,-10.79,1.25,95,528
2025-01-04 15:00:00,-9.35,0.0,89,1000
2025-01-04 16:00:00,-7.94,0.0,29,1373
2025-01-04 17:00:00,-8.04,0.0,30,1373
2025-01-04 18:00:00,-7.39,0.0,56,1145
2025-01-04 19:00:00,-9.68,0.14,30,1154
2025-01-04 20:00:00,-10.65,0.0,49,822
2025-01-04 21:00:00,-9.62,0.0,34,776
2025-01-04 22:00:00,-14.45,0.0,42,599
2025-01-04 23:00:00,-13.72,0.0,17,250
2025-01-05 00:00:00,-13.27,4.79,73,50
2025-01-05 01:00:00,-12.29,4.94,83,50
2025-01-05 02:00:00,-8.1,0.0,50,550
2025-01-05 03:00:00,-12.02,0.08,52,463
2025-01-05 04:00:00,-10.43,0.0,68,737
2025-01-05 05:00:00,-5.4,0.0,53,759
2025-01-05 06:00:00,-10.37,0.0,96,799
2025-01-05 07:00:00,-7.09,0.0,20,1239
2025-01-05 08:00:00,-12.1,0.0,74,1089
2025-01-05 09:00:00,-9.92,3.26,50,930
2025-01-05 10:00:00,-12.15,1.04,25,693
2025-01-05 11:00:00,-10.32,0.0,100,701
2025-01-05 12:00:00,-6.78,0.41,100,388
2025-01-05 13:00:00,-14.48,0.0,47,342
2025-01-05 14:00:00,-8.0,0.41,64,1005
2025-01-05 15:00:00,-8.59,0.0,41,630
2025-01-05 16:00:00,-11.08,0.0,45,1226
2025-01-05 17:00:00,-13.64,0.17,24,1323
2025-01-05 18:00:00,-9.08,0.9,21,886
2025-01-05 19:00:00,-10.89,0.67,99,933
2025-01-05 20:00:00,-8.6,1.83,52,548
2025-01-05 21:00:00,-9.23,0.0,54,620
2025-01-05 22:00:00,-4.49,0.16,32,807
2025-01-05 23:00:00,-10.02,3.2,57,69
2025-01-06 00:00:00,-12.28,0.0,15,686
2025-01-06 01:00:00,-8.67,0.0,34,731
2025-01-06 02:00:00,-8.55,0.0,23,1039
2025-01-06 03:00:00,-5.13,0.92,85,708
2025-01-06 04:00:00,-6.71,0.0,12,885
2025-01-06 05:00:00,-8.14,0.58,24,1081
2025-01-06 06:00:00,-4.82,0.0,2,1526
2025-01-06 07:00:00,-12.78,1.68,31,1623
2025-01-06 08:00:00,-11.13,0.0,42,2275
2025-01-06 09:00:00,-11.99,0.0,78,1783
2025-01-06 10:00:00,-10.38,1.1,48,1199
2025-01-06 11:00:00,-13.34,0.28,43,1129
2025-01-06 12:00:00,-7.31,1.12,61,712
2025-01-06 13:00:00,-9.88,1.33,42,1013
2025-01-06 14:00:00,-13.62,0.47,100,1112
2025-01-06 15:00:00,-12.26,0.0,38,1872
2025-01-06 16:00:00,-8.27,0.0,63,1818
2025-01-06 17:00:00,-6.7,0.0,74,1889
2025-01-06 18:00:00,-3.22,2.14,38,1947
2025-01-06 19:00:00,-0.47,6.16,57,790
2025-01-06 20:00:00,-7.97,0.0,41,1382
2025-01-06 21:00:00,-12.18,0.0,60,1135
2025-01-06 22:00:00,-15.61,0.0,56,480
2025-01-06 23:00:00,-8.41,0.0,50,810
2025-01-07 00:00:00,-11.56,1.26,25,367
2025-01-07 01:00:00,-10.37,0.0,100,339
2025-01-07 02:00:00,-10.96,2.32,68,236
2025-01-07 03:00:00,-9.54,0.0,14,813
2025-01-07 04:00:00,-5.92,0.0,43,859
2025-01-07 05:00:00,-8.65,0.0,14,1385
2025-01-07 06:00:00,-9.59,2.19,73,1229
2025-01-07 07:00:00,-12.23,0.03,53,1780
2025-01-07 08:00:00,-14.14,0.0,54,1797
2025-01-07 09:00:00,-10.58,0.0,33,1949
2025-01-07 10:00:00,-9.28,2.51,46,1525
2025-01-07 11:00:00,-3.82,0.0,73,1086
2025-01-07 12:00:00,-8.73,0.0,80,760
2025-01-07 13:00:00,-6.17,0.0,75,935
2025-01-07 14:00:00,-10.62,0.14,15,1567
2025-01-07 15:00:00,-12.67,0.0,49,1772
2025-01-07 16:00:00,-12.01,0.0,60,1834
2025-01-07 17:00:00,-11.29,0.0,35,1976
2025-01-07 18:00:00,-2.73,0.0,12,1999
2025-01-07 19:00:00,-11.58,0.0,21,1673
2025-01-07 20:00:00,-6.6,0.91,91,1359
2025-01-07 21:00:00,-11.83,0.0,24,1106
2025-01-07 22:00:00,-6.32,0.0,55,1109
2025-01-07 23:00:00,-7.96,0.0,50,706
2025-01-08 00:00:00,-9.49,0.0,50,384
2025-01-08 01:00:00,-9.14,0.0,46,1088
2025-01-08 02:00:00,-10.99,0.96,74,568
2025-01-08 03:00:00,-7.68,0.0,55,893
2025-01-08 04:00:00,-10.39,0.0,38,790
2025-01-08 05:00:00,-12.7,0.33,55,857
2025-01-08 06:00:00,-12.85,0.0,22,1553
2025-01-08 07:00:00,-8.5,0.05,66,1597
2025-01-08 08:00:00,-4.28,0.0,37,2124
2025-01-08 09:00:00,-8.54,0.0,39,2079
2025-01-08 10:00:00,-9.38,0.0,67,1557
2025-01-08 11:00:00,-8.16,0.0,44,1214
2025-01-08 12:00:00,-5.1,0.83,45,1110
2025-01-08 13:00:00,-8.36,0.54,83,1021
2025-01-08 14:00:00,-10.25,0.0,30,1127
2025-01-08 15:00:00,-5.7,0.0,67,1691
2025-01-08 16:00:00,-7.73,0.0,78,2194
2025-01-08 17:00:00,-4.41,0.0,83,2024
2025-01-08 18:00:00,-8.47,2.18,100,1868
2025-01-08 19:00:00,-12.69,0.0,38,1807
2025-01-08 20:00:00,-13.13,0.84,32,1188
2025-01-08 21:00:00,-4.07,0.0,75,964
2025-01-08 22:00:00,-3.85,1.05,78,841
2025-01-08 23:00:00,-9.56,0.0,34,992
2025-01-09 00:00:00,-10.07,0.11,67,431
2025-01-09 01:00:00,-4.53,1.23,100,555
2025-01-09 02:00:00,-12.24,0.11,57,368
2025-01-09 03:00:00,-11.6,0.09,78,622
2025-01-09 04:00:00,-6.99,0.0,94,608
2025-01-09 05:00:00,-10.1,0.0,100,1115
2025-01-09 06:00:00,-8.93,0.0,61,1417
2025-01-09 07:00:00,-9.41,0.04,86,1986
2025-01-09 08:00:00,-7.9,0.0,35,2036
2025-01-09 09:00:00,-4.69,3.24,55,1484
2025-01-09 10:00:00,-8.65,0.0,43,1326
2025-01-09 11:00:00,-6.99,0.37,7,1278
2025-01-09 12:00:00,-15.07,0.0,15,946
2025-01-09 13:00:00,-9.06,0.0,65,1190
2025-01-09 14:00:00,-11.45,0.6,66,1323
2025-01-09 15:00:00,-12.57,0.0,29,1741
2025-01-09 16:00:00,-11.55,0.96,94,1804
2025-01-09 17:00:00,-9.92,0.0,27,2195
2025-01-09 18:00:00,-6.17,0.0,61,2109
2025-01-09 19:00:00,-12.9,0.0,44,1434
2025-01-09 20:00:00,-8.83,0.46,57,1241
2025-01-09 21:00:00,-10.37,0.0,77,788
2025-01-09 22:00:00,-9.9,2.72,74,557
2025-01-09 23:00:00,-5.91,0.0,72,1021
2025-01-10 00:00:00,-7.19,0.0,70,829
2025-01-10 01:00:00,-4.8,0.0,23,749
2025-01-10 02:00:00,-9.27,0.0,84,730
2025-01-10 03:00:00,-10.9,0.0,29,837
2025-01-10 04:00:00,-9.48,0.11,52,906
2025-01-10 05:00:00,-8.08,0.0,46,992
2025-01-10 06:00:00,-8.28,0.0,64,1701
2025-01-10 07:00:00,-12.06,3.87,43,1245
2025-01-10 08:00:00,-8.54,0.0,51,2018
2025-01-10 09:00:00,-8.12,0.0,96,1963
2025-01-10 10:00:00,-1.26,0.0,23,1652
2025-01-10 11:00:00,-3.18,0.0,55,1242
2025-01-10 12:00:00,-11.37,0.0,27,924
2025-01-10 13:00:00,-9.67,0.0,72,1046
2025-01-10 14:00:00,-13.2,0.0,37,1351
2025-01-10 15:00:00,-10.58,0.46,56,1634
2025-01-10 16:00:00,-7.86,0.3,22,2009
2025-01-10 17:00:00,-5.19,0.0,87,1922
2025-01-10 18:00:00,-11.0,0.0,57,1700
2025-01-10 19:00:00,-10.77,0.0,59,1791
2025-01-10 20:00:00,-15.25,1.75,76,1163
2025-01-10 21:00:00,-9.3,2.67,24,864
2025-01-10 22:00:00,-12.0,0.0,40,919
2025-01-10 23:00:00,-10.4,0.0,59,623
2025-01-11 00:00:00,-11.33,0.0,12,112
2025-01-11 01:00:00,-8.98,0.01,14,449
2025-01-11 02:00:00,-13.97,0.0,35,111
2025-01-11 03:00:00,-13.1,0.0,27,461
2025-01-11 04:00:00,-2.31,0.0,47,824
2025-01-11 05:00:00,-12.56,0.0,69,532
2025-01-11 06:00:00,-11.99,0.0,74,796
2025-01-11 07:00:00,-3.19,0.76,100,976
2025-01-11 08:00:00,0.02,2.3,55,1185
2025-01-11 09:00:00,-12.21,0.0,60,1149
2025-01-11 10:00:00,-9.8,0.0,55,803
2025-01-11 11:00:00,-7.67,0.0,64,829
2025-01-11 12:00:00,-3.51,0.0,66,965
2025-01-11 13:00:00,-11.66,0.0,79,736
2025-01-11 14:00:00,-9.43,0.02,79,777
2025-01-11 15:00:00,-6.36,0.0,69,1063
2025-01-11 16:00:00,-7.39,0.0,93,1124
2025-01-11 17:00:00,-9.82,0.0,56,1229
2025-01-11 18:00:00,-9.1,0.0,40,1410
2025-01-11 19:00:00,-12.82,2.91,44,822
2025-01-11 20:00:00,-9.41,0.0,53,682
2025-01-11 21:00:00,-9.49,0.0,29,753
2025-01-11 22:00:00,-8.0,0.22,40,699
2025-01-11 23:00:00,-10.36,0.0,27,439
2025-01-12 00:00:00,-7.16,0.0,65,380
2025-01-12 01:00:00,-5.54,0.0,65,532
2025-01-12 02:00:00,-8.11,0.0,12,612
2025-01-12 03:00:00,-7.52,0.02,40,552
2025-01-12 04:00:00,-8.42,0.13,100,464
2025-01-12 05:00:00,-8.58,0.0,72,726
2025-01-12 06:00:00,-10.74,0.0,68,868
2025-01-12 07:00:00,-7.63,0.79,40,1012
2025-01-12 08:00:00,-8.87,0.0,63,1086
2025-01-12 09:00:00,-2.3,0.06,56,1386
2025-01-12 10:00:00,-3.86,0.29,36,1052
2025-01-12 11:00:00,-7.42,0.0,44,809
2025-01-12 12:00:00,-10.87,0.16,44,384
2025-01-12 13:00:00,-11.91,0.0,19,699
2025-01-12 14:00:00,-5.0,0.0,23,983
2025-01-12 15:00:00,-7.79,0.89,51,1166
2025-01-12 16:00:00,-7.14,1.14,35,1299
2025-01-12 17:00:00,-13.81,0.0,49,1156
2025-01-12 18:00:00,-5.8,0.0,16,1445
2025-01-12 19:00:00,-7.21,0.0,76,947
2025-01-12 20:00:00,-11.91,0.01,100,347
2025-01-12 21:00:00,-9.99,0.0,82,829
2025-01-12 22:00:00,-7.79,0.0,84,432
2025-01-12 23:00:00,-8.42,0.0,72,573
2025-01-13 00:00:00,-9.33,0.0,63,591
2025-01-13 01:00:00,-8.76,0.0,59,591
2025-01-13 02:00:00,-9.21,2.58,34,373
2025-01-13 03:00:00,-8.0,0.0,74,777
2025-01-13 04:00:00,-4.04,2.56,72,645
2025-01-13 05:00:00,-16.15,0.0,45,1125
2025-01-13 06:00:00,-9.16,0.0,70,1422
2025-01-13 07:00:00,-7.92,0.0,39,1950
2025-01-13 08:00:00,-7.57,0.0,41,1987
2025-01-13 09:00:00,-9.57,0.0,76,2051
2025-01-13 10:00:00,-13.72,2.77,67,912
2025-01-13 11:00:00,-7.47,0.62,51,985
2025-01-13 12:00:00,-3.27,0.0,48,928
2025-01-13 13:00:00,-13.06,0.65,61,1264
2025-01-13 14:00:00,-5.86,0.0,11,1605
2025-01-13 15:00:00,-9.44,0.03,38,1590
2025-01-13 16:00:00,-8.64,0.0,25,2132
2025-01-13 17:00:00,-11.61,0.0,57,2084
2025-01-13 18:00:00,-9.46,0.32,84,1887
2025-01-13 19:00:00,-4.55,1.23,69,1675
2025-01-13 20:00:00,-6.71,0.0,44,1427
2025-01-13 21:00:00,-3.26,0.0,39,1222
2025-01-13 22:00:00,-4.92,1.1,38,634
2025-01-13 23:00:00,-7.14,0.0,100,921
2025-01-14 00:00:00,-3.09,1.16,59,584
2025-01-14 01:00:00,-7.01,2.26,62,280
2025-01-14 02:00:00,-5.84,0.0,4,798
2025-01-14 03:00:00,-9.22,0.0,28,751
2025-01-14 04:00:00,-8.13,0.0,56,787
2025-01-14 05:00:00,-10.42,3.42,45,841
2025-01-14 06:00:00,-5.36,0.0,60,1704
2025-01-14 07:00:00,-11.86,2.18,60,1307
2025-01-14 08:00:00,-5.98,0.0,72,1994
2025-01-14 09:00:00,-8.9,0.0,10,1925
2025-01-14 10:00:00,-4.81,0.0,30,1613
2025-01-14 11:00:00,-6.07,0.0,55,1427
2025-01-14 12:00:00,-2.86,1.16,41,754
2025-01-14 13:00:00,-6.13,0.0,49,1353
2025-01-14 14:00:00,-13.04,0.0,60,1271
2025-01-14 15:00:00,-8.53,0.37,39,1901
2025-01-14 16:00:00,-11.84,0.0,62,1851
2025-01-14 17:00:00,-9.88,0.0,71,1950
2025-01-14 18:00:00,-3.79,0.0,59,2019
2025-01-14 19:00:00,-6.41,0.0,75,1865
2025-01-14 20:00:00,-10.42,0.0,3,1467
2025-01-14 21:00:00,-11.37,0.46,43,1044
2025-01-14 22:00:00,-8.23,0.65,79,861
2025-01-14 23:00:00,-11.98,0.8,36,555
2025-01-15 00:00:00,-10.21,1.19,33,637
2025-01-15 01:00:00,-7.26,0.0,55,647
2025-01-15 02:00:00,-4.73,0.34,57,944
2025-01-15 03:00:00,-6.37,0.0,44,884
2025-01-15 04:00:00,-15.07,0.0,100,804
2025-01-15 05:00:00,-7.28,0.0,65,864
2025-01-15 06:00:00,-7.98,0.0,35,1678
2025-01-15 07:00:00,-6.95,0.0,22,1969
2025-01-15 08:00:00,-3.34,0.0,68,1913
2025-01-15 09:00:00,-14.38,0.0,34,1870
2025-01-15 10:00:00,-9.97,0.0,100,1207
2025-01-15 11:00:00,-6.42,0.0,68,1241
2025-01-15 12:00:00,-12.94,0.74,72,908
2025-01-15 13:00:00,-3.77,0.1,64,879
2025-01-15 14:00:00,-7.09,0.99,86,1206
2025-01-15 15:00:00,-5.65,3.02,0,1460
2025-01-15 16:00:00,-9.91,0.0,28,1714
2025-01-15 17:00:00,-5.75,0.43,84,2123
2025-01-15 18:00:00,-4.99,0.0,95,2019
2025-01-15 19:00:00,-7.49,0.37,27,2003
2025-01-15 20:00:00,-7.49,0.0,12,1540
2025-01-15 21:00:00,-7.38,0.0,62,968
2025-01-15 22:00:00,-10.78,0.2,70,880
2025-01-15 23:00:00,-8.64,0.0,61,953
2025-01-16 00:00:00,-8.51,0.31,57,607
2025-01-16 01:00:00,-6.91,0.58,12,875
2025-01-16 02:00:00,-5.06,0.0,49,462
2025-01-16 03:00:00,-11.23,0.2,53,919
2025-01-16 04:00:00,-8.43,0.0,44,1029
2025-01-16 05:00:00,-3.61,0.08,10,947
2025-01-16 06:00:00,-10.29,0.0,73,1523
2025-01-16 07:00:00,-10.52,0.0,80,1546
2025-01-16 08:00:00,-7.45,0.0,38,2026
2025-01-16 09:00:00,-5.52,0.0,54,2047
2025-01-16 10:00:00,-8.02,0.0,46,1538
2025-01-16 11:00:00,-4.07,0.0,46,1411
2025-01-16 12:00:00,-5.49,0.0,70,918
2025-01-16 13:00:00,-5.53,0.0,71,1095
2025-01-16 14:00:00,-6.39,0.18,85,1474
2025-01-16 15:00:00,-1.07,0.0,85,1698
2025-01-16 16:00:00,-8.67,0.18,54,1933
2025-01-16 17:00:00,-14.07,0.0,100,1904
2025-01-16 18:00:00,-3.24,0.0,97,1944
2025-01-16 19:00:00,-9.43,0.0,42,1868
2025-01-16 20:00:00,-7.73,0.0,61,1275
2025-01-16 21:00:00,-4.13,0.85,9,1028
2025-01-16 22:00:00,-12.86,0.0,59,673
2025-01-16 23:00:00,-11.81,1.83,100,129
2025-01-17 00:00:00,-12.72,0.0,100,767
2025-01-17 01:00:00,-10.3,0.68,56,480
2025-01-17 02:00:00,-6.59,0.26,67,667
2025-01-17 03:00:00,-6.34,0.0,74,985
2025-01-17 04:00:00,-7.08,1.1,100,674
2025-01-17 05:00:00,-12.15,0.0,34,1210
2025-01-17 06:00:00,-14.84,0.0,100,1147
2025-01-17 07:00:00,-7.75,0.0,51,2119
2025-01-17 08:00:00,-9.33,0.97,29,1968
2025-01-17 09:00:00,-6.54,0.0,51,1799
2025-01-17 10:00:00,-5.81,0.0,38,1462
2025-01-17 11:00:00,-7.5,0.0,69,1374
2025-01-17 12:00:00,-5.63,0.08,17,922
2025-01-17 13:00:00,-7.23,0.0,62,953
2025-01-17 14:00:00,-6.32,0.0,75,1301
2025-01-17 15:00:00,-10.03,0.0,96,1595
2025-01-17 16:00:00,-8.45,0.0,76,1939
2025-01-17 17:00:00,-7.32,0.0,94,2064
2025-01-17 18:00:00,-5.45,0.0,44,2060
2025-01-17 19:00:00,-9.09,0.0,69,1747
2025-01-17 20:00:00,-6.35,0.07,3,1459
2025-01-17 21:00:00,-8.71,0.0,56,1373
2025-01-17 22:00:00,-8.27,0.92,68,694
2025-01-17 23:00:00,-5.42,0.0,71,993
2025-01-18 00:00:00,-13.75,0.0,20,317
2025-01-18 01:00:00,-11.66,0.04,49,170
2025-01-18 02:00:00,-12.21,0.0,53,134
2025-01-18 03:00:00,-14.77,0.43,48,359
2025-01-18 04:00:00,-9.8,0.0,77,631
2025-01-18 05:00:00,-5.52,0.0,54,593
2025-01-18 06:00:00,-8.62,0.0,62,827
2025-01-18 07:00:00,-7.17,0.0,47,1309
2025-01-18 08:00:00,-4.5,0.07,86,1317
2025-01-18 09:00:00,-3.78,0.19,88,1119
2025-01-18 10:00:00,-7.97,0.0,51,801
2025-01-18 11:00:00,-3.71,0.27,100,699
2025-01-18 12:00:00,-7.49,0.0,40,669
2025-01-18 13:00:00,-10.28,0.0,84,647
2025-01-18 14:00:00,-9.55,0.0,35,883
2025-01-18 15:00:00,-12.21,0.0,78,825
2025-01-18 16:00:00,-10.43,1.54,77,1043
2025-01-18 17:00:00,-8.84,0.0,34,1397
2025-01-18 18:00:00,-5.36,0.0,56,1117
2025-01-18 19:00:00,-2.6,0.0,100,1031
2025-01-18 20:00:00,-11.91,0.0,39,888
2025-01-18 21:00:00,-6.59,0.0,69,653
2025-01-18 22:00:00,-10.89,0.0,68,197
2025-01-18 23:00:00,-6.34,0.1,58,385
2025-01-19 00:00:00,-8.01,0.68,16,313
2025-01-19 01:00:00,-13.11,0.0,80,369
2025-01-19 02:00:00,-4.83,0.0,60,828
2025-01-19 03:00:00,-9.43,1.39,87,223
2025-01-19 04:00:00,-9.22,0.0,65,333
2025-01-19 05:00:00,-10.82,0.52,61,574
2025-01-19 06:00:00,-9.58,1.73,69,715
2025-01-19 07:00:00,-6.33,0.63,35,1322
2025-01-19 08:00:00,-8.18,0.84,99,1317
2025-01-19 09:00:00,-6.63,0.0,50,1451
2025-01-19 10:00:00,-6.53,0.0,51,1079
2025-01-19 11:00:00,-3.65,0.15,92,687
2025-01-19 12:00:00,-8.64,0.41,66,667
2025-01-19 13:00:00,-12.04,0.0,54,564
2025-01-19 14:00:00,-4.41,0.0,70,894
2025-01-19 15:00:00,-8.61,0.0,75,999
2025-01-19 16:00:00,-4.27,0.0,57,1018
2025-01-19 17:00:00,-6.46,0.0,83,1480
2025-01-19 18:00:00,-8.01,0.0,28,1412
2025-01-19 19:00:00,-6.57,0.31,66,712
2025-01-19 20:00:00,-1.76,0.03,80,1044
2025-01-19 21:00:00,-1.38,0.26,75,657
2025-01-19 22:00:00,-7.41,0.0,4,790
2025-01-19 23:00:00,-7.13,0.0,56,488
2025-01-20 00:00:00,-4.23,0.94,30,524
2025-01-20 01:00:00,-9.99,0.0,92,622
2025-01-20 02:00:00,-6.46,0.0,50,642
2025-01-20 03:00:00,-7.54,0.0,89,546
2025-01-20 04:00:00,-6.52,0.0,30,1097
2025-01-20 05:00:00,-9.96,0.0,70,1154
2025-01-20 06:00:00,-12.23,0.0,60,1674
2025-01-20 07:00:00,-13.68,0.3,100,1645
2025-01-20 08:00:00,-10.81,0.0,90,1824
2025-01-20 09:00:00,-8.83,0.0,88,1922
2025-01-20 10:00:00,-8.34,0.0,100,1327
2025-01-20 11:00:00,-1.65,0.32,67,1147
2025-01-20 12:00:00,-4.14,0.0,58,1029
2025-01-20 13:00:00,-10.34,0.0,55,1042
2025-01-20 14:00:00,-6.41,0.32,68,1267
2025-01-20 15:00:00,-8.68,0.0,0,1604
2025-01-20 16:00:00,-8.31,0.0,60,2082
2025-01-20 17:00:00,-6.9,0.0,66,2013
2025-01-20 18:00:00,-5.6,0.05,56,2080
2025-01-20 19:00:00,-8.48,0.44,22,1774
2025-01-20 20:00:00,-4.27,0.0,56,1583
2025-01-20 21:00:00,-10.88,0.0,22,1086
2025-01-20 22:00:00,-7.44,0.0,100,772
2025-01-20 23:00:00,0.34,0.08,54,759
2025-01-21 00:00:00,-6.63,0.0,9,757
2025-01-21 01:00:00,-3.0,0.0,55,845
2025-01-21 02:00:00,-7.02,0.24,83,550
2025-01-21 03:00:00,-5.55,0.0,65,840
2025-01-21 04:00:00,-7.47,0.0,38,1151
2025-01-21 05:00:00,-7.81,0.0,44,1122
2025-01-21 06:00:00,-9.64,3.76,53,882
2025-01-21 07:00:00,-6.01,0.0,50,1894
2025-01-21 08:00:00,-9.85,0.0,29,1895
2025-01-21 09:00:00,-5.3,2.11,59,1878
2025-01-21 10:00:00,-4.04,3.16,27,1287
2025-01-21 11:00:00,-6.2,0.0,84,1025
2025-01-21 12:00:00,-8.16,1.79,87,542
2025-01-21 13:00:00,-5.93,0.72,36,914
2025-01-21 14:00:00,-8.22,0.41,43,1490
2025-01-21 15:00:00,-4.49,0.0,50,2020
2025-01-21 16:00:00,-12.79,0.28,60,1643
2025-01-21 17:00:00,-8.3,0.0,67,2187
2025-01-21 18:00:00,-13.27,3.04,72,1454
2025-01-21 19:00:00,-11.78,0.78,72,1695
2025-01-21 20:00:00,-3.21,0.92,99,993
2025-01-21 21:00:00,-4.61,0.0,62,1163
2025-01-21 22:00:00,-9.46,0.0,28,878
2025-01-21 23:00:00,-11.8,0.0,20,900
2025-01-22 00:00:00,-16.02,0.08,100,509
2025-01-22 01:00:00,-8.76,0.0,74,677
2025-01-22 02:00:00,0.13,0.54,66,754
2025-01-22 03:00:00,-5.83,0.76,72,905
2025-01-22 04:00:00,-8.81,0.0,65,846
2025-01-22 05:00:00,-5.74,2.69,72,957
2025-01-22 06:00:00,-11.81,0.0,52,1576
2025-01-22 07:00:00,-8.02,0.0,87,1971
2025-01-22 08:00:00,-6.83,0.0,48,1960
2025-01-22 09:00:00,-7.39,0.0,39,2053
2025-01-22 10:00:00,-4.76,0.0,19,1707
2025-01-22 11:00:00,-6.1,0.0,55,1020
2025-01-22 12:00:00,-5.13,0.0,93,841
2025-01-22 13:00:00,-9.2,0.0,50,1409
2025-01-22 14:00:00,-4.44,1.05,27,1306
2025-01-22 15:00:00,-2.24,0.0,68,1709
2025-01-22 16:00:00,-10.04,0.15,45,2001
2025-01-22 17:00:00,-9.79,0.0,100,1878
2025-01-22 18:00:00,-3.12,0.89,88,1886
2025-01-22 19:00:00,-7.71,0.0,29,1693
2025-01-22 20:00:00,-2.92,0.0,57,1506
2025-01-22 21:00:00,-8.46,0.13,42,1089
2025-01-22 22:00:00,-2.77,0.0,32,1300
2025-01-22 23:00:00,-6.74,0.0,60,812
2025-01-23 00:00:00,-6.19,0.66,82,584
2025-01-23 01:00:00,-2.27,0.41,60,895
2025-01-23 02:00:00,-8.05,0.0,49,552
2025-01-23 03:00:00,-9.78,0.0,6,1087
2025-01-23 04:00:00,-8.31,2.9,45,432
2025-01-23 05:00:00,-5.6,0.9,75,1212
2025-01-23 06:00:00,-11.66,0.0,28,1742
2025-01-23 07:00:00,-5.05,0.0,94,1805
2025-01-23 08:00:00,-8.58,0.17,47,1997
2025-01-23 09:00:00,-3.52,0.35,66,1898
2025-01-23 10:00:00,-14.14,0.08,52,1530
2025-01-23 11:00:00,-9.32,0.0,32,1044
2025-01-23 12:00:00,-12.02,0.0,73,792
2025-01-23 13:00:00,-9.44,0.0,47,1047
2025-01-23 14:00:00,-6.22,0.0,41,1271
2025-01-23 15:00:00,-7.5,0.0,2,1667
2025-01-23 16:00:00,-7.72,0.0,94,1910
2025-01-23 17:00:00,-7.44,0.16,62,2062
2025-01-23 18:00:00,-6.35,0.77,89,1723
2025-01-23 19:00:00,-9.99,0.53,77,1573
2025-01-23 20:00:00,-4.84,0.0,89,1265
2025-01-23 21:00:00,-4.97,0.0,47,1339
2025-01-23 22:00:00,-5.81,0.0,27,977
2025-01-23 23:00:00,-5.29,0.0,81,939
2025-01-24 00:00:00,-5.9,0.0,65,494
2025-01-24 01:00:00,-0.68,0.0,50,887
2025-01-24 02:00:00,-7.05,0.22,81,756
2025-01-24 03:00:00,-7.71,0.29,70,700
2025-01-24 04:00:00,-9.05,0.25,78,736
2025-01-24 05:00:00,-9.88,0.32,36,1107
2025-01-24 06:00:00,-10.52,0.0,86,1542
2025-01-24 07:00:00,-9.45,0.0,62,1706
2025-01-24 08:00:00,-7.0,0.5,89,2055
2025-01-24 09:00:00,-5.78,0.86,86,1824
2025-01-24 10:00:00,-6.63,0.0,79,1474
2025-01-24 11:00:00,-9.08,0.0,59,1103
2025-01-24 12:00:00,-4.09,0.0,80,921
2025-01-24 13:00:00,-4.57,0.0,90,1309
2025-01-24 14:00:00,-7.27,0.0,77,1392
2025-01-24 15:00:00,-8.75,0.65,67,1455
2025-01-24 16:00:00,-5.14,1.84,80,1678
2025-01-24 17:00:00,-6.22,0.19,49,1926
2025-01-24 18:00:00,-11.13,1.52,100,1383
2025-01-24 19:00:00,-6.99,0.0,20,1623
2025-01-24 20:00:00,-6.0,0.98,63,1290
2025-01-24 21:00:00,-9.49,0.0,52,1258
2025-01-24 22:00:00,-6.22,0.0,46,1087
2025-01-24 23:00:00,-11.15,0.0,70,557
2025-01-25 00:00:00,-2.6,0.65,34,348
2025-01-25 01:00:00,-2.86,0.21,100,249
2025-01-25 02:00:00,-7.37,0.0,29,127
2025-01-25 03:00:00,-5.52,0.0,39,503
2025-01-25 04:00:00,-13.84,0.41,36,553
2025-01-25 05:00:00,-10.08,0.0,67,623
2025-01-25 06:00:00,-7.49,1.05,88,612
2025-01-25 07:00:00,-9.82,0.0,76,1039
2025-01-25 08:00:00,-4.46,1.56,99,1065
2025-01-25 09:00:00,-0.62,0.0,42,1471
2025-01-25 10:00:00,-10.14,0.46,79,812
2025-01-25 11:00:00,-9.12,0.1,55,774
2025-01-25 12:00:00,-5.9,0.0,68,534
2025-01-25 13:00:00,-1.77,5.27,90,95
2025-01-25 14:00:00,-10.27,0.0,20,767
2025-01-25 15:00:00,-5.86,0.0,100,929
2025-01-25 16:00:00,-1.14,0.0,59,1183
2025-01-25 17:00:00,-11.56,0.0,22,1430
2025-01-25 18:00:00,-10.45,0.0,45,1206
2025-01-25 19:00:00,-7.88,1.08,65,430
2025-01-25 20:00:00,-8.17,0.0,45,947
2025-01-25 21:00:00,-4.17,0.0,11,952
2025-01-25 22:00:00,-5.88,0.0,65,438
2025-01-25 23:00:00,-11.93,0.0,44,497
2025-01-26 00:00:00,-4.88,0.0,79,385
2025-01-26 01:00:00,-8.16,0.0,36,157
2025-01-26 02:00:00,-2.6,1.52,100,508
2025-01-26 03:00:00,-8.31,1.05,76,255
2025-01-26 04:00:00,-8.33,0.0,68,538
2025-01-26 05:00:00,-4.8,2.26,79,357
2025-01-26 06:00:00,-4.14,2.22,17,798
2025-01-26 07:00:00,-5.08,0.29,51,1267
2025-01-26 08:00:00,-11.48,2.85,100,704
2025-01-26 09:00:00,-4.81,0.99,55,1392
2025-01-26 10:00:00,-9.53,0.0,61,1054
2025-01-26 11:00:00,-5.72,0.92,51,718
2025-01-26 12:00:00,-10.7,0.0,100,391
2025-01-26 13:00:00,-5.09,0.4,57,557
2025-01-26 14:00:00,-8.84,0.15,32,1023
2025-01-26 15:00:00,-10.27,0.08,100,1035
2025-01-26 16:00:00,-4.28,0.26,29,1285
2025-01-26 17:00:00,-5.7,0.0,61,1206
2025-01-26 18:00:00,-8.27,0.15,42,1047
2025-01-26 19:00:00,-2.07,0.0,45,1195
2025-01-26 20:00:00,-7.75,0.0,36,869
2025-01-26 21:00:00,-6.33,0.0,49,873
2025-01-26 22:00:00,-5.62,0.0,88,650
2025-01-26 23:00:00,-8.28,0.57,15,479
2025-01-27 00:00:00,-4.82,0.0,95,677
2025-01-27 01:00:00,-7.84,0.0,91,493
2025-01-27 02:00:00,-7.47,0.0,76,849
2025-01-27 03:00:00,-2.15,0.83,67,736
2025-01-27 04:00:00,-9.36,0.0,70,936
2025-01-27 05:00:00,-13.48,0.0,99,1153
2025-01-27 06:00:00,-1.4,0.0,20,1629
2025-01-27 07:00:00,1.41,2.31,82,1606
2025-01-27 08:00:00,-7.45,0.0,45,2444
2025-01-27 09:00:00,-12.05,0.0,84,1876
2025-01-27 10:00:00,-7.17,0.75,48,1436
2025-01-27 11:00:00,-7.1,0.0,81,1293
2025-01-27 12:00:00,-6.81,0.0,25,938
2025-01-27 13:00:00,-9.58,0.0,21,1185
2025-01-27 14:00:00,-4.5,0.12,61,1324
2025-01-27 15:00:00,-4.66,0.0,99,1659
2025-01-27 16:00:00,-10.72,0.0,77,1843
2025-01-27 17:00:00,-4.14,3.42,77,1569
2025-01-27 18:00:00,-0.08,0.0,85,2059
2025-01-27 19:00:00,-5.72,0.32,54,1609
2025-01-27 20:00:00,-7.25,0.0,79,1422
2025-01-27 21:00:00,-6.66,0.0,49,1085
2025-01-27 22:00:00,-4.39,0.0,56,715
2025-01-27 23:00:00,-11.43,0.62,59,749
2025-01-28 00:00:00,-5.55,0.0,50,856
2025-01-28 01:00:00,-7.22,0.0,62,1036
2025-01-28 02:00:00,-0.5,1.89,58,618
2025-01-28 03:00:00,-6.57,0.0,46,844
2025-01-28 04:00:00,-1.04,0.0,60,1063
2025-01-28 05:00:00,-9.36,0.0,68,1255
2025-01-28 06:00:00,-4.28,0.0,36,1766
2025-01-28 07:00:00,-5.09,0.0,74,1961
2025-01-28 08:00:00,-8.65,0.0,52,2062
2025-01-28 09:00:00,-5.51,1.61,69,1846
2025-01-28 10:00:00,-2.41,0.0,47,1628
2025-01-28 11:00:00,-7.02,0.59,90,851
2025-01-28 12:00:00,-11.12,0.0,88,580
2025-01-28 13:00:00,-6.1,0.0,38,1117
2025-01-28 14:00:00,-8.75,0.0,77,1339
2025-01-28 15:00:00,-7.07,0.0,100,1970
2025-01-28 16:00:00,-6.29,0.0,40,2005
2025-01-28 17:00:00,-11.16,0.52,42,1992
2025-01-28 18:00:00,-10.89,0.0,82,1812
2025-01-28 19:00:00,-4.6,0.0,31,1885
2025-01-28 20:00:00,-7.61,0.69,44,1361
2025-01-28 21:00:00,-13.74,0.0,39,953
2025-01-28 22:00:00,-3.69,0.0,83,771
2025-01-28 23:00:00,-5.23,1.69,47,595
2025-01-29 00:00:00,-7.99,0.0,57,598
2025-01-29 01:00:00,-9.8,0.08,46,672
2025-01-29 02:00:00,-3.34,0.0,93,749
2025-01-29 03:00:00,-4.8,0.0,43,781
2025-01-29 04:00:00,1.3,0.57,29,1230
2025-01-29 05:00:00,-4.59,0.0,28,1425
2025-01-29 06:00:00,-4.69,0.0,82,1503
2025-01-29 07:00:00,-6.35,0.0,84,1744
2025-01-29 08:00:00,-3.4,0.0,96,2054
2025-01-29 09:00:00,-3.97,2.0,33,1757
2025-01-29 10:00:00,-2.09,0.0,59,1611
2025-01-29 11:00:00,-7.41,0.0,100,1021
2025-01-29 12:00:00,-7.16,1.78,57,551
2025-01-29 13:00:00,-7.29,0.0,50,1120
2025-01-29 14:00:00,-3.48,1.62,64,1183
2025-01-29 15:00:00,-1.35,3.25,78,1328
2025-01-29 16:00:00,-7.23,0.0,77,1947
2025-01-29 17:00:00,-7.12,0.2,49,2061
2025-01-29 18:00:00,-4.91,0.0,50,2033
2025-01-29 19:00:00,-6.59,0.0,57,1662
2025-01-29 20:00:00,-2.99,0.18,46,1498
2025-01-29 21:00:00,-12.6,0.0,33,969
2025-01-29 22:00:00,-8.33,2.13,100,400
2025-01-29 23:00:00,-8.2,0.0,54,670
2025-01-30 00:00:00,-12.61,0.0,56,554
2025-01-30 01:00:00,-8.54,0.0,57,531
2025-01-30 02:00:00,-8.39,0.0,63,476
2025-01-30 03:00:00,-6.25,2.11,76,581
2025-01-30 04:00:00,-2.31,0.53,53,1106
2025-01-30 05:00:00,-6.38,0.74,93,1095
2025-01-30 06:00:00,-8.74,0.0,80,1411
2025-01-30 07:00:00,-5.82,0.0,60,1694
2025-01-30 08:00:00,-2.5,0.0,48,2193
2025-01-30 09:00:00,-8.58,0.0,92,1604
2025-01-30 10:00:00,-8.38,0.0,61,1509
2025-01-30 11:00:00,-3.97,0.84,34,1049
2025-01-30 12:00:00,-6.31,0.56,90,471
2025-01-30 13:00:00,-3.71,0.57,47,1315
2025-01-30 14:00:00,-5.69,0.0,87,1173
2025-01-30 15:00:00,-3.54,0.0,2,1823
2025-01-30 16:00:00,-8.75,0.0,56,1936
2025-01-30 17:00:00,-5.69,0.0,94,1961
2025-01-30 18:00:00,-6.28,0.0,65,2037
2025-01-30 19:00:00,-9.3,0.0,80,1528
2025-01-30 20:00:00,-10.34,0.73,42,1333
2025-01-30 21:00:00,-3.59,0.0,74,1169
2025-01-30 22:00:00,-6.7,0.0,65,709
2025-01-30 23:00:00,-8.72,0.35,71,745
2025-01-31 00:00:00,-5.73,1.35,100,355
2025-01-31 01:00:00,-2.06,0.0,98,563
2025-01-31 02:00:00,-12.29,0.0,85,651
2025-01-31 03:00:00,-9.94,2.75,85,303
2025-01-31 04:00:00,-8.21,0.0,43,977
2025-01-31 05:00:00,-1.06,1.41,53,1150
2025-01-31 06:00:00,-4.6,0.0,27,1446
2025-01-31 07:00:00,-3.14,0.0,34,2131
2025-01-31 08:00:00,-8.87,3.13,43,1745
2025-01-31 09:00:00,-8.8,0.0,65,1798
2025-01-31 10:00:00,-4.1,1.8,35,1403
2025-01-31 11:00:00,-5.27,0.0,64,1288
2025-01-31 12:00:00,-3.8,1.15,61,771
2025-01-31 13:00:00,-6.01,0.0,37,1458
2025-01-31 14:00:00,-4.61,5.72,100,860
2025-01-31 15:00:00,-4.97,0.01,32,1807
2025-01-31 16:00:00,-3.11,3.6,93,1500
2025-01-31 17:00:00,-3.02,0.0,9,2211
2025-01-31 18:00:00,-10.31,0.21,62,1808
2025-01-31 19:00:00,-12.19,0.63,35,1619
2025-01-31 20:00:00,-2.44,0.01,49,1568
2025-01-31 21:00:00,-1.88,0.0,100,908
2025-01-31 22:00:00,-8.51,0.0,57,982
2025-01-31 23:00:00,-11.03,0.32,38,877
2025-02-01 00:00:00,-4.94,0.83,78,430
2025-02-01 01:00:00,-2.44,0.0,57,512
2025-02-01 02:00:00,0.16,0.21,69,601
2025-02-01 03:00:00,-3.69,0.0,43,762
2025-02-01 04:00:00,-6.35,0.0,44,617
2025-02-01 05:00:00,-7.92,6.26,46,50
2025-02-01 06:00:00,-5.2,0.0,86,1312
2025-02-01 07:00:00,-6.14,0.0,60,1360
2025-02-01 08:00:00,-8.28,0.0,39,1298
2025-02-01 09:00:00,0.91,0.0,70,1525
2025-02-01 10:00:00,0.12,2.74,68,857
2025-02-01 11:00:00,-1.83,0.0,80,712
2025-02-01 12:00:00,-8.0,0.0,54,427
2025-02-01 13:00:00,-2.67,0.0,64,812
2025-02-01 14:00:00,-3.32,0.81,76,840
2025-02-01 15:00:00,-3.91,0.21,40,1039
2025-02-01 16:00:00,-1.49,0.91,88,1248
2025-02-01 17:00:00,-3.33,0.0,66,1439
2025-02-01 18:00:00,-3.02,0.0,38,1438
2025-02-01 19:00:00,-3.33,0.0,38,1321
2025-02-01 20:00:00,-4.22,0.0,63,711
2025-02-01 21:00:00,-10.59,0.0,52,528
2025-02-01 22:00:00,-4.99,1.07,85,368
2025-02-01 23:00:00,-6.91,0.0,59,697
2025-02-02 00:00:00,-8.87,0.11,74,716
2025-02-02 01:00:00,0.02,0.0,45,592
2025-02-02 02:00:00,0.16,0.0,66,567
2025-02-02 03:00:00,-0.95,0.14,99,150
2025-02-02 04:00:00,-4.26,0.0,62,747
2025-02-02 05:00:00,-0.97,0.0,52,935
2025-02-02 06:00:00,-4.99,0.0,45,1139
2025-02-02 07:00:00,-4.42,0.52,66,1095
2025-02-02 08:00:00,-8.31,0.0,100,1595
2025-02-02 09:00:00,-3.83,0.0,32,1620
2025-02-02 10:00:00,-4.84,0.0,65,1102
2025-02-02 11:00:00,-8.93,1.63,23,754
2025-02-02 12:00:00,-5.18,0.0,56,626
2025-02-02 13:00:00,-5.26,0.0,73,837
2025-02-02 14:00:00,0.37,0.0,27,917
2025-02-02 15:00:00,-2.34,0.0,55,915
2025-02-02 16:00:00,-4.99,0.65,73,1091
2025-02-02 17:00:00,-4.28,0.84,69,1225
2025-02-02 18:00:00,-4.89,0.0,75,1255
2025-02-02 19:00:00,-5.63,0.97,42,1156
2025-02-02 20:00:00,-8.27,0.0,73,841
2025-02-02 21:00:00,-5.48,0.0,51,758
2025-02-02 22:00:00,-7.26,0.0,84,366
2025-02-02 23:00:00,-8.78,0.0,8,406
2025-02-03 00:00:00,-3.28,0.0,59,836
2025-02-03 01:00:00,-3.64,1.69,69,530
2025-02-03 02:00:00,-10.17,0.17,100,641
2025-02-03 03:00:00,-5.18,0.88,69,816
2025-02-03 04:00:00,-1.82,0.0,71,1249
2025-02-03 05:00:00,-1.63,0.0,76,1278
2025-02-03 06:00:00,-1.73,0.69,98,1807
2025-02-03 07:00:00,-4.69,0.0,57,2121
2025-02-03 08:00:00,-7.34,0.0,31,2338
2025-02-03 09:00:00,-8.06,0.0,27,2222
2025-02-03 10:00:00,-3.78,0.0,83,1735
2025-02-03 11:00:00,-3.67,0.0,72,1146
2025-02-03 12:00:00,-0.95,0.0,60,1206
2025-02-03 13:00:00,-1.51,0.0,52,1213
2025-02-03 14:00:00,-5.21,1.29,71,1355
2025-02-03 15:00:00,-8.54,0.0,72,1774
2025-02-03 16:00:00,-5.77,0.0,79,2223
2025-02-03 17:00:00,-4.16,0.0,39,2330
2025-02-03 18:00:00,-5.42,0.0,22,1986
2025-02-03 19:00:00,-6.54,1.28,44,1981
2025-02-03 20:00:00,-4.05,0.0,33,1678
2025-02-03 21:00:00,-6.32,0.0,31,1157
2025-02-03 22:00:00,-6.69,0.0,100,730
2025-02-03 23:00:00,-3.88,0.0,10,1132
2025-02-04 00:00:00,-5.8,2.36,79,327
2025-02-04 01:00:00,-3.86,0.0,90,875
2025-02-04 02:00:00,-3.77,0.23,92,895
2025-02-04 03:00:00,-8.01,0.0,74,701
2025-02-04 04:00:00,-6.03,0.33,100,756
2025-02-04 05:00:00,-0.28,0.0,100,1188
2025-02-04 06:00:00,-8.08,0.0,59,1479
2025-02-04 07:00:00,-10.94,0.0,78,1960
2025-02-04 08:00:00,-10.18,0.05,99,2111
2025-02-04 09:00:00,-4.5,0.0,45,2192
2025-02-04 10:00:00,-4.5,0.0,61,1551
2025-02-04 11:00:00,-4.94,0.0,51,1398
2025-02-04 12:00:00,-0.95,0.16,79,860
2025-02-04 13:00:00,-12.61,0.0,20,1281
2025-02-04 14:00:00,-3.4,0.27,100,1196
2025-02-04 15:00:00,0.09,0.32,80,2049
2025-02-04 16:00:00,-7.97,0.01,82,1949
2025-02-04 17:00:00,-5.73,0.75,8,2307
2025-02-04 18:00:00,-6.85,1.77,41,2004
2025-02-04 19:00:00,-7.27,0.0,100,1540
2025-02-04 20:00:00,-5.57,0.0,63,1596
2025-02-04 21:00:00,-0.31,0.0,24,1262
2025-02-04 22:00:00,0.92,0.32,73,977
2025-02-04 23:00:00,-5.6,0.0,84,731
2025-02-05 00:00:00,1.35,0.17,81,1062
2025-02-05 01:00:00,-4.26,0.0,64,646
2025-02-05 02:00:00,0.89,0.5,96,836
2025-02-05 03:00:00,-4.65,0.0,50,803
2025-02-05 04:00:00,-3.97,0.0,81,1121
2025-02-05 05:00:00,-3.27,3.85,71,1130
2025-02-05 06:00:00,5.17,0.0,64,1718
2025-02-05 07:00:00,-1.81,0.0,58,2125
2025-02-05 08:00:00,-6.49,0.0,59,2146
2025-02-05 09:00:00,-1.46,0.59,68,2165
2025-02-05 10:00:00,-5.45,1.16,60,1481
2025-02-05 11:00:00,-5.84,1.21,86,1181
2025-02-05 12:00:00,-1.64,0.0,54,1001
2025-02-05 13:00:00,-4.27,1.1,100,1310
2025-02-05 14:00:00,-3.53,0.0,53,1222
2025-02-05 15:00:00,-4.32,0.0,90,1834
2025-02-05 16:00:00,-3.36,0.0,92,2071
2025-02-05 17:00:00,-3.09,3.25,72,1829
2025-02-05 18:00:00,-10.18,0.49,69,1996
2025-02-05 19:00:00,-2.37,0.0,49,1901
2025-02-05 20:00:00,-7.31,0.0,54,1499
2025-02-05 21:00:00,-8.69,0.0,73,1173
2025-02-05 22:00:00,-4.54,0.0,66,1233
2025-02-05 23:00:00,-4.12,0.0,97,434
2025-02-06 00:00:00,-6.22,0.0,56,1050
2025-02-06 01:00:00,-1.65,0.06,58,1212
2025-02-06 02:00:00,-8.17,0.0,26,593
2025-02-06 03:00:00,-5.36,0.0,84,818
2025-02-06 04:00:00,-5.89,0.06,82,1123
2025-02-06 05:00:00,-4.28,0.0,92,1338
2025-02-06 06:00:00,-3.3,0.0,94,1855
2025-02-06 07:00:00,-7.16,2.01,88,1777
2025-02-06 08:00:00,-1.97,0.0,89,1924
2025-02-06 09:00:00,-3.95,0.64,83,2128
2025-02-06 10:00:00,-9.82,0.0,87,1625
2025-02-06 11:00:00,-10.02,0.0,22,1469
2025-02-06 12:00:00,-4.18,0.0,40,831
2025-02-06 13:00:00,-4.8,2.0,36,837
2025-02-06 14:00:00,-4.45,2.21,100,1158
2025-02-06 15:00:00,-4.22,0.0,48,2054
2025-02-06 16:00:00,-3.46,3.14,52,1998
2025-02-06 17:00:00,-1.3,0.84,68,2057
2025-02-06 18:00:00,-7.47,0.0,37,2064
2025-02-06 19:00:00,-7.66,2.43,77,1868
2025-02-06 20:00:00,-7.42,3.68,15,1028
2025-02-06 21:00:00,-3.27,0.0,38,1360
2025-02-06 22:00:00,-0.41,0.0,73,974
2025-02-06 23:00:00,-5.43,0.0,37,988
2025-02-07 00:00:00,-11.41,2.59,100,194
2025-02-07 01:00:00,-9.02,0.0,69,609
2025-02-07 02:00:00,-6.41,1.49,97,493
2025-02-07 03:00:00,-5.58,0.0,77,745
2025-02-07 04:00:00,-5.13,0.0,68,934
2025-02-07 05:00:00,-3.79,0.0,43,1388
2025-02-07 06:00:00,-4.84,0.0,91,1866
2025-02-07 07:00:00,-0.76,0.0,79,1996
2025-02-07 08:00:00,-5.94,0.0,100,1988
2025-02-07 09:00:00,-6.5,1.62,89,1780
2025-02-07 10:00:00,-2.47,0.28,58,1551
2025-02-07 11:00:00,-8.52,0.0,75,950
2025-02-07 12:00:00,-2.74,0.91,79,1030
2025-02-07 13:00:00,-3.6,0.51,97,1094
2025-02-07 14:00:00,-4.35,1.82,100,1228
2025-02-07 15:00:00,0.86,0.0,64,1641
2025-02-07 16:00:00,-5.78,3.57,38,1633
2025-02-07 17:00:00,2.27,0.0,22,2207
2025-02-07 18:00:00,-4.59,0.04,40,2150
2025-02-07 19:00:00,-7.74,1.46,53,1647
2025-02-07 20:00:00,-3.7,1.12,100,1316
2025-02-07 21:00:00,-7.14,0.0,100,991
2025-02-07 22:00:00,-6.16,0.0,92,793
2025-02-07 23:00:00,-2.72,0.17,99,791
2025-02-08 00:00:00,-2.01,2.34,51,316
2025-02-08 01:00:00,-5.54,0.53,31,392
2025-02-08 02:00:00,-0.71,0.28,43,426
2025-02-08 03:00:00,-0.2,0.9,18,449
2025-02-08 04:00:00,0.63,2.39,41,358
2025-02-08 05:00:00,-2.09,0.0,56,785
2025-02-08 06:00:00,0.41,1.23,73,823
2025-02-08 07:00:00,-9.32,0.0,72,1183
2025-02-08 08:00:00,-4.63,0.0,51,1643
2025-02-08 09:00:00,-6.28,0.38,83,1182
2025-02-08 10:00:00,-3.32,0.0,52,936
2025-02-08 11:00:00,-5.39,1.49,69,277
2025-02-08 12:00:00,-4.17,0.0,41,921
2025-02-08 13:00:00,1.97,0.0,96,944
2025-02-08 14:00:00,-4.18,1.32,69,828
2025-02-08 15:00:00,-2.43,0.0,86,1333
2025-02-08 16:00:00,-4.37,0.0,38,1500
2025-02-08 17:00:00,-3.45,0.0,73,1434
2025-02-08 18:00:00,-3.66,0.0,83,1174
2025-02-08 19:00:00,-2.33,0.0,18,1575
2025-02-08 20:00:00,-0.18,1.66,98,689
2025-02-08 21:00:00,1.27,0.0,37,837
2025-02-08 22:00:00,-2.75,1.32,74,467
2025-02-08 23:00:00,-1.91,0.0,100,511
2025-02-09 00:00:00,-6.89,0.0,93,470
2025-02-09 01:00:00,-3.7,0.07,32,617
2025-02-09 02:00:00,-0.62,0.0,65,470
2025-02-09 03:00:00,-0.84,0.0,100,512
2025-02-09 04:00:00,-2.8,1.27,49,593
2025-02-09 05:00:00,-0.78,0.0,60,767
2025-02-09 06:00:00,-1.97,0.14,59,1300
2025-02-09 07:00:00,0.16,0.0,83,1362
2025-02-09 08:00:00,-2.57,0.0,31,1766
2025-02-09 09:00:00,-4.5,0.0,85,1097
2025-02-09 10:00:00,-2.43,1.18,53,1069
2025-02-09 11:00:00,-12.23,0.1,69,533
2025-02-09 12:00:00,-2.29,1.27,63,406
2025-02-09 13:00:00,-14.38,0.71,84,604
2025-02-09 14:00:00,-8.61,0.0,69,849
2025-02-09 15:00:00,-2.08,0.0,100,1511
2025-02-09 16:00:00,-2.01,0.0,94,1423
2025-02-09 17:00:00,-6.93,0.06,49,1336
2025-02-09 18:00:00,-5.57,0.0,100,1357
2025-02-09 19:00:00,0.67,0.0,77,1201
2025-02-09 20:00:00,-4.89,1.69,73,841
2025-02-09 21:00:00,3.29,0.14,90,757
2025-02-09 22:00:00,-3.44,2.93,43,376
2025-02-09 23:00:00,-2.21,0.0,35,658
2025-02-10 00:00:00,1.65,0.0,70,894
2025-02-10 01:00:00,-2.8,0.0,54,996
2025-02-10 02:00:00,-6.2,0.0,100,468
2025-02-10 03:00:00,-3.53,0.6,50,848
2025-02-10 04:00:00,-3.3,1.21,70,755
2025-02-10 05:00:00,-7.29,0.0,74,1011
2025-02-10 06:00:00,-3.96,0.0,100,1480
2025-02-10 07:00:00,-5.42,0.29,45,1956
2025-02-10 08:00:00,-0.42,0.0,29,2317
2025-02-10 09:00:00,-3.09,0.0,100,2049
2025-02-10 10:00:00,-4.05,0.0,71,1730
2025-02-10 11:00:00,-3.52,0.0,90,1168
2025-02-10 12:00:00,-2.53,0.0,91,1192
2025-02-10 13:00:00,-1.35,1.77,95,917
2025-02-10 14:00:00,-6.2,0.0,60,1202
2025-02-10 15:00:00,-6.32,0.0,53,1777
2025-02-10 16:00:00,0.12,0.0,20,2275
2025-02-10 17:00:00,-4.43,0.91,45,1692
2025-02-10 18:00:00,-7.45,0.0,71,2221
2025-02-10 19:00:00,-1.87,0.33,52,1841
2025-02-10 20:00:00,-1.81,0.0,41,1417
2025-02-10 21:00:00,-7.79,0.74,71,910
2025-02-10 22:00:00,-2.51,0.0,100,1058
2025-02-10 23:00:00,-0.99,0.0,68,1050
2025-02-11 00:00:00,-1.83,2.04,42,552
2025-02-11 01:00:00,-1.06,0.0,100,595
2025-02-11 02:00:00,-7.17,0.0,50,823
2025-02-11 03:00:00,-1.96,2.48,100,577
2025-02-11 04:00:00,-3.86,0.0,63,1084
2025-02-11 05:00:00,-4.4,0.08,72,1158
2025-02-11 06:00:00,-0.34,0.04,100,1630
2025-02-11 07:00:00,1.49,0.0,36,2201
2025-02-11 08:00:00,2.43,0.0,44,2500
2025-02-11 09:00:00,0.99,0.37,62,2282
2025-02-11 10:00:00,-3.28,0.11,66,1886
2025-02-11 11:00:00,-1.89,0.0,100,1412
2025-02-11 12:00:00,-0.65,0.0,48,1338
2025-02-11 13:00:00,-2.59,0.79,37,1325
2025-02-11 14:00:00,-2.56,0.0,46,1474
2025-02-11 15:00:00,-0.48,0.0,76,2083
2025-02-11 16:00:00,-3.13,1.5,82,1722
2025-02-11 17:00:00,-5.14,0.0,52,2565
2025-02-11 18:00:00,-4.2,0.0,70,1966
2025-02-11 19:00:00,-1.05,0.0,100,1935
2025-02-11 20:00:00,-2.94,0.0,71,1704
2025-02-11 21:00:00,-1.93,0.0,78,1271
2025-02-11 22:00:00,-0.94,0.13,100,673
2025-02-11 23:00:00,-4.08,0.0,52,778
2025-02-12 00:00:00,-0.44,0.89,51,832
2025-02-12 01:00:00,-1.57,0.0,58,949
2025-02-12 02:00:00,-6.41,0.47,57,721
2025-02-12 03:00:00,1.62,0.0,25,1045
2025-02-12 04:00:00,-4.21,0.0,74,773
2025-02-12 05:00:00,-7.67,0.03,76,1436
2025-02-12 06:00:00,-5.84,0.0,66,1586
2025-02-12 07:00:00,-5.77,0.0,76,2120
2025-02-12 08:00:00,-2.55,0.0,77,2420
2025-02-12 09:00:00,-3.53,0.6,37,1888
2025-02-12 10:00:00,-3.72,0.0,77,1665
2025-02-12 11:00:00,-0.85,0.0,84,1316
2025-02-12 12:00:00,-1.69,0.0,30,1067
2025-02-12 13:00:00,-1.76,0.0,100,1295
2025-02-12 14:00:00,-1.48,1.39,39,1326
2025-02-12 15:00:00,-0.86,0.0,42,1938
2025-02-12 16:00:00,-9.03,0.16,75,1949
2025-02-12 17:00:00,-3.8,0.0,84,2516
2025-02-12 18:00:00,-9.25,0.0,90,1895
2025-02-12 19:00:00,-2.6,0.0,84,1924
2025-02-12 20:00:00,-2.72,0.0,57,1784
2025-02-12 21:00:00,0.43,0.0,73,1124
2025-02-12 22:00:00,0.86,0.0,62,1091
2025-02-12 23:00:00,-2.1,1.22,75,612
2025-02-13 00:00:00,-3.96,3.21,72,127
2025-02-13 01:00:00,-1.0,0.0,58,760
2025-02-13 02:00:00,-4.04,0.97,62,633
2025-02-13 03:00:00,-2.46,0.0,24,903
2025-02-13 04:00:00,0.5,0.0,91,972
2025-02-13 05:00:00,-4.13,0.34,78,1200
2025-02-13 06:00:00,-0.04,0.36,13,1620
2025-02-13 07:00:00,-0.42,0.0,90,2110
2025-02-13 08:00:00,-5.32,3.12,69,1992
2025-02-13 09:00:00,0.47,0.57,47,2279
2025-02-13 10:00:00,-0.36,0.0,45,1726
2025-02-13 11:00:00,-2.15,0.0,53,1444
2025-02-13 12:00:00,-4.74,0.0,47,928
2025-02-13 13:00:00,-5.03,0.0,51,1167
2025-02-13 14:00:00,-4.07,0.0,100,1482
2025-02-13 15:00:00,-0.83,0.19,80,1785
2025-02-13 16:00:00,-5.32,0.0,100,1849
2025-02-13 17:00:00,-1.14,0.0,76,2362
2025-02-13 18:00:00,-6.18,0.0,85,1927
2025-02-13 19:00:00,-3.07,0.19,49,1788
2025-02-13 20:00:00,-2.13,0.93,66,1560
2025-02-13 21:00:00,4.88,0.0,69,1403
2025-02-13 22:00:00,-6.59,0.0,86,943
2025-02-13 23:00:00,1.96,0.0,69,762
2025-02-14 00:00:00,-1.75,0.0,80,649
2025-02-14 01:00:00,-0.97,0.0,79,884
2025-02-14 02:00:00,-1.85,0.0,63,947
2025-02-14 03:00:00,-0.87,0.0,61,961
2025-02-14 04:00:00,-2.66,0.21,54,950
2025-02-14 05:00:00,2.16,0.37,98,1179
2025-02-14 06:00:00,-3.57,0.0,63,1707
2025-02-14 07:00:00,1.2,0.0,79,1933
2025-02-14 08:00:00,-4.13,0.0,67,2232
2025-02-14 09:00:00,-2.38,0.0,98,1823
2025-02-14 10:00:00,-5.42,0.0,21,1586
2025-02-14 11:00:00,-0.84,0.0,79,1313
2025-02-14 12:00:00,2.13,0.89,40,1117
2025-02-14 13:00:00,-2.43,1.44,81,1068
2025-02-14 14:00:00,-2.79,0.0,67,1355
2025-02-14 15:00:00,-5.54,0.0,34,1614
2025-02-14 16:00:00,-2.89,0.0,79,2103
2025-02-14 17:00:00,-6.98,0.0,77,1891
2025-02-14 18:00:00,-4.94,0.0,65,2234
2025-02-14 19:00:00,-1.52,0.0,68,1716
2025-02-14 20:00:00,1.76,1.65,75,1678
2025-02-14 21:00:00,6.23,0.0,100,1150
2025-02-14 22:00:00,-3.96,0.05,63,1063
2025-02-14 23:00:00,2.11,0.0,96,813
2025-02-15 00:00:00,-1.21,0.0,70,496
2025-02-15 01:00:00,-2.4,0.0,100,470
2025-02-15 02:00:00,-0.65,0.0,65,669
2025-02-15 03:00:00,-1.76,0.0,55,728
2025-02-15 04:00:00,-1.61,0.23,44,771
2025-02-15 05:00:00,-3.17,1.31,71,791
2025-02-15 06:00:00,-6.14,1.0,52,862
2025-02-15 07:00:00,-6.57,0.0,100,1321
2025-02-15 08:00:00,0.02,0.63,50,1420
2025-02-15 09:00:00,-2.77,0.0,54,1517
2025-02-15 10:00:00,-3.73,0.0,86,1051
2025-02-15 11:00:00,-1.92,0.13,100,833
2025-02-15 12:00:00,0.44,0.0,90,677
2025-02-15 13:00:00,-1.4,0.0,98,836
2025-02-15 14:00:00,-3.91,0.85,69,735
2025-02-15 15:00:00,1.74,2.68,70,723
2025-02-15 16:00:00,2.79,0.53,100,1485
2025-02-15 17:00:00,-0.46,0.82,100,1525
2025-02-15 18:00:00,0.98,0.31,89,1351
2025-02-15 19:00:00,1.78,0.05,99,1314
2025-02-15 20:00:00,1.45,0.0,93,755
2025-02-15 21:00:00,-0.1,0.97,41,659
2025-02-15 22:00:00,-0.15,0.0,70,677
2025-02-15 23:00:00,-0.38,0.0,100,284
2025-02-16 00:00:00,-4.98,0.31,90,174
2025-02-16 01:00:00,0.42,0.0,70,569
2025-02-16 02:00:00,-5.75,0.0,100,318
2025-02-16 03:00:00,-4.07,0.46,81,394
2025-02-16 04:00:00,2.23,0.0,91,604
2025-02-16 05:00:00,0.84,0.64,81,585
2025-02-16 06:00:00,2.78,0.18,85,1082
2025-02-16 07:00:00,-2.5,0.99,87,1197
2025-02-16 08:00:00,-5.14,0.0,100,1284
2025-02-16 09:00:00,-2.41,0.43,100,1171
2025-02-16 10:00:00,-1.38,0.0,60,1093
2025-02-16 11:00:00,-1.45,0.0,81,923
2025-02-16 12:00:00,1.72,0.06,100,614
2025-02-16 13:00:00,-2.77,1.34,68,338
2025-02-16 14:00:00,-0.63,0.0,39,893
2025-02-16 15:00:00,-4.65,0.82,49,1242
2025-02-16 16:00:00,-0.33,0.0,51,1366
2025-02-16 17:00:00,-1.67,0.0,60,1484
2025-02-16 18:00:00,-3.93,0.0,53,1672
2025-02-16 19:00:00,-2.39,0.0,97,1236
2025-02-16 20:00:00,-2.24,0.7,65,599
2025-02-16 21:00:00,-2.49,0.0,100,911
2025-02-16 22:00:00,3.63,0.0,43,797
2025-02-16 23:00:00,-1.98,0.0,63,629
2025-02-17 00:00:00,-2.15,2.94,75,506
2025-02-17 01:00:00,-7.71,0.0,92,828
2025-02-17 02:00:00,-4.1,0.0,100,741
2025-02-17 03:00:00,-2.21,0.0,59,702
2025-02-17 04:00:00,-3.48,0.2,97,964
2025-02-17 05:00:00,2.72,0.0,30,1245
2025-02-17 06:00:00,-1.92,0.0,94,1895
2025-02-17 07:00:00,2.44,0.0,39,2157
2025-02-17 08:00:00,-1.24,1.48,83,2045
2025-02-17 09:00:00,-1.31,1.19,100,1791
2025-02-17 10:00:00,-1.69,0.0,94,1691
2025-02-17 11:00:00,-1.41,0.0,31,1438
2025-02-17 12:00:00,3.73,1.66,61,830
2025-02-17 13:00:00,-8.38,0.0,90,1149
2025-02-17 14:00:00,-7.43,0.54,89,1342
2025-02-17 15:00:00,-3.05,0.0,79,1810
2025-02-17 16:00:00,-1.38,0.0,17,2146
2025-02-17 17:00:00,0.65,0.0,100,2549
2025-02-17 18:00:00,-0.0,0.0,100,2272
2025-02-17 19:00:00,-2.57,0.65,76,1860
2025-02-17 20:00:00,1.64,1.03,78,1591
2025-02-17 21:00:00,1.67,0.0,85,1289
2025-02-17 22:00:00,-0.87,0.0,100,927
2025-02-17 23:00:00,1.47,0.0,78,572
2025-02-18 00:00:00,-0.34,0.0,68,687
2025-02-18 01:00:00,-2.84,0.0,82,1097
2025-02-18 02:00:00,0.94,0.0,72,1045
2025-02-18 03:00:00,-0.82,0.23,72,903
2025-02-18 04:00:00,-1.15,0.0,28,895
2025-02-18 05:00:00,3.26,0.3,85,1389
2025-02-18 06:00:00,-8.51,1.09,100,1360
2025-02-18 07:00:00,-5.41,0.0,98,2069
2025-02-18 08:00:00,-4.72,0.0,96,1996
2025-02-18 09:00:00,-2.25,0.0,71,2004
2025-02-18 10:00:00,-1.92,0.0,76,1800
2025-02-18 11:00:00,-5.68,0.95,100,1329
2025-02-18 12:00:00,-4.11,1.71,94,642
2025-02-18 13:00:00,-3.74,0.0,100,996
2025-02-18 14:00:00,6.22,0.0,56,1813
2025-02-18 15:00:00,4.25,0.0,55,1803
2025-02-18 16:00:00,-2.39,0.5,64,1915
2025-02-18 17:00:00,-2.25,0.0,49,2321
2025-02-18 18:00:00,-4.6,3.79,39,1995
2025-02-18 19:00:00,-6.88,0.0,84,1637
2025-02-18 20:00:00,-1.51,0.0,82,1448
2025-02-18 21:00:00,-4.15,0.0,79,1188
2025-02-18 22:00:00,-1.41,0.12,81,926
2025-02-18 23:00:00,-5.96,0.0,36,669
2025-02-19 00:00:00,-3.17,0.0,61,941
2025-02-19 01:00:00,-0.44,0.0,65,889
2025-02-19 02:00:00,0.21,0.0,74,920
2025-02-19 03:00:00,0.36,0.0,36,973
2025-02-19 04:00:00,-4.85,0.0,50,1229
2025-02-19 05:00:00,1.68,0.0,62,1289
2025-02-19 06:00:00,-3.29,0.58,99,1389
2025-02-19 07:00:00,1.01,0.0,79,2338
2025-02-19 08:00:00,-0.92,0.0,98,1897
2025-02-19 09:00:00,-5.02,0.0,70,2012
2025-02-19 10:00:00,-1.84,0.0,73,1674
2025-02-19 11:00:00,0.21,0.13,85,1259
2025-02-19 12:00:00,0.95,0.12,68,836
2025-02-19 13:00:00,-1.31,0.0,57,1092
2025-02-19 14:00:00,3.71,0.0,36,1806
2025-02-19 15:00:00,2.13,0.0,58,2137
2025-02-19 16:00:00,-1.66,0.26,94,2004
2025-02-19 17:00:00,1.36,3.71,100,1660
2025-02-19 18:00:00,4.91,0.0,53,2023
2025-02-19 19:00:00,4.99,0.0,29,2175
2025-02-19 20:00:00,-4.57,0.0,96,1567
2025-02-19 21:00:00,-3.67,0.0,74,794
2025-02-19 22:00:00,3.57,0.96,39,710
2025-02-19 23:00:00,-4.06,0.0,0,1035
2025-02-20 00:00:00,-4.58,0.0,49,868
2025-02-20 01:00:00,-2.08,0.0,62,780
2025-02-20 02:00:00,0.64,0.07,44,922
2025-02-20 03:00:00,-0.92,6.81,90,50
2025-02-20 04:00:00,-2.57,0.0,53,1049
2025-02-20 05:00:00,-2.64,0.0,73,1145
2025-02-20 06:00:00,-2.75,1.53,100,1431
2025-02-20 07:00:00,-3.26,0.11,76,1940
2025-02-20 08:00:00,6.23,0.01,70,2260
2025-02-20 09:00:00,0.28,0.57,71,1781
2025-02-20 10:00:00,2.04,0.0,90,1684
2025-02-20 11:00:00,-2.08,2.63,87,1050
2025-02-20 12:00:00,-1.18,0.0,48,1030
2025-02-20 13:00:00,-2.76,0.0,63,1175
2025-02-20 14:00:00,-8.57,1.02,56,1499
2025-02-20 15:00:00,-4.75,0.0,66,1967
2025-02-20 16:00:00,-6.05,0.07,100,2250
2025-02-20 17:00:00,-7.37,0.42,89,2393
2025-02-20 18:00:00,-4.2,0.0,71,2109
2025-02-20 19:00:00,3.36,1.06,100,1588
2025-02-20 20:00:00,-0.75,0.0,78,1448
2025-02-20 21:00:00,3.25,0.8,32,1360
2025-02-20 22:00:00,0.62,0.6,100,1128
2025-02-20 23:00:00,1.73,0.0,69,818
2025-02-21 00:00:00,-3.05,0.0,17,954
2025-02-21 01:00:00,1.23,0.05,33,835
2025-02-21 02:00:00,1.84,0.0,100,820
2025-02-21 03:00:00,-2.07,0.0,34,938
2025-02-21 04:00:00,1.33,1.3,100,907
2025-02-21 05:00:00,1.35,0.3,75,1576
2025-02-21 06:00:00,-1.99,0.0,91,1711
2025-02-21 07:00:00,-3.71,0.0,67,1999
2025-02-21 08:00:00,-3.9,0.19,86,2077
2025-02-21 09:00:00,-0.08,0.0,81,2058
2025-02-21 10:00:00,0.64,0.0,72,1600
2025-02-21 11:00:00,-2.72,0.0,47,1343
2025-02-21 12:00:00,-0.26,1.81,82,466
2025-02-21 13:00:00,1.37,0.77,28,1234
2025-02-21 14:00:00,1.51,0.27,97,1465
2025-02-21 15:00:00,4.31,0.0,78,1772
2025-02-21 16:00:00,3.49,0.0,85,2135
2025-02-21 17:00:00,-3.35,0.0,8,2506
2025-02-21 18:00:00,4.71,1.19,45,2310
2025-02-21 19:00:00,-1.94,0.0,61,1802
2025-02-21 20:00:00,2.79,0.11,90,1609
2025-02-21 21:00:00,-0.14,3.13,50,704
2025-02-21 22:00:00,-1.58,0.0,100,924
2025-02-21 23:00:00,-5.77,0.0,67,889
2025-02-22 00:00:00,-0.58,0.0,48,787
2025-02-22 01:00:00,-4.75,0.0,69,638
2025-02-22 02:00:00,2.83,0.0,50,661
2025-02-22 03:00:00,4.48,0.0,44,572
2025-02-22 04:00:00,-2.46,0.0,99,764
2025-02-22 05:00:00,0.84,0.0,87,783
2025-02-22 06:00:00,-2.24,0.0,87,1119
2025-02-22 07:00:00,-1.95,0.0,100,1282
2025-02-22 08:00:00,2.26,0.0,86,1783
2025-02-22 09:00:00,-0.18,0.02,47,1345
2025-02-22 10:00:00,5.15,0.0,91,1286
2025-02-22 11:00:00,-1.51,0.55,46,799
2025-02-22 12:00:00,2.93,0.29,62,775
2025-02-22 13:00:00,0.22,0.06,73,1025
2025-02-22 14:00:00,2.32,0.11,70,748
2025-02-22 15:00:00,-1.41,0.0,29,1290
2025-02-22 16:00:00,-0.22,0.0,50,1341
2025-02-22 17:00:00,-0.41,0.51,73,1491
2025-02-22 18:00:00,-2.58,0.23,58,1482
2025-02-22 19:00:00,1.92,0.13,100,1126
2025-02-22 20:00:00,1.88,0.0,100,903
2025-02-22 21:00:00,1.71,0.0,46,909
2025-02-22 22:00:00,4.54,3.35,75,146
2025-02-22 23:00:00,4.28,0.0,100,643
2025-02-23 00:00:00,-0.91,0.0,71,409
2025-02-23 01:00:00,1.33,0.06,64,668
2025-02-23 02:00:00,-1.66,0.0,96,289
2025-02-23 03:00:00,0.28,0.0,67,511
2025-02-23 04:00:00,-1.59,0.0,100,480
2025-02-23 05:00:00,5.07,0.0,59,907
2025-02-23 06:00:00,1.3,0.0,62,1351
2025-02-23 07:00:00,-0.44,1.2,94,1309
2025-02-23 08:00:00,3.79,2.08,77,1229
2025-02-23 09:00:00,-6.3,0.0,77,1214
2025-02-23 10:00:00,-5.83,0.0,26,1247
2025-02-23 11:00:00,2.6,0.0,65,737
2025-02-23 12:00:00,0.39,0.0,96,626
2025-02-23 13:00:00,0.96,0.0,54,767
2025-02-23 14:00:00,-3.77,0.0,92,884
2025-02-23 15:00:00,0.14,1.57,81,1144
2025-02-23 16:00:00,6.22,0.0,69,1430
2025-02-23 17:00:00,2.68,0.0,100,1619
2025-02-23 18:00:00,0.72,0.0,66,1756
2025-02-23 19:00:00,-1.11,0.75,67,1222
2025-02-23 20:00:00,-0.97,0.62,69,909
2025-02-23 21:00:00,-6.18,0.0,76,864
2025-02-23 22:00:00,0.98,0.0,93,482
2025-02-23 23:00:00,2.75,0.0,37,912
2025-02-24 00:00:00,-4.24,0.0,96,637
2025-02-24 01:00:00,-1.49,0.0,76,1130
2025-02-24 02:00:00,-2.98,0.0,88,692
2025-02-24 03:00:00,-2.41,0.94,100,804
2025-02-24 04:00:00,0.65,2.75,62,527
2025-02-24 05:00:00,-5.76,0.0,44,1254
2025-02-24 06:00:00,2.33,0.0,79,1583
2025-02-24 07:00:00,2.75,0.0,83,1922
2025-02-24 08:00:00,-0.26,0.0,96,2388
2025-02-24 09:00:00,-6.95,0.7,61,1766
2025-02-24 10:00:00,-2.5,0.0,54,1610
2025-02-24 11:00:00,4.19,0.0,36,1329
2025-02-24 12:00:00,-7.84,0.0,40,1151
2025-02-24 13:00:00,-0.55,0.0,64,1398
2025-02-24 14:00:00,-3.05,0.28,71,1643
2025-02-24 15:00:00,2.9,0.8,100,1664
2025-02-24 16:00:00,-1.53,0.0,32,2408
2025-02-24 17:00:00,1.7,1.11,83,2031
2025-02-24 18:00:00,2.19,0.0,56,2121
2025-02-24 19:00:00,6.0,0.83,80,1760
2025-02-24 20:00:00,-0.12,0.11,61,1459
2025-02-24 21:00:00,1.62,0.0,100,1203
2025-02-24 22:00:00,-3.96,0.22,100,786
2025-02-24 23:00:00,4.06,0.44,72,974
2025-02-25 00:00:00,-1.51,0.0,100,410
2025-02-25 01:00:00,-0.91,0.43,94,780
2025-02-25 02:00:00,0.71,0.95,100,557
2025-02-25 03:00:00,-3.92,0.0,74,760
2025-02-25 04:00:00,1.46,0.01,98,923
2025-02-25 05:00:00,3.68,0.03,55,1531
2025-02-25 06:00:00,1.65,0.31,53,1809
2025-02-25 07:00:00,-3.99,0.0,100,1965
2025-02-25 08:00:00,0.4,0.0,47,2226
2025-02-25 09:00:00,3.0,0.0,64,2276
2025-02-25 10:00:00,-4.86,0.0,27,1981
2025-02-25 11:00:00,-2.45,0.0,53,1310
2025-02-25 12:00:00,3.4,0.0,50,917
2025-02-25 13:00:00,1.58,6.23,58,453
2025-02-25 14:00:00,2.01,0.08,82,1622
2025-02-25 15:00:00,6.35,0.0,88,1884
2025-02-25 16:00:00,2.18,0.0,49,2120
2025-02-25 17:00:00,2.75,0.0,55,2220
2025-02-25 18:00:00,8.91,0.0,100,2252
2025-02-25 19:00:00,0.13,0.0,100,1614
2025-02-25 20:00:00,-1.62,0.0,100,1458
2025-02-25 21:00:00,2.06,0.0,33,1368
2025-02-25 22:00:00,2.09,0.0,100,958
2025-02-25 23:00:00,-0.81,0.0,100,719
2025-02-26 00:00:00,-2.04,0.0,33,1045
2025-02-26 01:00:00,7.99,0.0,100,734
2025-02-26 02:00:00,2.04,0.0,81,907
2025-02-26 03:00:00,-1.14,0.0,67,1011
2025-02-26 04:00:00,3.81,0.0,78,1114
2025-02-26 05:00:00,0.73,0.0,86,1469
2025-02-26 06:00:00,0.3,2.42,100,1212
2025-02-26 07:00:00,2.74,2.04,100,1734
2025-02-26 08:00:00,-2.82,1.16,37,2094
2025-02-26 09:00:00,2.12,0.0,59,2623
2025-02-26 10:00:00,6.8,0.0,77,1876
2025-02-26 11:00:00,2.46,0.85,100,1290
2025-02-26 12:00:00,-0.07,0.0,7,1266
2025-02-26 13:00:00,-0.46,0.0,60,1276
2025-02-26 14:00:00,-0.17,0.0,37,1758
2025-02-26 15:00:00,0.3,1.8,41,1472
2025-02-26 16:00:00,-0.08,0.0,100,2145
2025-02-26 17:00:00,3.81,0.0,62,2409
2025-02-26 18:00:00,-4.14,0.0,17,2353
2025-02-26 19:00:00,3.64,0.0,71,1778
2025-02-26 20:00:00,-0.08,0.0,100,1335
2025-02-26 21:00:00,2.19,0.0,30,1222
2025-02-26 22:00:00,-2.32,0.0,88,1051
2025-02-26 23:00:00,5.04,0.0,100,1028
2025-02-27 00:00:00,5.08,0.0,74,793
2025-02-27 01:00:00,4.22,0.0,100,1132
2025-02-27 02:00:00,-3.2,0.0,59,888
2025-02-27 03:00:00,3.83,0.0,100,935
2025-02-27 04:00:00,2.56,1.27,100,846
2025-02-27 05:00:00,-3.47,0.0,74,1387
2025-02-27 06:00:00,1.27,0.0,38,1855
2025-02-27 07:00:00,2.44,0.74,50,2360
2025-02-27 08:00:00,3.01,0.0,17,2257
2025-02-27 09:00:00,1.88,0.23,90,1853
2025-02-27 10:00:00,2.22,0.0,87,1613
2025-02-27 11:00:00,5.77,0.23,77,1439
2025-02-27 12:00:00,5.02,0.0,72,1060
2025-02-27 13:00:00,-7.26,0.0,100,1261
2025-02-27 14:00:00,0.39,0.0,83,1473
2025-02-27 15:00:00,0.85,1.82,61,1850
2025-02-27 16:00:00,-3.91,0.38,79,1928
2025-02-27 17:00:00,1.63,0.68,100,2324
2025-02-27 18:00:00,5.09,0.0,91,2393
2025-02-27 19:00:00,-1.91,0.05,65,1783
2025-02-27 20:00:00,2.35,0.0,74,1643
2025-02-27 21:00:00,-1.4,0.0,87,1234
2025-02-27 22:00:00,-0.67,0.0,65,1122
2025-02-27 23:00:00,5.78,1.37,62,1054
2025-02-28 00:00:00,0.01,0.14,75,967
2025-02-28 01:00:00,3.02,0.52,100,855
2025-02-28 02:00:00,-3.98,0.0,95,856
2025-02-28 03:00:00,7.22,0.0,65,860
2025-02-28 04:00:00,3.44,0.0,97,1041
2025-02-28 05:00:00,1.09,0.0,76,1168
2025-02-28 06:00:00,3.36,0.0,84,1737
2025-02-28 07:00:00,-2.6,0.0,82,2202
2025-02-28 08:00:00,5.18,0.0,23,2446
2025-02-28 09:00:00,0.66,0.0,0,1908
2025-02-28 10:00:00,1.02,0.0,81,1564
2025-02-28 11:00:00,0.16,0.03,54,1429
2025-02-28 12:00:00,-0.11,0.0,35,1043
2025-02-28 13:00:00,3.72,0.0,55,1447
2025-02-28 14:00:00,2.4,0.0,99,1357
2025-02-28 15:00:00,3.59,0.0,84,1965
2025-02-28 16:00:00,1.61,0.0,95,2201
2025-02-28 17:00:00,3.17,0.3,87,2364
2025-02-28 18:00:00,0.38,0.0,53,2115
2025-02-28 19:00:00,8.32,0.28,95,2037
2025-02-28 20:00:00,-3.07,0.09,90,1661
2025-02-28 21:00:00,5.42,1.31,73,852
2025-02-28 22:00:00,5.74,0.0,77,1129
2025-02-28 23:00:00,-0.92,0.72,95,533
2025-03-01 00:00:00,8.61,0.0,57,597
2025-03-01 01:00:00,4.91,0.44,100,416
2025-03-01 02:00:00,4.84,0.51,90,535
2025-03-01 03:00:00,2.01,0.02,76,674
2025-03-01 04:00:00,1.27,0.0,100,783
2025-03-01 05:00:00,1.3,0.0,43,995
2025-03-01 06:00:00,3.1,0.55,64,1253
2025-03-01 07:00:00,6.13,1.65,59,1208
2025-03-01 08:00:00,2.47,0.0,85,1715
2025-03-01 09:00:00,-0.81,0.0,100,909
2025-03-01 10:00:00,4.4,0.28,51,1451
2025-03-01 11:00:00,4.69,0.0,100,1085
2025-03-01 12:00:00,3.89,0.3,59,846
2025-03-01 13:00:00,4.16,0.0,85,1184
2025-03-01 14:00:00,1.11,0.0,76,800
2025-03-01 15:00:00,-0.86,0.0,77,1369
2025-03-01 16:00:00,-0.68,0.0,56,1520
2025-03-01 17:00:00,-2.98,1.52,100,1306
2025-03-01 18:00:00,2.64,0.0,54,1391
2025-03-01 19:00:00,1.67,0.78,32,1350
2025-03-01 20:00:00,0.6,0.0,48,1150
2025-03-01 21:00:00,-6.94,0.0,100,579
2025-03-01 22:00:00,-1.82,0.0,100,600
2025-03-01 23:00:00,5.29,0.0,26,602
2025-03-02 00:00:00,0.22,0.0,96,458
2025-03-02 01:00:00,3.3,0.0,26,835
2025-03-02 02:00:00,-1.95,0.48,75,613
2025-03-02 03:00:00,6.53,0.44,46,807
2025-03-02 04:00:00,1.79,1.8,98,586
2025-03-02 05:00:00,3.09,0.0,90,1029
2025-03-02 06:00:00,9.19,0.0,100,1155
2025-03-02 07:00:00,6.77,0.0,69,1594
2025-03-02 08:00:00,1.3,0.0,71,1729
2025-03-02 09:00:00,0.44,1.24,39,1170
2025-03-02 10:00:00,1.24,0.0,50,1031
2025-03-02 11:00:00,3.75,0.0,100,681
2025-03-02 12:00:00,1.9,0.19,85,422
2025-03-02 13:00:00,1.03,0.0,79,690
2025-03-02 14:00:00,6.62,0.31,100,976
2025-03-02 15:00:00,1.87,0.0,44,1579
2025-03-02 16:00:00,9.12,0.0,94,1510
2025-03-02 17:00:00,2.49,2.14,47,1175
2025-03-02 18:00:00,7.57,0.0,100,1560
2025-03-02 19:00:00,3.29,1.72,90,1063
2025-03-02 20:00:00,5.11,0.0,100,955
2025-03-02 21:00:00,0.04,0.51,58,719
2025-03-02 22:00:00,-0.34,0.0,100,781
2025-03-02 23:00:00,3.6,0.87,100,310
2025-03-03 00:00:00,5.48,0.0,87,708
2025-03-03 01:00:00,2.63,0.21,100,915
2025-03-03 02:00:00,-1.35,0.0,69,805
2025-03-03 03:00:00,-1.57,0.0,45,1201
2025-03-03 04:00:00,-1.77,1.75,96,780
2025-03-03 05:00:00,-2.79,0.0,53,1346
2025-03-03 06:00:00,2.84,0.5,100,1814
2025-03-03 07:00:00,5.89,0.0,100,1981
2025-03-03 08:00:00,2.47,0.0,82,2419
2025-03-03 09:00:00,-4.27,0.0,81,2050
2025-03-03 10:00:00,1.94,0.0,100,1895
2025-03-03 11:00:00,2.02,0.0,83,1282
2025-03-03 12:00:00,8.8,0.0,66,1255
2025-03-03 13:00:00,-1.86,0.0,38,1285
2025-03-03 14:00:00,1.34,0.0,100,1624
2025-03-03 15:00:00,7.63,0.1,85,1994
2025-03-03 16:00:00,3.86,0.07,100,2273
2025-03-03 17:00:00,4.2,2.8,74,2324
2025-03-03 18:00:00,2.86,0.0,84,2222
2025-03-03 19:00:00,3.5,0.0,84,2038
2025-03-03 20:00:00,4.84,0.54,93,1889
2025-03-03 21:00:00,0.08,0.0,52,1392
2025-03-03 22:00:00,5.15,0.29,74,784
2025-03-03 23:00:00,-1.61,0.0,97,803
2025-03-04 00:00:00,3.79,0.51,68,724
2025-03-04 01:00:00,3.34,0.0,96,1022
2025-03-04 02:00:00,0.96,0.0,79,892
2025-03-04 03:00:00,2.74,0.0,87,1114
2025-03-04 04:00:00,0.94,0.07,100,1122
2025-03-04 05:00:00,-0.41,1.91,71,1216
2025-03-04 06:00:00,1.75,0.0,40,1696
2025-03-04 07:00:00,-0.5,0.13,70,2235
2025-03-04 08:00:00,3.78,1.04,56,2510
2025-03-04 09:00:00,-0.64,0.0,23,2068
2025-03-04 10:00:00,4.94,0.0,74,1804
2025-03-04 11:00:00,-0.74,0.0,81,1384
2025-03-04 12:00:00,1.11,0.0,100,1061
2025-03-04 13:00:00,0.93,0.0,48,1559
2025-03-04 14:00:00,6.78,0.0,79,1793
2025-03-04 15:00:00,3.8,0.0,100,2011
2025-03-04 16:00:00,2.17,0.19,62,2387
2025-03-04 17:00:00,4.3,0.0,90,2491
2025-03-04 18:00:00,-3.51,0.0,100,2139
2025-03-04 19:00:00,2.68,0.33,30,1989
2025-03-04 20:00:00,8.8,0.0,83,1850
2025-03-04 21:00:00,3.2,0.0,100,1184
2025-03-04 22:00:00,3.01,0.72,68,1045
2025-03-04 23:00:00,4.45,0.0,100,819
2025-03-05 00:00:00,5.79,1.34,93,876
2025-03-05 01:00:00,-2.89,0.0,100,965
2025-03-05 02:00:00,-1.94,0.0,91,706
2025-03-05 03:00:00,3.74,2.44,100,639
2025-03-05 04:00:00,0.96,2.05,84,763
2025-03-05 05:00:00,7.04,0.0,43,1680
2025-03-05 06:00:00,2.16,0.0,61,2031
2025-03-05 07:00:00,-2.7,1.63,100,1823
2025-03-05 08:00:00,-0.7,0.0,100,1856
2025-03-05 09:00:00,-5.14,0.0,69,2273
2025-03-05 10:00:00,2.4,0.0,100,1764
2025-03-05 11:00:00,2.54,0.0,68,1418
2025-03-05 12:00:00,1.83,0.0,88,1217
2025-03-05 13:00:00,6.34,1.27,88,1156
2025-03-05 14:00:00,6.7,0.0,43,1672
2025-03-05 15:00:00,2.59,0.0,74,1939
2025-03-05 16:00:00,-3.3,0.0,100,2205
2025-03-05 17:00:00,4.96,0.0,54,2589
2025-03-05 18:00:00,4.77,0.0,92,2502
2025-03-05 19:00:00,4.03,0.45,48,2065
2025-03-05 20:00:00,6.05,0.0,53,1710
2025-03-05 21:00:00,-0.39,0.0,41,1476
2025-03-05 22:00:00,9.13,0.0,100,1032
2025-03-05 23:00:00,0.23,0.12,55,1192
2025-03-06 00:00:00,5.65,0.05,100,941
2025-03-06 01:00:00,-1.66,2.34,64,570
2025-03-06 02:00:00,0.61,0.05,80,756
2025-03-06 03:00:00,7.95,0.16,87,1110
2025-03-06 04:00:00,2.62,1.93,37,926
2025-03-06 05:00:00,5.92,0.0,82,1420
2025-03-06 06:00:00,4.11,0.01,86,1577
2025-03-06 07:00:00,3.09,0.0,100,2112
2025-03-06 08:00:00,7.5,0.05,53,2420
2025-03-06 09:00:00,2.69,0.0,57,2313
2025-03-06 10:00:00,-1.94,0.0,93,1668
2025-03-06 11:00:00,0.99,0.28,100,919
2025-03-06 12:00:00,5.06,0.0,62,1124
2025-03-06 13:00:00,4.59,1.03,46,1089
2025-03-06 14:00:00,-1.3,0.0,69,1443
2025-03-06 15:00:00,1.23,0.0,52,2153
2025-03-06 16:00:00,1.66,0.1,87,1988
2025-03-06 17:00:00,2.31,0.78,50,2381
2025-03-06 18:00:00,-0.72,0.0,100,2105
2025-03-06 19:00:00,1.52,0.19,82,1835
2025-03-06 20:00:00,1.22,0.0,100,1427
2025-03-06 21:00:00,5.72,0.0,16,1538
2025-03-06 22:00:00,5.83,0.69,33,1230
2025-03-06 23:00:00,2.97,0.77,100,625
2025-03-07 00:00:00,2.53,0.0,59,1113
2025-03-07 01:00:00,4.12,1.04,41,726
2025-03-07 02:00:00,1.25,0.0,72,978
2025-03-07 03:00:00,0.26,0.36,83,726
2025-03-07 04:00:00,0.88,0.0,73,1033
2025-03-07 05:00:00,1.8,0.06,89,1171
2025-03-07 06:00:00,0.21,3.44,86,1268
2025-03-07 07:00:00,4.19,1.19,84,2050
2025-03-07 08:00:00,5.89,0.0,100,2227
2025-03-07 09:00:00,-1.06,0.0,77,2201
2025-03-07 10:00:00,3.78,0.0,76,1889
2025-03-07 11:00:00,3.04,1.42,97,1568
2025-03-07 12:00:00,4.73,0.0,91,1250
2025-03-07 13:00:00,3.67,0.0,55,1551
2025-03-07 14:00:00,-0.66,0.03,75,1335
2025-03-07 15:00:00,-0.08,0.0,88,1646
2025-03-07 16:00:00,3.79,0.0,63,2277
2025-03-07 17:00:00,6.79,0.37,64,2679
2025-03-07 18:00:00,-2.94,0.0,42,2604
2025-03-07 19:00:00,4.74,0.0,5,2062
2025-03-07 20:00:00,7.27,0.24,68,1609
2025-03-07 21:00:00,3.24,1.14,80,1267
2025-03-07 22:00:00,5.35,0.0,50,1184
2025-03-07 23:00:00,1.59,0.0,100,914
2025-03-08 00:00:00,3.65,0.0,51,743
2025-03-08 01:00:00,-0.86,0.0,100,871
2025-03-08 02:00:00,-3.03,0.0,88,674
2025-03-08 03:00:00,6.83,0.0,100,910
2025-03-08 04:00:00,1.05,2.44,91,120
2025-03-08 05:00:00,2.64,0.1,41,1121
2025-03-08 06:00:00,-0.15,0.28,100,939
2025-03-08 07:00:00,-0.22,0.07,100,1605
2025-03-08 08:00:00,3.48,0.0,33,1875
2025-03-08 09:00:00,1.82,0.0,93,1507
2025-03-08 10:00:00,5.14,0.0,99,1082
2025-03-08 11:00:00,5.36,0.0,72,894
2025-03-08 12:00:00,4.97,1.14,17,685
2025-03-08 13:00:00,4.72,0.0,70,1017
2025-03-08 14:00:00,8.74,0.0,63,1249
2025-03-08 15:00:00,0.8,0.0,100,1437
2025-03-08 16:00:00,3.84,1.08,75,1626
2025-03-08 17:00:00,7.4,0.0,67,1558
2025-03-08 18:00:00,7.8,0.0,63,1681
2025-03-08 19:00:00,-0.26,0.0,86,1316
2025-03-08 20:00:00,3.07,2.39,79,776
2025-03-08 21:00:00,8.08,0.0,58,1117
2025-03-08 22:00:00,5.53,0.0,84,821
2025-03-08 23:00:00,4.59,0.0,63,619
2025-03-09 00:00:00,3.66,0.42,13,661
2025-03-09 01:00:00,3.16,0.0,94,514
2025-03-09 02:00:00,5.17,0.0,92,505
2025-03-09 03:00:00,3.55,0.15,83,604
2025-03-09 04:00:00,4.18,0.0,67,585
2025-03-09 05:00:00,4.54,0.0,76,1009
2025-03-09 06:00:00,2.27,0.0,98,1341
2025-03-09 07:00:00,5.9,0.0,62,1554
2025-03-09 08:00:00,13.05,0.0,99,1829
2025-03-09 09:00:00,-1.02,0.0,41,1507
2025-03-09 10:00:00,5.28,0.01,82,1078
2025-03-09 11:00:00,2.03,0.0,78,1181
2025-03-09 12:00:00,6.04,0.0,100,388
2025-03-09 13:00:00,4.45,0.02,55,936
2025-03-09 14:00:00,6.59,0.61,57,991
2025-03-09 15:00:00,7.83,0.0,43,1680
2025-03-09 16:00:00,4.89,3.02,63,1236
2025-03-09 17:00:00,7.7,0.04,84,1999
2025-03-09 18:00:00,-2.72,0.38,33,1476
2025-03-09 19:00:00,9.08,2.0,67,1082
2025-03-09 20:00:00,5.43,0.0,93,844
2025-03-09 21:00:00,7.54,0.0,75,1097
2025-03-09 22:00:00,0.65,0.0,80,571
2025-03-09 23:00:00,1.82,0.16,40,627
2025-03-10 00:00:00,5.05,0.0,75,1130
2025-03-10 01:00:00,4.56,0.0,79,1094
2025-03-10 02:00:00,5.46,0.0,74,898
2025-03-10 03:00:00,7.87,0.0,82,988
2025-03-10 04:00:00,-0.68,0.53,70,771
2025-03-10 05:00:00,7.53,2.47,66,905
2025-03-10 06:00:00,4.64,0.0,52,1995
2025-03-10 07:00:00,4.0,0.0,100,2309
2025-03-10 08:00:00,0.2,0.0,47,2458
2025-03-10 09:00:00,6.12,2.87,82,1937
2025-03-10 10:00:00,-2.63,0.0,100,1584
2025-03-10 11:00:00,6.56,0.0,100,1612
2025-03-10 12:00:00,0.14,0.0,91,802
2025-03-10 13:00:00,4.77,0.0,84,1278
2025-03-10 14:00:00,4.25,0.0,75,1683
2025-03-10 15:00:00,8.12,0.0,55,2109
2025-03-10 16:00:00,4.08,0.0,71,2304
2025-03-10 17:00:00,2.53,0.0,92,2280
2025-03-10 18:00:00,3.09,0.0,88,2333
2025-03-10 19:00:00,8.43,0.0,98,1859
2025-03-10 20:00:00,6.22,0.0,100,1619
2025-03-10 21:00:00,3.46,0.0,74,1405
2025-03-10 22:00:00,3.9,2.88,83,731
2025-03-10 23:00:00,-0.09,0.0,30,1053
2025-03-11 00:00:00,6.08,0.0,100,954
2025-03-11 01:00:00,-0.36,0.0,68,648
2025-03-11 02:00:00,7.17,0.0,94,734
2025-03-11 03:00:00,5.3,0.0,68,1060
2025-03-11 04:00:00,12.08,0.0,67,1193
2025-03-11 05:00:00,1.62,0.0,72,1312
2025-03-11 06:00:00,4.61,0.0,47,1977
2025-03-11 07:00:00,10.31,0.0,16,2311
2025-03-11 08:00:00,8.49,0.0,100,2089
2025-03-11 09:00:00,2.83,0.41,92,2369
2025-03-11 10:00:00,5.59,0.0,55,2065
2025-03-11 11:00:00,4.92,0.0,89,1571
2025-03-11 12:00:00,5.76,2.32,99,685
2025-03-11 13:00:00,2.82,0.0,61,1350
2025-03-11 14:00:00,4.65,0.19,88,1439
2025-03-11 15:00:00,0.12,0.55,100,1825
2025-03-11 16:00:00,5.32,0.0,42,2333
2025-03-11 17:00:00,6.27,0.21,91,2234
2025-03-11 18:00:00,4.23,0.0,87,2346
2025-03-11 19:00:00,0.07,0.0,100,1862
2025-03-11 20:00:00,7.88,0.09,92,1911
2025-03-11 21:00:00,6.01,0.07,68,1398
2025-03-11 22:00:00,2.74,0.0,71,774
2025-03-11 23:00:00,4.07,0.0,100,722
2025-03-12 00:00:00,0.72,0.0,69,1198
2025-03-12 01:00:00,2.15,0.0,93,832
2025-03-12 02:00:00,3.61,1.31,72,835
2025-03-12 03:00:00,8.91,0.0,100,1032
2025-03-12 04:00:00,3.3,0.0,100,1279
2025-03-12 05:00:00,7.14,0.6,78,1122
2025-03-12 06:00:00,3.61,0.28,68,1992
2025-03-12 07:00:00,5.97,0.0,67,2458
2025-03-12 08:00:00,4.8,0.0,35,2502
2025-03-12 09:00:00,7.84,0.0,81,2341
2025-03-12 10:00:00,3.62,0.0,80,1764
2025-03-12 11:00:00,0.5,0.0,58,1165
2025-03-12 12:00:00,1.08,0.0,32,1264
2025-03-12 13:00:00,3.63,0.0,83,1362
2025-03-12 14:00:00,1.48,0.7,87,1549
2025-03-12 15:00:00,6.45,0.0,88,2086
2025-03-12 16:00:00,3.83,0.0,53,2252
2025-03-12 17:00:00,12.35,0.0,88,2717
2025-03-12 18:00:00,0.01,0.3,74,2204
2025-03-12 19:00:00,5.83,0.0,100,2061
2025-03-12 20:00:00,1.84,0.0,54,1628
2025-03-12 21:00:00,3.74,0.0,100,1443
2025-03-12 22:00:00,5.65,0.0,100,1130
2025-03-12 23:00:00,-1.75,0.0,81,914
2025-03-13 00:00:00,6.24,0.0,88,1118
2025-03-13 01:00:00,11.24,0.0,98,767
2025-03-13 02:00:00,4.17,0.0,53,966
2025-03-13 03:00:00,6.31,0.26,66,942
2025-03-13 04:00:00,8.6,0.58,83,1176
2025-03-13 05:00:00,5.04,0.06,100,1421
2025-03-13 06:00:00,3.79,0.0,48,1880
2025-03-13 07:00:00,-1.3,1.35,100,1846
2025-03-13 08:00:00,7.45,0.0,74,2461
2025-03-13 09:00:00,5.19,2.28,78,2021
2025-03-13 10:00:00,2.49,0.0,100,1734
2025-03-13 11:00:00,5.91,0.01,100,1551
2025-03-13 12:00:00,3.78,2.19,89,932
2025-03-13 13:00:00,3.94,2.73,100,974
2025-03-13 14:00:00,7.35,0.29,55,1383
2025-03-13 15:00:00,1.51,0.0,65,1959
2025-03-13 16:00:00,8.67,0.0,45,2516
2025-03-13 17:00:00,1.34,2.88,65,2003
2025-03-13 18:00:00,3.54,0.0,92,2297
2025-03-13 19:00:00,11.3,0.0,84,2068
2025-03-13 20:00:00,8.91,0.0,100,1713
2025-03-13 21:00:00,5.82,0.07,100,1515
2025-03-13 22:00:00,2.71,1.31,75,1074
2025-03-13 23:00:00,3.94,0.4,61,821
2025-03-14 00:00:00,6.06,0.0,100,691
2025-03-14 01:00:00,5.95,0.0,100,987
2025-03-14 02:00:00,5.56,2.32,90,837
2025-03-14 03:00:00,5.74,0.0,96,758
2025-03-14 04:00:00,5.19,2.22,92,828
2025-03-14 05:00:00,1.51,0.0,54,1756
2025-03-14 06:00:00,4.29,0.0,48,1853
2025-03-14 07:00:00,8.58,0.0,77,2655
2025-03-14 08:00:00,1.73,0.26,74,2231
2025-03-14 09:00:00,5.27,0.0,85,2144
2025-03-14 10:00:00,3.38,2.29,75,1450
2025-03-14 11:00:00,6.17,0.0,36,1350
2025-03-14 12:00:00,4.67,0.62,26,938
2025-03-14 13:00:00,10.27,0.0,97,1369
2025-03-14 14:00:00,7.36,0.0,62,1753
2025-03-14 15:00:00,1.9,0.0,73,1880
2025-03-14 16:00:00,7.85,0.0,65,2308
2025-03-14 17:00:00,3.51,0.0,56,2643
2025-03-14 18:00:00,4.11,1.7,55,2270
2025-03-14 19:00:00,6.78,0.0,100,1963
2025-03-14 20:00:00,4.36,0.0,73,1727
2025-03-14 21:00:00,8.51,0.71,94,1064
2025-03-14 22:00:00,3.51,0.05,98,1120
2025-03-14 23:00:00,3.98,0.0,86,993
2025-03-15 00:00:00,4.18,0.0,99,515
2025-03-15 01:00:00,4.45,2.0,79,377
2025-03-15 02:00:00,9.44,1.58,100,447
2025-03-15 03:00:00,8.03,0.25,99,454
2025-03-15 04:00:00,11.27,0.0,100,1041
2025-03-15 05:00:00,12.95,0.0,55,1243
2025-03-15 06:00:00,3.05,0.0,85,1128
2025-03-15 07:00:00,6.36,0.65,33,1287
2025-03-15 08:00:00,2.62,0.0,100,1195
2025-03-15 09:00:00,3.81,0.63,63,1719
2025-03-15 10:00:00,4.25,1.53,67,1030
2025-03-15 11:00:00,2.97,0.23,45,1061
2025-03-15 12:00:00,2.99,0.0,78,593
2025-03-15 13:00:00,5.71,0.0,72,878
2025-03-15 14:00:00,2.49,2.33,100,710
2025-03-15 15:00:00,8.67,1.0,100,1271
2025-03-15 16:00:00,3.39,0.0,66,1554
2025-03-15 17:00:00,14.57,2.1,37,1463
2025-03-15 18:00:00,4.79,0.0,22,1521
2025-03-15 19:00:00,6.36,0.0,53,1404
2025-03-15 20:00:00,2.26,0.0,45,885
2025-03-15 21:00:00,11.26,0.0,87,858
2025-03-15 22:00:00,9.5,0.0,75,808
2025-03-15 23:00:00,7.03,0.4,79,713
2025-03-16 00:00:00,2.41,0.0,55,839
2025-03-16 01:00:00,7.08,0.5,83,518
2025-03-16 02:00:00,3.09,0.14,43,661
2025-03-16 03:00:00,10.84,0.0,77,494
2025-03-16 04:00:00,8.88,0.0,100,818
2025-03-16 05:00:00,6.74,0.0,70,860
2025-03-16 06:00:00,-0.86,0.0,90,1071
2025-03-16 07:00:00,3.5,0.0,29,1643
2025-03-16 08:00:00,8.52,0.0,27,1845
2025-03-16 09:00:00,10.09,1.95,87,1122
2025-03-16 10:00:00,9.78,0.0,100,1366
2025-03-16 11:00:00,1.68,3.53,73,476
2025-03-16 12:00:00,7.36,0.0,100,925
2025-03-16 13:00:00,9.5,0.66,43,1161
2025-03-16 14:00:00,1.48,0.0,62,1311
2025-03-16 15:00:00,6.43,0.0,82,1159
2025-03-16 16:00:00,7.27,0.0,90,1607
2025-03-16 17:00:00,5.55,0.0,64,1433
2025-03-16 18:00:00,0.9,0.92,52,1603
2025-03-16 19:00:00,5.48,0.0,94,1522
2025-03-16 20:00:00,5.47,0.11,82,1229
2025-03-16 21:00:00,6.01,0.0,70,870
2025-03-16 22:00:00,4.76,0.0,91,802
2025-03-16 23:00:00,5.12,0.43,75,555
2025-03-17 00:00:00,6.64,0.0,75,983
2025-03-17 01:00:00,8.09,0.0,75,995
2025-03-17 02:00:00,5.85,0.0,58,740
2025-03-17 03:00:00,5.53,0.0,56,955
2025-03-17 04:00:00,7.04,0.73,66,1435
2025-03-17 05:00:00,1.0,1.5,80,1172
2025-03-17 06:00:00,8.19,1.01,32,1882
2025-03-17 07:00:00,6.76,0.0,100,2227
2025-03-17 08:00:00,6.88,0.63,79,2310
2025-03-17 09:00:00,9.64,0.0,52,2372
2025-03-17 10:00:00,0.9,0.0,100,1679
2025-03-17 11:00:00,0.84,0.47,80,985
2025-03-17 12:00:00,7.58,0.0,46,1363
2025-03-17 13:00:00,6.74,0.0,100,1567
2025-03-17 14:00:00,7.27,0.18,100,1471
2025-03-17 15:00:00,5.38,0.0,56,2008
2025-03-17 16:00:00,8.75,1.55,71,2399
2025-03-17 17:00:00,9.56,0.0,68,2400
2025-03-17 18:00:00,8.21,0.0,32,2500
2025-03-17 19:00:00,5.98,0.0,87,2619
2025-03-17 20:00:00,0.44,0.0,100,1641
2025-03-17 21:00:00,9.07,0.0,95,1395
2025-03-17 22:00:00,10.43,0.0,80,1351
2025-03-17 23:00:00,8.7,0.0,100,1154
2025-03-18 00:00:00,4.43,2.26,51,634
2025-03-18 01:00:00,9.09,0.0,100,729
2025-03-18 02:00:00,9.65,4.03,60,674
2025-03-18 03:00:00,11.75,0.0,63,1252
2025-03-18 04:00:00,4.44,3.22,65,740
2025-03-18 05:00:00,6.39,0.0,63,1709
2025-03-18 06:00:00,9.31,0.0,74,2115
2025-03-18 07:00:00,7.24,0.0,73,2397
2025-03-18 08:00:00,3.72,0.0,82,2351
2025-03-18 09:00:00,8.31,0.0,59,2042
2025-03-18 10:00:00,8.81,0.0,83,1863
2025-03-18 11:00:00,7.33,0.0,52,1258
2025-03-18 12:00:00,7.73,0.0,97,822
2025-03-18 13:00:00,6.29,0.6,97,1359
2025-03-18 14:00:00,11.51,0.0,79,1925
2025-03-18 15:00:00,4.37,0.08,63,1754
2025-03-18 16:00:00,5.31,0.0,87,2256
2025-03-18 17:00:00,7.1,0.0,57,2489
2025-03-18 18:00:00,9.71,0.0,80,2331
2025-03-18 19:00:00,2.58,0.31,75,1755
2025-03-18 20:00:00,3.14,0.0,100,1780
2025-03-18 21:00:00,0.96,0.0,48,1169
2025-03-18 22:00:00,7.17,0.34,12,1000
2025-03-18 23:00:00,3.72,0.0,63,852
2025-03-19 00:00:00,6.23,0.91,36,1011
2025-03-19 01:00:00,9.36,0.19,61,994
2025-03-19 02:00:00,5.46,0.49,47,870
2025-03-19 03:00:00,8.07,0.0,57,1178
2025-03-19 04:00:00,6.48,0.0,53,1269
2025-03-19 05:00:00,9.4,0.0,100,1126
2025-03-19 06:00:00,8.81,0.29,78,1935
2025-03-19 07:00:00,5.3,0.41,100,2322
2025-03-19 08:00:00,6.87,0.0,80,2425
2025-03-19 09:00:00,10.51,0.0,100,2252
2025-03-19 10:00:00,8.56,0.0,72,2172
2025-03-19 11:00:00,3.19,0.0,100,1257
2025-03-19 12:00:00,9.35,0.97,91,1049
2025-03-19 13:00:00,4.13,2.69,60,1106
2025-03-19 14:00:00,11.62,0.0,95,1738
2025-03-19 15:00:00,10.45,0.0,80,2056
2025-03-19 16:00:00,8.25,2.26,74,2103
2025-03-19 17:00:00,7.85,0.0,82,2673
2025-03-19 18:00:00,6.75,0.01,98,2403
2025-03-19 19:00:00,9.42,0.0,26,2176
2025-03-19 20:00:00,6.27,0.71,70,1493
2025-03-19 21:00:00,8.09,0.0,96,1267
2025-03-19 22:00:00,10.0,2.24,85,1074
2025-03-19 23:00:00,5.69,0.0,51,875
2025-03-20 00:00:00,5.84,0.9,20,1309
2025-03-20 01:00:00,4.11,0.0,100,893
2025-03-20 02:00:00,4.5,0.44,75,721
2025-03-20 03:00:00,2.2,0.0,100,955
2025-03-20 04:00:00,9.88,0.0,99,1068
2025-03-20 05:00:00,13.12,0.0,59,1528
2025-03-20 06:00:00,11.97,0.57,17,1787
2025-03-20 07:00:00,2.81,0.08,68,2191
2025-03-20 08:00:00,9.86,0.81,78,2095
2025-03-20 09:00:00,11.96,0.0,91,2241
2025-03-20 10:00:00,6.32,0.0,52,1798
2025-03-20 11:00:00,7.99,0.0,84,1391
2025-03-20 12:00:00,1.67,0.0,84,981
2025-03-20 13:00:00,8.49,0.0,100,1372
2025-03-20 14:00:00,4.5,0.0,72,1795
2025-03-20 15:00:00,8.29,0.0,90,2091
2025-03-20 16:00:00,3.01,0.0,87,2440
2025-03-20 17:00:00,9.32,0.0,100,2369
2025-03-20 18:00:00,10.76,0.0,59,2476
2025-03-20 19:00:00,5.34,0.0,3,2223
2025-03-20 20:00:00,4.28,3.11,73,1452
2025-03-20 21:00:00,1.22,0.0,74,1209
2025-03-20 22:00:00,6.89,0.0,50,1344
2025-03-20 23:00:00,5.95,0.0,42,1001
2025-03-21 00:00:00,3.35,0.45,65,819
2025-03-21 01:00:00,9.36,0.0,77,973
2025-03-21 02:00:00,6.65,0.0,82,1048
2025-03-21 03:00:00,4.77,0.0,22,972
2025-03-21 04:00:00,6.34,0.0,36,1122
2025-03-21 05:00:00,11.21,0.0,100,1386
2025-03-21 06:00:00,9.81,1.57,75,1739
2025-03-21 07:00:00,7.61,1.74,79,1943
2025-03-21 08:00:00,9.86,0.0,46,2592
2025-03-21 09:00:00,4.52,0.0,79,2186
2025-03-21 10:00:00,8.1,0.0,70,1995
2025-03-21 11:00:00,8.44,0.0,64,1516
2025-03-21 12:00:00,6.59,0.0,43,1489
2025-03-21 13:00:00,9.31,0.11,58,1468
2025-03-21 14:00:00,5.66,0.0,100,1461
2025-03-21 15:00:00,9.53,0.0,71,2069
2025-03-21 16:00:00,9.66,0.0,99,2336
2025-03-21 17:00:00,-0.75,0.36,75,2168
2025-03-21 18:00:00,11.57,0.0,72,2629
2025-03-21 19:00:00,-1.14,0.06,64,1903
2025-03-21 20:00:00,6.15,0.11,100,1535
2025-03-21 21:00:00,11.08,0.0,89,1454
2025-03-21 22:00:00,7.05,0.0,60,1090
2025-03-21 23:00:00,3.6,0.0,70,1165
2025-03-22 00:00:00,5.03,2.03,100,441
2025-03-22 01:00:00,11.39,0.0,9,876
2025-03-22 02:00:00,2.55,0.0,87,659
2025-03-22 03:00:00,11.7,0.0,93,665
2025-03-22 04:00:00,8.14,0.0,61,627
2025-03-22 05:00:00,4.73,0.0,83,884
2025-03-22 06:00:00,6.56,0.21,92,1126
2025-03-22 07:00:00,5.26,1.64,49,1081
2025-03-22 08:00:00,10.91,0.0,100,1515
2025-03-22 09:00:00,10.51,0.0,87,1394
2025-03-22 10:00:00,3.15,0.0,76,1055
2025-03-22 11:00:00,7.1,0.6,82,1082
2025-03-22 12:00:00,5.72,0.0,97,800
2025-03-22 13:00:00,12.19,0.0,100,1097
2025-03-22 14:00:00,4.26,0.0,95,1133
2025-03-22 15:00:00,13.12,3.85,100,1113
2025-03-22 16:00:00,8.21,1.74,84,1372
2025-03-22 17:00:00,4.82,0.0,100,1784
2025-03-22 18:00:00,6.28,0.06,43,1451
2025-03-22 19:00:00,5.9,0.0,36,1433
2025-03-22 20:00:00,4.49,0.0,83,945
2025-03-22 21:00:00,8.59,0.0,96,1090
2025-03-22 22:00:00,4.63,0.07,15,927
2025-03-22 23:00:00,1.77,0.0,79,792
2025-03-23 00:00:00,7.48,0.0,75,468
2025-03-23 01:00:00,3.21,0.0,98,472
2025-03-23 02:00:00,6.36,0.0,90,378
2025-03-23 03:00:00,5.89,0.0,34,816
2025-03-23 04:00:00,6.01,0.49,53,703
2025-03-23 05:00:00,14.62,0.58,59,1162
2025-03-23 06:00:00,8.79,0.08,98,1237
2025-03-23 07:00:00,9.36,0.0,89,1246
2025-03-23 08:00:00,3.29,0.0,64,1388
2025-03-23 09:00:00,6.66,0.0,83,1527
2025-03-23 10:00:00,9.27,0.0,53,1405
2025-03-23 11:00:00,5.55,0.0,100,599
2025-03-23 12:00:00,11.34,0.23,94,780
2025-03-23 13:00:00,5.01,0.0,99,713
2025-03-23 14:00:00,7.76,0.0,100,948
2025-03-23 15:00:00,6.86,0.0,100,1237
2025-03-23 16:00:00,9.11,0.91,80,1506
2025-03-23 17:00:00,6.7,0.0,75,1551
2025-03-23 18:00:00,7.81,0.38,100,1216
2025-03-23 19:00:00,7.91,0.35,80,1358
2025-03-23 20:00:00,6.42,0.74,61,1024
2025-03-23 21:00:00,10.07,0.0,100,799
2025-03-23 22:00:00,9.33,0.0,56,821
2025-03-23 23:00:00,8.35,0.0,36,762
2025-03-24 00:00:00,7.64,0.0,100,953
2025-03-24 01:00:00,11.32,0.0,61,1048
2025-03-24 02:00:00,8.22,0.13,91,999
2025-03-24 03:00:00,8.01,0.0,100,1010
2025-03-24 04:00:00,9.24,0.0,45,1394
2025-03-24 05:00:00,14.02,2.37,79,1499
2025-03-24 06:00:00,4.91,0.0,100,1794
2025-03-24 07:00:00,11.24,0.67,97,2134
2025-03-24 08:00:00,3.25,0.0,75,2196
2025-03-24 09:00:00,9.58,0.08,100,2352
2025-03-24 10:00:00,13.65,0.0,77,1846
2025-03-24 11:00:00,10.4,0.0,90,1814
2025-03-24 12:00:00,9.44,0.56,100,1495
2025-03-24 13:00:00,7.25,0.0,100,1319
2025-03-24 14:00:00,9.02,0.0,100,1449
2025-03-24 15:00:00,8.17,0.0,57,2197
2025-03-24 16:00:00,6.57,0.0,100,2579
2025-03-24 17:00:00,8.06,0.0,84,2268
2025-03-24 18:00:00,9.52,0.0,61,2673
2025-03-24 19:00:00,6.63,0.0,85,1768
2025-03-24 20:00:00,6.51,0.0,84,1471
2025-03-24 21:00:00,4.85,0.74,100,1267
2025-03-24 22:00:00,10.1,0.38,89,1301
2025-03-24 23:00:00,10.57,0.0,60,1143
2025-03-25 00:00:00,9.93,1.42,54,965
2025-03-25 01:00:00,12.13,0.0,79,1215
2025-03-25 02:00:00,9.5,0.0,46,1270
2025-03-25 03:00:00,10.41,0.0,62,1042
2025-03-25 04:00:00,10.15,3.87,74,651
2025-03-25 05:00:00,8.96,0.0,69,1652
2025-03-25 06:00:00,7.65,0.0,98,1904
2025-03-25 07:00:00,15.88,0.92,61,2414
2025-03-25 08:00:00,7.88,0.0,18,2489
2025-03-25 09:00:00,7.24,0.0,38,2450
2025-03-25 10:00:00,10.54,0.59,79,1698
2025-03-25 11:00:00,9.99,0.0,65,1563
2025-03-25 12:00:00,5.02,0.0,49,1224
2025-03-25 13:00:00,12.61,1.47,100,1269
2025-03-25 14:00:00,8.96,0.0,100,1790
2025-03-25 15:00:00,5.91,0.0,78,1887
2025-03-25 16:00:00,12.8,0.0,86,2502
2025-03-25 17:00:00,11.12,0.0,73,2523
2025-03-25 18:00:00,5.44,0.0,48,2260
2025-03-25 19:00:00,14.57,0.0,100,1931
2025-03-25 20:00:00,11.21,0.0,100,1979
2025-03-25 21:00:00,9.21,0.14,30,1491
2025-03-25 22:00:00,14.01,0.0,85,1220
2025-03-25 23:00:00,9.72,0.0,88,924
2025-03-26 00:00:00,9.46,0.05,72,1177
2025-03-26 01:00:00,7.57,0.0,100,1091
2025-03-26 02:00:00,11.29,0.0,100,1133
2025-03-26 03:00:00,10.98,0.0,70,1112
2025-03-26 04:00:00,9.59,0.47,74,1276
2025-03-26 05:00:00,7.18,0.0,71,1358
2025-03-26 06:00:00,9.94,0.0,65,1972
2025-03-26 07:00:00,9.34,0.0,57,2346
2025-03-26 08:00:00,5.55,0.0,92,2435
2025-03-26 09:00:00,5.13,0.0,100,1950
2025-03-26 10:00:00,11.24,0.88,100,2047
2025-03-26 11:00:00,1.74,0.0,100,1562
2025-03-26 12:00:00,10.16,0.0,20,1183
2025-03-26 13:00:00,8.11,0.0,33,1576
2025-03-26 14:00:00,13.47,0.92,100,1430
2025-03-26 15:00:00,8.07,0.0,100,2030
2025-03-26 16:00:00,11.53,0.0,94,2065
2025-03-26 17:00:00,8.36,0.0,72,2439
2025-03-26 18:00:00,9.89,0.0,100,2266
2025-03-26 19:00:00,11.76,0.0,99,2238
2025-03-26 20:00:00,8.16,0.44,100,1850
2025-03-26 21:00:00,12.54,0.0,33,1798
2025-03-26 22:00:00,6.57,0.0,88,1315
2025-03-26 23:00:00,10.43,0.0,100,1083
2025-03-27 00:00:00,12.62,0.0,93,1090
2025-03-27 01:00:00,11.84,0.0,100,1067
2025-03-27 02:00:00,15.61,0.37,81,911
2025-03-27 03:00:00,7.57,0.0,83,1206
2025-03-27 04:00:00,5.72,0.63,100,1138
2025-03-27 05:00:00,6.87,0.0,63,1588
2025-03-27 06:00:00,11.84,0.0,61,1659
2025-03-27 07:00:00,11.35,0.42,68,2374
2025-03-27 08:00:00,10.16,0.0,80,2631
2025-03-27 09:00:00,6.49,0.0,40,2343
2025-03-27 10:00:00,12.16,0.0,98,1838
2025-03-27 11:00:00,6.18,0.0,76,1259
2025-03-27 12:00:00,13.33,0.0,100,1030
2025-03-27 13:00:00,18.43,0.0,27,1684
2025-03-27 14:00:00,10.96,0.0,100,1678
2025-03-27 15:00:00,11.61,0.0,100,2037
2025-03-27 16:00:00,8.38,0.0,91,2544
2025-03-27 17:00:00,4.43,0.68,81,2147
2025-03-27 18:00:00,8.05,0.11,100,2246
2025-03-27 19:00:00,6.58,0.0,100,2233
2025-03-27 20:00:00,5.51,0.0,93,1599
2025-03-27 21:00:00,15.02,3.12,95,1111
2025-03-27 22:00:00,10.67,0.0,100,1166
2025-03-27 23:00:00,10.99,0.0,99,1181
2025-03-28 00:00:00,9.24,0.0,60,764
2025-03-28 01:00:00,9.65,0.0,100,952
2025-03-28 02:00:00,13.06,0.02,77,1096
2025-03-28 03:00:00,10.07,3.43,81,535
2025-03-28 04:00:00,11.76,0.61,83,1216
2025-03-28 05:00:00,9.58,0.07,100,1553
2025-03-28 06:00:00,9.14,0.0,100,1922
2025-03-28 07:00:00,5.94,0.0,81,2504
2025-03-28 08:00:00,4.23,0.88,100,2196
2025-03-28 09:00:00,9.38,0.0,84,2369
2025-03-28 10:00:00,10.33,0.0,100,1944
2025-03-28 11:00:00,6.31,0.0,85,1400
2025-03-28 12:00:00,10.06,0.06,68,1397
2025-03-28 13:00:00,10.33,0.0,100,1435
2025-03-28 14:00:00,3.7,0.0,65,1503
2025-03-28 15:00:00,7.42,0.21,64,2162
2025-03-28 16:00:00,11.39,0.0,49,2390
2025-03-28 17:00:00,11.32,0.25,100,2394
2025-03-28 18:00:00,6.7,0.0,100,2252
2025-03-28 19:00:00,10.64,0.0,89,2182
2025-03-28 20:00:00,13.23,0.0,55,1985
2025-03-28 21:00:00,12.49,0.0,80,1446
2025-03-28 22:00:00,9.88,1.14,72,1067
2025-03-28 23:00:00,8.76,0.0,54,851
2025-03-29 00:00:00,8.58,0.0,68,596
2025-03-29 01:00:00,11.87,0.0,93,565
2025-03-29 02:00:00,11.06,0.38,65,747
2025-03-29 03:00:00,12.36,0.0,87,742
2025-03-29 04:00:00,10.87,0.68,36,720
2025-03-29 05:00:00,12.93,0.49,100,982
2025-03-29 06:00:00,10.75,0.0,70,1318
2025-03-29 07:00:00,12.83,0.0,100,1219
2025-03-29 08:00:00,13.08,0.0,85,1881
2025-03-29 09:00:00,8.06,0.0,90,1665
2025-03-29 10:00:00,5.05,0.0,52,1246
2025-03-29 11:00:00,15.1,0.0,61,1180
2025-03-29 12:00:00,11.24,0.0,62,837
2025-03-29 13:00:00,5.33,0.0,81,673
2025-03-29 14:00:00,8.33,0.0,100,1415
2025-03-29 15:00:00,12.79,2.16,91,1282
2025-03-29 16:00:00,9.63,0.26,57,1752
2025-03-29 17:00:00,8.93,2.13,82,1374
2025-03-29 18:00:00,14.67,0.0,78,1845
2025-03-29 19:00:00,7.33,0.0,71,1202
2025-03-29 20:00:00,8.08,0.0,80,1115
2025-03-29 21:00:00,11.11,0.31,99,1014
2025-03-29 22:00:00,11.64,0.0,62,800
2025-03-29 23:00:00,11.96,0.0,71,922
2025-03-30 00:00:00,13.51,0.18,100,726
2025-03-30 01:00:00,11.37,0.0,92,721
2025-03-30 02:00:00,12.25,0.0,100,596
2025-03-30 03:00:00,10.0,0.0,100,752
2025-03-30 04:00:00,10.97,0.55,46,1113
2025-03-30 05:00:00,11.1,0.0,87,1042
2025-03-30 06:00:00,11.42,0.0,67,1422
2025-03-30 07:00:00,13.1,0.0,50,1777
2025-03-30 08:00:00,12.44,0.0,60,1605
2025-03-30 09:00:00,10.91,0.0,72,1582
2025-03-30 10:00:00,8.35,0.0,73,1264
2025-03-30 11:00:00,10.98,0.0,65,763
2025-03-30 12:00:00,10.69,0.0,80,949
2025-03-30 13:00:00,11.36,0.42,100,768
2025-03-30 14:00:00,17.4,0.12,37,1456
2025-03-30 15:00:00,9.21,1.76,100,1047
2025-03-30 16:00:00,12.04,0.0,80,1930
2025-03-30 17:00:00,13.98,0.48,69,1675
2025-03-30 18:00:00,11.07,0.77,30,1907
2025-03-30 19:00:00,17.79,0.0,99,1471
2025-03-30 20:00:00,9.64,0.0,44,1236
2025-03-30 21:00:00,11.75,0.0,100,1175
2025-03-30 22:00:00,8.38,0.27,100,602
2025-03-30 23:00:00,9.72,1.36,48,652
2025-03-31 00:00:00,11.83,0.0,100,1086
2025-03-31 01:00:00,13.62,0.0,81,1135
2025-03-31 02:00:00,12.04,0.0,28,1180
2025-03-31 03:00:00,14.86,0.0,50,1207
2025-03-31 04:00:00,10.8,1.25,84,1192
2025-03-31 05:00:00,10.09,0.0,90,1505
2025-03-31 06:00:00,19.2,0.0,40,2264
2025-03-31 07:00:00,12.27,0.0,81,2404
2025-03-31 08:00:00,8.92,0.0,100,2524
2025-03-31 09:00:00,9.0,0.0,100,2421
2025-03-31 10:00:00,8.26,0.0,70,1863
2025-03-31 11:00:00,13.89,0.0,91,1690
2025-03-31 12:00:00,9.99,0.0,100,1159
2025-03-31 13:00:00,11.47,1.03,100,1092
2025-03-31 14:00:00,10.89,0.0,100,1664
2025-03-31 15:00:00,13.28,0.0,83,2030
2025-03-31 16:00:00,8.54,0.23,78,2384
2025-03-31 17:00:00,7.86,0.0,87,2403
2025-03-31 18:00:00,11.76,0.0,61,2459
2025-03-31 19:00:00,12.89,1.21,100,2088
2025-03-31 20:00:00,12.08,0.01,42,2051
2025-03-31 21:00:00,8.65,0.01,67,1475
2025-03-31 22:00:00,13.12,0.0,79,1421
2025-03-31 23:00:00,8.85,0.0,92,1039
2025-04-01 00:00:00,9.82,0.55,96,716
2025-04-01 01:00:00,8.56,0.0,100,811
2025-04-01 02:00:00,15.29,0.0,82,1100
2025-04-01 03:00:00,13.29,0.0,62,1297
2025-04-01 04:00:00,13.2,0.23,76,1236
2025-04-01 05:00:00,15.13,0.11,72,1763
2025-04-01 06:00:00,19.83,3.48,93,1896
2025-04-01 07:00:00,6.26,1.0,53,2099
2025-04-01 08:00:00,9.17,0.76,76,2723
2025-04-01 09:00:00,9.54,0.14,100,2053
2025-04-01 10:00:00,8.84,0.08,84,2159
2025-04-01 11:00:00,8.16,0.0,54,1537
2025-04-01 12:00:00,10.49,0.0,72,1228
2025-04-01 13:00:00,7.74,1.01,24,1403
2025-04-01 14:00:00,12.39,0.65,79,1607
2025-04-01 15:00:00,11.54,0.0,100,2307
2025-04-01 16:00:00,12.83,0.0,50,2411
2025-04-01 17:00:00,12.91,0.0,44,2557
2025-04-01 18:00:00,13.2,0.0,64,2293
2025-04-01 19:00:00,10.27,0.0,100,1975
2025-04-01 20:00:00,17.75,0.0,100,1736
2025-04-01 21:00:00,12.09,0.0,91,1349
2025-04-01 22:00:00,5.8,0.0,48,1213
2025-04-01 23:00:00,8.38,0.0,79,939
2025-04-02 00:00:00,6.47,0.0,100,1166
2025-04-02 01:00:00,11.74,0.0,72,1059
2025-04-02 02:00:00,11.33,0.0,84,1117
2025-04-02 03:00:00,10.29,0.0,86,1213
2025-04-02 04:00:00,17.72,0.0,41,1713
2025-04-02 05:00:00,13.34,0.0,100,1655
2025-04-02 06:00:00,13.87,0.0,100,1919
2025-04-02 07:00:00,8.9,0.0,30,2278
2025-04-02 08:00:00,8.69,1.6,47,2422
2025-04-02 09:00:00,11.8,0.0,56,2570
2025-04-02 10:00:00,12.21,0.0,99,1951
2025-04-02 11:00:00,6.12,0.6,61,1434
2025-04-02 12:00:00,11.15,0.2,90,1239
2025-04-02 13:00:00,11.73,0.0,75,1221
2025-04-02 14:00:00,11.05,0.0,82,1790
2025-04-02 15:00:00,9.25,0.21,92,2155
2025-04-02 16:00:00,10.07,2.0,87,2147
2025-04-02 17:00:00,11.16,1.5,80,2516
2025-04-02 18:00:00,11.96,0.0,88,2581
2025-04-02 19:00:00,13.51,0.0,85,2085
2025-04-02 20:00:00,14.93,0.0,75,1904
2025-04-02 21:00:00,10.81,0.0,69,1488
2025-04-02 22:00:00,10.32,0.04,100,912
2025-04-02 23:00:00,13.0,0.0,69,1159
2025-04-03 00:00:00,13.83,0.0,100,909
2025-04-03 01:00:00,10.69,0.13,63,1086
2025-04-03 02:00:00,14.37,1.34,100,1012
2025-04-03 03:00:00,14.93,0.0,100,1104
2025-04-03 04:00:00,15.87,0.0,72,1215
2025-04-03 05:00:00,17.33,0.46,63,1638
2025-04-03 06:00:00,9.4,0.0,69,2290
2025-04-03 07:00:00,12.04,0.24,80,2044
2025-04-03 08:00:00,12.03,1.08,88,2437
2025-04-03 09:00:00,11.7,0.0,79,2297
2025-04-03 10:00:00,10.05,0.5,69,1838
2025-04-03 11:00:00,7.54,1.12,100,1292
2025-04-03 12:00:00,12.27,0.19,75,1209
2025-04-03 13:00:00,9.69,0.53,64,1495
2025-04-03 14:00:00,12.25,0.25,100,1688
2025-04-03 15:00:00,9.61,0.0,100,1765
2025-04-03 16:00:00,8.7,0.77,100,2433
2025-04-03 17:00:00,12.7,2.7,100,2354
2025-04-03 18:00:00,12.45,1.76,89,2129
2025-04-03 19:00:00,13.73,1.69,73,1988
2025-04-03 20:00:00,18.55,3.91,32,1682
2025-04-03 21:00:00,12.83,0.0,57,1682
2025-04-03 22:00:00,13.45,0.44,85,1414
2025-04-03 23:00:00,8.76,2.23,50,944
2025-04-04 00:00:00,8.44,1.36,40,1035
2025-04-04 01:00:00,17.04,1.01,82,1216
2025-04-04 02:00:00,9.53,0.0,99,958
2025-04-04 03:00:00,9.16,0.0,74,1162
2025-04-04 04:00:00,12.18,0.85,100,826
2025-04-04 05:00:00,12.03,0.0,95,1296
2025-04-04 06:00:00,9.59,0.0,100,1960
2025-04-04 07:00:00,11.38,0.0,100,2418
2025-04-04 08:00:00,15.98,3.77,100,2064
2025-04-04 09:00:00,9.88,0.0,98,2222
2025-04-04 10:00:00,8.12,0.76,68,1789
2025-04-04 11:00:00,15.12,0.0,82,1618
2025-04-04 12:00:00,13.77,0.32,100,890
2025-04-04 13:00:00,10.43,0.0,58,1564
2025-04-04 14:00:00,7.55,0.0,100,1686
2025-04-04 15:00:00,10.06,0.0,76,2157
2025-04-04 16:00:00,12.13,0.0,86,2409
2025-04-04 17:00:00,15.79,0.0,60,2454
2025-04-04 18:00:00,9.19,0.14,47,2290
2025-04-04 19:00:00,12.04,0.0,73,2371
2025-04-04 20:00:00,14.32,1.32,100,1534
2025-04-04 21:00:00,5.15,3.14,62,1147
2025-04-04 22:00:00,15.4,1.6,100,934
2025-04-04 23:00:00,8.75,0.64,66,1050
2025-04-05 00:00:00,13.59,0.69,53,664
2025-04-05 01:00:00,13.34,0.0,86,700
2025-04-05 02:00:00,15.85,0.0,97,718
2025-04-05 03:00:00,14.25,0.23,85,974
2025-04-05 04:00:00,5.46,0.27,84,1000
2025-04-05 05:00:00,10.24,0.0,100,1025
2025-04-05 06:00:00,13.01,0.0,82,1296
2025-04-05 07:00:00,12.01,0.35,68,1418
2025-04-05 08:00:00,14.03,0.0,52,1632
2025-04-05 09:00:00,14.96,0.0,100,1829
2025-04-05 10:00:00,14.42,0.0,69,1195
2025-04-05 11:00:00,11.95,1.87,72,788
2025-04-05 12:00:00,7.06,1.06,100,648
2025-04-05 13:00:00,11.23,0.0,100,596
2025-04-05 14:00:00,13.85,0.31,86,1025
2025-04-05 15:00:00,9.33,0.81,77,1146
2025-04-05 16:00:00,14.49,6.44,80,835
2025-04-05 17:00:00,15.32,0.0,69,1849
2025-04-05 18:00:00,12.98,2.8,71,1503
2025-04-05 19:00:00,3.41,0.0,71,1260
2025-04-05 20:00:00,8.76,0.0,100,1069
2025-04-05 21:00:00,18.25,0.0,78,1093
2025-04-05 22:00:00,10.96,0.45,100,644
2025-04-05 23:00:00,6.64,0.0,77,771
2025-04-06 00:00:00,16.6,3.16,71,502
2025-04-06 01:00:00,12.94,0.04,100,321
2025-04-06 02:00:00,16.21,0.3,80,858
2025-04-06 03:00:00,13.73,0.0,77,825
2025-04-06 04:00:00,14.27,0.0,81,936
2025-04-06 05:00:00,13.98,0.0,100,1213
2025-04-06 06:00:00,14.99,0.0,88,1123
2025-04-06 07:00:00,19.73,0.0,100,1522
2025-04-06 08:00:00,15.81,0.25,74,1770
2025-04-06 09:00:00,8.15,0.0,100,1199
2025-04-06 10:00:00,14.24,0.0,86,1335
2025-04-06 11:00:00,16.32,0.0,100,1202
2025-04-06 12:00:00,16.5,2.31,100,673
2025-04-06 13:00:00,11.62,0.0,56,1064
2025-04-06 14:00:00,16.39,0.67,82,1171
2025-04-06 15:00:00,15.68,2.12,100,1165
2025-04-06 16:00:00,20.61,0.0,100,1684
2025-04-06 17:00:00,10.65,1.78,100,1499
2025-04-06 18:00:00,11.37,1.22,83,1284
2025-04-06 19:00:00,11.98,0.53,100,1565
2025-04-06 20:00:00,11.42,0.0,63,1143
2025-04-06 21:00:00,10.23,0.0,43,1138
2025-04-06 22:00:00,4.61,0.16,73,762
2025-04-06 23:00:00,11.59,0.0,100,580
2025-04-07 00:00:00,14.3,0.0,53,1336
2025-04-07 01:00:00,11.71,0.02,43,1287
2025-04-07 02:00:00,19.0,0.0,37,1053
2025-04-07 03:00:00,13.23,1.71,98,897
2025-04-07 04:00:00,17.07,1.25,44,1294
2025-04-07 05:00:00,13.98,1.08,94,1131
2025-04-07 06:00:00,15.67,0.31,72,1703
2025-04-07 07:00:00,14.03,0.0,61,2328
2025-04-07 08:00:00,17.3,0.0,55,2496
2025-04-07 09:00:00,13.36,0.0,85,2240
2025-04-07 10:00:00,14.68,0.03,61,1857
2025-04-07 11:00:00,14.29,0.0,80,1565
2025-04-07 12:00:00,12.33,0.0,90,1126
2025-04-07 13:00:00,14.41,0.04,95,1634
2025-04-07 14:00:00,19.9,0.0,100,1892
2025-04-07 15:00:00,12.38,1.83,84,2032
2025-04-07 16:00:00,14.45,0.0,54,2289
2025-04-07 17:00:00,16.97,0.41,91,2465
2025-04-07 18:00:00,16.61,0.39,96,2445
2025-04-07 19:00:00,13.23,0.0,75,2235
2025-04-07 20:00:00,6.04,1.08,73,1493
2025-04-07 21:00:00,14.74,0.0,100,1409
2025-04-07 22:00:00,6.53,0.0,48,1194
2025-04-07 23:00:00,17.6,0.0,92,1166
2025-04-08 00:00:00,14.0,0.99,100,1240
2025-04-08 01:00:00,16.49,0.0,71,1197
2025-04-08 02:00:00,10.78,0.0,76,1078
2025-04-08 03:00:00,8.83,0.0,70,927
2025-04-08 04:00:00,14.27,0.0,80,1127
2025-04-08 05:00:00,13.39,0.0,100,1498
2025-04-08 06:00:00,12.01,0.0,75,2134
2025-04-08 07:00:00,13.74,0.0,100,2334
2025-04-08 08:00:00,21.79,0.38,68,2653
2025-04-08 09:00:00,15.99,0.0,100,2291
2025-04-08 10:00:00,16.64,0.3,93,1728
2025-04-08 11:00:00,16.02,1.69,83,1461
2025-04-08 12:00:00,17.93,0.0,100,1279
2025-04-08 13:00:00,12.92,2.38,40,1349
2025-04-08 14:00:00,7.32,0.0,90,1718
2025-04-08 15:00:00,12.92,1.34,62,1897
2025-04-08 16:00:00,15.92,1.44,69,2376
2025-04-08 17:00:00,10.58,0.47,68,2316
2025-04-08 18:00:00,12.96,0.0,56,2529
2025-04-08 19:00:00,11.41,0.68,38,2128
2025-04-08 20:00:00,17.99,0.0,90,2074
2025-04-08 21:00:00,15.74,0.0,78,1416
2025-04-08 22:00:00,15.44,1.38,72,981
2025-04-08 23:00:00,15.35,0.37,99,1059
2025-04-09 00:00:00,13.67,0.0,91,1154
2025-04-09 01:00:00,14.38,1.12,73,592
2025-04-09 02:00:00,10.23,0.0,100,1137
2025-04-09 03:00:00,7.22,0.0,100,989
2025-04-09 04:00:00,14.23,0.56,100,1032
2025-04-09 05:00:00,14.75,2.04,69,1314
2025-04-09 06:00:00,17.41,0.69,86,1849
2025-04-09 07:00:00,18.5,0.0,49,2364
2025-04-09 08:00:00,18.49,2.62,71,2079
2025-04-09 09:00:00,10.79,0.0,65,2489
2025-04-09 10:00:00,12.73,0.0,100,1858
2025-04-09 11:00:00,15.22,0.85,62,1474
2025-04-09 12:00:00,21.38,0.0,74,1537
2025-04-09 13:00:00,18.22,0.0,43,1652
2025-04-09 14:00:00,17.14,0.0,93,1620
2025-04-09 15:00:00,12.62,0.0,57,2292
2025-04-09 16:00:00,11.13,0.0,100,2591
2025-04-09 17:00:00,16.15,1.03,35,2650
2025-04-09 18:00:00,10.48,0.0,77,2299
2025-04-09 19:00:00,13.07,0.0,34,2046
2025-04-09 20:00:00,13.44,0.0,67,1708
2025-04-09 21:00:00,18.56,1.05,73,1480
2025-04-09 22:00:00,12.72,0.0,65,1507
2025-04-09 23:00:00,6.47,0.29,67,950
2025-04-10 00:00:00,15.59,0.0,100,988
2025-04-10 01:00:00,11.98,0.0,100,1171
2025-04-10 02:00:00,14.2,0.0,88,1037
2025-04-10 03:00:00,13.82,0.21,58,1416
2025-04-10 04:00:00,13.25,0.0,81,1262
2025-04-10 05:00:00,16.45,0.0,71,1796
2025-04-10 06:00:00,9.48,0.0,100,1941
2025-04-10 07:00:00,12.52,0.0,87,2469
2025-04-10 08:00:00,16.13,1.35,40,2505
2025-04-10 09:00:00,12.23,1.46,100,2148
2025-04-10 10:00:00,9.25,0.0,100,1943
2025-04-10 11:00:00,16.08,0.07,100,1672
2025-04-10 12:00:00,17.44,0.0,67,1448
2025-04-10 13:00:00,13.94,0.0,87,1245
2025-04-10 14:00:00,8.19,5.32,50,1188
2025-04-10 15:00:00,16.19,0.0,78,2118
2025-04-10 16:00:00,9.1,0.0,90,2297
2025-04-10 17:00:00,15.0,0.0,64,2692
2025-04-10 18:00:00,11.41,0.3,88,2612
2025-04-10 19:00:00,10.6,0.0,84,2082
2025-04-10 20:00:00,12.75,0.18,68,2077
2025-04-10 21:00:00,13.53,0.0,100,1307
2025-04-10 22:00:00,12.14,0.01,74,1452
2025-04-10 23:00:00,15.84,0.0,83,1260
2025-04-11 00:00:00,13.03,0.0,43,1184
2025-04-11 01:00:00,17.31,0.0,93,1316
2025-04-11 02:00:00,15.21,0.0,68,1065
2025-04-11 03:00:00,12.27,0.0,100,1273
2025-04-11 04:00:00,11.77,0.92,47,1189
2025-04-11 05:00:00,9.42,0.0,90,1398
2025-04-11 06:00:00,15.24,0.0,25,1938
2025-04-11 07:00:00,13.3,1.49,95,2408
2025-04-11 08:00:00,7.25,0.44,75,2595
2025-04-11 09:00:00,12.76,0.0,90,2301
2025-04-11 10:00:00,11.66,0.57,65,1999
2025-04-11 11:00:00,19.09,0.0,56,1720
2025-04-11 12:00:00,9.26,0.57,69,1129
2025-04-11 13:00:00,10.04,1.97,84,1338
2025-04-11 14:00:00,17.7,1.77,94,1546
2025-04-11 15:00:00,18.44,0.0,87,1919
2025-04-11 16:00:00,12.13,0.0,56,2522
2025-04-11 17:00:00,12.47,0.0,100,2526
2025-04-11 18:00:00,16.21,0.0,88,2400
2025-04-11 19:00:00,7.38,0.0,64,1981
2025-04-11 20:00:00,8.78,0.0,90,1501
2025-04-11 21:00:00,13.52,0.0,86,1438
2025-04-11 22:00:00,19.02,0.02,75,1256
2025-04-11 23:00:00,13.06,0.0,72,1315
2025-04-12 00:00:00,14.96,0.0,100,808
2025-04-12 01:00:00,18.06,0.0,100,716
2025-04-12 02:00:00,20.98,1.59,29,862
2025-04-12 03:00:00,12.92,0.0,100,734
2025-04-12 04:00:00,14.6,0.0,80,869
2025-04-12 05:00:00,20.12,0.28,85,1129
2025-04-12 06:00:00,10.09,0.0,100,1522
2025-04-12 07:00:00,17.74,0.38,13,1886
2025-04-12 08:00:00,11.6,1.43,100,1481
2025-04-12 09:00:00,14.96,0.0,100,1751
2025-04-12 10:00:00,13.93,0.21,62,1502
2025-04-12 11:00:00,11.78,0.0,45,1162
2025-04-12 12:00:00,11.71,0.54,100,712
2025-04-12 13:00:00,15.48,0.0,36,1097
2025-04-12 14:00:00,17.64,0.39,90,1089
2025-04-12 15:00:00,14.27,0.0,100,1483
2025-04-12 16:00:00,14.87,0.0,89,1602
2025-04-12 17:00:00,16.37,2.53,94,1414
2025-04-12 18:00:00,11.74,0.0,73,1761
2025-04-12 19:00:00,16.87,0.0,91,1751
2025-04-12 20:00:00,17.11,0.22,62,1361
2025-04-12 21:00:00,22.47,0.18,65,1162
2025-04-12 22:00:00,13.53,1.38,80,721
2025-04-12 23:00:00,13.28,0.56,41,977
2025-04-13 00:00:00,17.25,0.21,94,811
2025-04-13 01:00:00,17.4,0.25,17,936
2025-04-13 02:00:00,13.34,0.03,88,778
2025-04-13 03:00:00,13.73,0.0,91,579
2025-04-13 04:00:00,16.57,0.0,60,1031
2025-04-13 05:00:00,12.46,0.17,49,986
2025-04-13 06:00:00,13.71,0.35,69,1404
2025-04-13 07:00:00,15.21,1.86,95,1313
2025-04-13 08:00:00,17.93,0.0,88,1896
2025-04-13 09:00:00,13.13,0.0,52,1674
2025-04-13 10:00:00,9.41,0.0,82,1140
2025-04-13 11:00:00,9.19,0.0,86,964
2025-04-13 12:00:00,11.16,0.0,85,1154
2025-04-13 13:00:00,11.0,0.0,55,729
2025-04-13 14:00:00,14.48,0.09,83,1265
2025-04-13 15:00:00,11.38,0.0,100,1273
2025-04-13 16:00:00,12.83,2.37,93,1558
2025-04-13 17:00:00,12.62,0.0,90,1845
2025-04-13 18:00:00,13.62,0.0,100,1673
2025-04-13 19:00:00,18.91,0.7,84,1605
2025-04-13 20:00:00,16.93,1.0,58,1253
2025-04-13 21:00:00,14.99,0.0,58,1100
2025-04-13 22:00:00,13.56,0.13,84,784
2025-04-13 23:00:00,13.64,0.0,43,834
2025-04-14 00:00:00,16.21,0.14,72,1064
2025-04-14 01:00:00,16.98,0.82,91,1024
2025-04-14 02:00:00,12.5,0.0,100,784
2025-04-14 03:00:00,15.34,0.24,41,1374
2025-04-14 04:00:00,9.13,1.57,82,1304
2025-04-14 05:00:00,15.86,0.02,78,1547
2025-04-14 06:00:00,17.51,2.19,80,1950
2025-04-14 07:00:00,14.39,1.58,83,2197
2025-04-14 08:00:00,20.68,0.12,78,2585
2025-04-14 09:00:00,12.58,0.0,100,2291
2025-04-14 10:00:00,15.88,2.1,100,1744
2025-04-14 11:00:00,15.12,0.0,100,1453
2025-04-14 12:00:00,14.93,0.0,79,1397
2025-04-14 13:00:00,14.88,0.0,69,1470
2025-04-14 14:00:00,15.55,0.0,55,1741
2025-04-14 15:00:00,17.77,0.0,66,2255
2025-04-14 16:00:00,19.36,0.72,97,2328
2025-04-14 17:00:00,15.22,0.0,100,2512
2025-04-14 18:00:00,17.67,1.46,96,2306
2025-04-14 19:00:00,13.12,0.0,63,2007
2025-04-14 20:00:00,17.52,0.0,63,2109
2025-04-14 21:00:00,12.94,0.0,100,1566
2025-04-14 22:00:00,18.5,0.0,58,1318
2025-04-14 23:00:00,21.86,4.89,100,666
2025-04-15 00:00:00,15.14,0.59,89,1113
2025-04-15 01:00:00,8.93,1.41,61,920
2025-04-15 02:00:00,13.87,0.0,50,1434
2025-04-15 03:00:00,19.21,0.0,62,1241
2025-04-15 04:00:00,17.17,0.0,90,1491
2025-04-15 05:00:00,16.26,0.0,56,1471
2025-04-15 06:00:00,18.54,0.8,100,1762
2025-04-15 07:00:00,16.96,0.13,74,2683
2025-04-15 08:00:00,19.16,1.01,97,2443
2025-04-15 09:00:00,18.27,0.0,95,2277
2025-04-15 10:00:00,20.07,2.23,100,1773
2025-04-15 11:00:00,16.59,0.0,68,1816
2025-04-15 12:00:00,18.23,0.0,82,1249
2025-04-15 13:00:00,14.59,4.89,44,996
2025-04-15 14:00:00,13.71,0.0,82,1550
2025-04-15 15:00:00,20.63,0.0,100,2167
2025-04-15 16:00:00,16.16,0.0,85,2629
2025-04-15 17:00:00,17.92,0.0,100,2489
2025-04-15 18:00:00,15.88,0.0,92,2292
2025-04-15 19:00:00,13.75,0.0,66,2090
2025-04-15 20:00:00,15.54,0.07,91,1726
2025-04-15 21:00:00,19.82,0.0,43,1777
2025-04-15 22:00:00,17.18,0.0,59,1438
2025-04-15 23:00:00,10.38,0.0,49,1267
2025-04-16 00:00:00,15.14,1.93,79,886
2025-04-16 01:00:00,21.14,0.06,78,1116
2025-04-16 02:00:00,15.15,0.0,100,980
2025-04-16 03:00:00,10.39,0.4,77,1126
2025-04-16 04:00:00,21.47,1.29,54,1527
2025-04-16 05:00:00,17.84,2.15,100,1205
2025-04-16 06:00:00,15.58,1.09,5,1895
2025-04-16 07:00:00,14.68,0.0,80,2257
2025-04-16 08:00:00,19.04,0.0,84,2763
2025-04-16 09:00:00,14.16,0.0,79,2405
2025-04-16 10:00:00,19.23,0.0,92,2129
2025-04-16 11:00:00,17.42,0.27,82,1522
2025-04-16 12:00:00,16.52,0.0,92,1397
2025-04-16 13:00:00,16.23,0.0,64,1533
2025-04-16 14:00:00,15.27,0.49,43,1636
2025-04-16 15:00:00,18.93,0.27,78,2348
2025-04-16 16:00:00,13.19,1.0,53,2382
2025-04-16 17:00:00,10.92,0.0,61,2529
2025-04-16 18:00:00,17.63,0.38,100,2474
2025-04-16 19:00:00,17.68,0.0,100,1986
2025-04-16 20:00:00,17.23,0.03,100,1883
2025-04-16 21:00:00,17.01,0.06,100,1423
2025-04-16 22:00:00,14.83,0.0,81,1285
2025-04-16 23:00:00,18.15,0.0,100,1360
2025-04-17 00:00:00,15.93,1.58,88,1009
2025-04-17 01:00:00,14.61,0.0,100,1043
2025-04-17 02:00:00,15.13,0.0,56,1162
2025-04-17 03:00:00,22.13,0.0,96,892
2025-04-17 04:00:00,10.86,0.0,47,1199
2025-04-17 05:00:00,17.57,0.04,96,1618
2025-04-17 06:00:00,11.03,0.65,36,1854
2025-04-17 07:00:00,15.74,0.0,49,2309
2025-04-17 08:00:00,14.77,0.0,47,2725
2025-04-17 09:00:00,9.81,0.0,85,2515
2025-04-17 10:00:00,17.24,0.0,88,1928
2025-04-17 11:00:00,14.93,0.0,100,1674
2025-04-17 12:00:00,9.77,0.0,77,1341
2025-04-17 13:00:00,18.59,1.24,98,1255
2025-04-17 14:00:00,20.37,2.35,83,1524
2025-04-17 15:00:00,20.54,0.0,96,2492
2025-04-17 16:00:00,17.14,0.0,82,2352
2025-04-17 17:00:00,16.21,0.51,100,2426
2025-04-17 18:00:00,20.05,0.33,53,2847
2025-04-17 19:00:00,21.12,0.59,18,2254
2025-04-17 20:00:00,19.47,0.0,89,2071
2025-04-17 21:00:00,13.24,0.0,34,1446
2025-04-17 22:00:00,16.67,3.74,100,867
2025-04-17 23:00:00,17.39,0.0,65,1411
2025-04-18 00:00:00,10.92,0.0,53,1038
2025-04-18 01:00:00,17.75,0.0,100,1128
2025-04-18 02:00:00,23.16,0.08,78,1347
2025-04-18 03:00:00,18.26,0.0,74,1111
2025-04-18 04:00:00,20.76,0.0,97,1676
2025-04-18 05:00:00,16.89,1.39,99,1561
2025-04-18 06:00:00,16.12,0.31,100,1900
2025-04-18 07:00:00,17.49,0.0,45,2494
2025-04-18 08:00:00,13.9,0.0,92,2822
2025-04-18 09:00:00,13.45,2.75,71,2034
2025-04-18 10:00:00,20.14,0.41,56,2021
2025-04-18 11:00:00,20.46,0.0,80,1835
2025-04-18 12:00:00,13.37,0.13,33,1168
2025-04-18 13:00:00,19.25,0.42,100,1485
2025-04-18 14:00:00,16.08,0.0,71,1878
2025-04-18 15:00:00,17.36,0.0,67,2152
2025-04-18 16:00:00,17.72,0.55,75,2245
2025-04-18 17:00:00,19.33,2.44,75,2388
2025-04-18 18:00:00,16.59,0.0,100,2561
2025-04-18 19:00:00,20.57,0.0,51,2234
2025-04-18 20:00:00,17.27,1.41,69,1554
2025-04-18 21:00:00,18.22,0.73,73,1673
2025-04-18 22:00:00,13.84,0.0,52,1423
2025-04-18 23:00:00,22.82,0.0,83,1255
2025-04-19 00:00:00,18.03,0.0,61,989
2025-04-19 01:00:00,18.76,0.74,44,852
2025-04-19 02:00:00,11.79,0.0,92,966
2025-04-19 03:00:00,14.15,0.0,100,860
2025-04-19 04:00:00,20.33,0.25,80,768
2025-04-19 05:00:00,17.48,0.0,76,1056
2025-04-19 06:00:00,10.88,0.0,75,1250
2025-04-19 07:00:00,19.73,0.0,66,1810
2025-04-19 08:00:00,14.99,0.0,100,1703
2025-04-19 09:00:00,20.85,0.0,81,1595
2025-04-19 10:00:00,16.35,0.82,24,1505
2025-04-19 11:00:00,17.23,0.0,100,1237
2025-04-19 12:00:00,20.15,1.52,100,753
2025-04-19 13:00:00,13.92,0.0,94,1042
2025-04-19 14:00:00,13.64,0.59,10,1181
2025-04-19 15:00:00,16.03,1.04,79,1329
2025-04-19 16:00:00,19.1,0.05,100,1656
2025-04-19 17:00:00,12.62,0.0,88,1812
2025-04-19 18:00:00,11.61,0.0,84,1685
2025-04-19 19:00:00,19.09,0.14,100,1468
2025-04-19 20:00:00,14.81,0.0,82,1208
2025-04-19 21:00:00,15.44,0.35,100,705
2025-04-19 22:00:00,11.05,0.0,83,1072
2025-04-19 23:00:00,14.58,0.0,81,533
2025-04-20 00:00:00,16.87,0.0,100,823
2025-04-20 01:00:00,19.68,0.0,68,876
2025-04-20 02:00:00,14.57,0.0,51,801
2025-04-20 03:00:00,21.86,2.55,79,619
2025-04-20 04:00:00,14.83,0.0,93,791
2025-04-20 05:00:00,14.84,1.82,100,934
2025-04-20 06:00:00,21.5,0.51,100,1200
2025-04-20 07:00:00,17.52,0.0,77,1757
2025-04-20 08:00:00,15.23,1.59,74,1515
2025-04-20 09:00:00,16.42,0.0,64,1661
2025-04-20 10:00:00,20.95,0.0,85,1412
2025-04-20 11:00:00,21.29,0.0,37,1260
2025-04-20 12:00:00,14.44,0.0,79,976
2025-04-20 13:00:00,16.76,0.0,100,1038
2025-04-20 14:00:00,17.16,0.0,41,1508
2025-04-20 15:00:00,13.93,0.0,82,1634
2025-04-20 16:00:00,16.72,0.0,88,1761
2025-04-20 17:00:00,16.9,0.0,91,1887
2025-04-20 18:00:00,20.31,0.0,54,2122
2025-04-20 19:00:00,20.51,0.41,91,1322
2025-04-20 20:00:00,15.9,0.0,65,1461
2025-04-20 21:00:00,16.25,0.0,43,1366
2025-04-20 22:00:00,18.88,0.0,100,991
2025-04-20 23:00:00,15.13,0.0,95,1071
2025-04-21 00:00:00,18.92,0.18,54,1448
2025-04-21 01:00:00,16.89,0.0,65,1125
2025-04-21 02:00:00,14.25,0.0,64,1111
2025-04-21 03:00:00,14.29,0.0,37,1324
2025-04-21 04:00:00,21.5,0.0,97,1286
2025-04-21 05:00:00,16.69,2.36,98,1678
2025-04-21 06:00:00,22.08,0.0,70,2247
2025-04-21 07:00:00,15.62,0.21,78,2415
2025-04-21 08:00:00,18.03,0.0,81,2441
2025-04-21 09:00:00,24.33,0.52,84,2525
2025-04-21 10:00:00,13.98,0.51,45,1839
2025-04-21 11:00:00,11.46,0.0,90,1624
2025-04-21 12:00:00,21.02,0.18,49,1091
2025-04-21 13:00:00,14.68,0.86,95,1578
2025-04-21 14:00:00,17.09,0.0,52,1862
2025-04-21 15:00:00,15.4,1.06,46,1899
2025-04-21 16:00:00,17.96,1.35,78,2366
2025-04-21 17:00:00,14.3,0.0,77,2593
2025-04-21 18:00:00,16.62,0.0,81,2494
2025-04-21 19:00:00,18.51,0.0,56,2482
2025-04-21 20:00:00,14.13,0.0,83,1866
2025-04-21 21:00:00,15.06,0.06,86,1617
2025-04-21 22:00:00,16.11,0.0,100,1253
2025-04-21 23:00:00,12.87,0.0,83,1215
2025-04-22 00:00:00,16.15,0.0,63,978
2025-04-22 01:00:00,17.78,0.0,44,1262
2025-04-22 02:00:00,16.22,0.57,40,1050
2025-04-22 03:00:00,16.61,0.84,86,1272
2025-04-22 04:00:00,17.36,0.0,98,1321
2025-04-22 05:00:00,15.45,0.0,56,1740
2025-04-22 06:00:00,19.49,0.0,84,2106
2025-04-22 07:00:00,21.73,0.0,74,2787
2025-04-22 08:00:00,16.03,0.0,96,2360
2025-04-22 09:00:00,18.88,0.93,100,2311
2025-04-22 10:00:00,16.7,1.71,21,1813
2025-04-22 11:00:00,18.52,0.59,100,1247
2025-04-22 12:00:00,22.12,0.0,84,1265
2025-04-22 13:00:00,18.95,0.05,65,1771
2025-04-22 14:00:00,12.1,0.69,66,1731
2025-04-22 15:00:00,18.78,0.0,79,2217
2025-04-22 16:00:00,21.12,0.8,66,2614
2025-04-22 17:00:00,16.76,0.48,55,2631
2025-04-22 18:00:00,20.41,0.0,60,2687
2025-04-22 19:00:00,15.35,0.33,52,2255
2025-04-22 20:00:00,12.96,0.0,100,1838
2025-04-22 21:00:00,17.84,1.37,80,1339
2025-04-22 22:00:00,12.15,0.0,100,1375
2025-04-22 23:00:00,16.7,0.0,87,1034
2025-04-23 00:00:00,21.54,0.0,93,1171
2025-04-23 01:00:00,11.95,0.55,51,1212
2025-04-23 02:00:00,13.85,0.71,72,1018
2025-04-23 03:00:00,14.59,0.27,80,1077
2025-04-23 04:00:00,17.49,1.02,62,1582
2025-04-23 05:00:00,16.59,0.43,66,1790
2025-04-23 06:00:00,21.88,0.0,88,2117
2025-04-23 07:00:00,20.55,0.0,89,2350
2025-04-23 08:00:00,19.17,0.31,44,2406
2025-04-23 09:00:00,18.12,0.03,85,2553
2025-04-23 10:00:00,18.86,0.89,92,2115
2025-04-23 11:00:00,15.1,0.0,63,1683
2025-04-23 12:00:00,20.26,1.08,61,1059
2025-04-23 13:00:00,14.35,0.0,89,1518
2025-04-23 14:00:00,20.19,1.35,14,1813
2025-04-23 15:00:00,21.24,0.0,78,2309
2025-04-23 16:00:00,18.32,1.16,100,2623
2025-04-23 17:00:00,17.16,0.0,13,2872
2025-04-23 18:00:00,18.89,0.76,98,2492
2025-04-23 19:00:00,9.1,0.0,92,2070
2025-04-23 20:00:00,18.59,2.9,42,1673
2025-04-23 21:00:00,17.34,0.0,91,1435
2025-04-23 22:00:00,17.53,0.0,100,1387
2025-04-23 23:00:00,19.8,0.63,49,1226
2025-04-24 00:00:00,17.72,1.59,60,885
2025-04-24 01:00:00,14.52,1.24,78,1075
2025-04-24 02:00:00,17.52,0.0,100,812
2025-04-24 03:00:00,18.15,1.7,64,974
2025-04-24 04:00:00,18.29,0.11,77,1439
2025-04-24 05:00:00,18.43,0.25,61,1823
2025-04-24 06:00:00,21.06,0.0,78,2171
2025-04-24 07:00:00,14.69,0.0,100,2282
2025-04-24 08:00:00,18.47,0.0,80,2639
2025-04-24 09:00:00,21.81,0.0,69,2586
2025-04-24 10:00:00,12.74,0.0,77,2201
2025-04-24 11:00:00,18.48,0.0,58,1818
2025-04-24 12:00:00,16.19,0.72,53,1427
2025-04-24 13:00:00,16.83,0.87,100,1415
2025-04-24 14:00:00,15.23,1.55,100,1460
2025-04-24 15:00:00,17.44,0.0,33,2122
2025-04-24 16:00:00,23.47,4.39,92,2015
2025-04-24 17:00:00,14.15,1.07,99,2514
2025-04-24 18:00:00,14.44,0.0,47,2467
2025-04-24 19:00:00,14.04,1.29,66,2127
2025-04-24 20:00:00,23.13,0.84,63,1776
2025-04-24 21:00:00,16.56,0.0,100,1417
2025-04-24 22:00:00,17.87,0.0,100,1511
2025-04-24 23:00:00,16.74,0.04,55,1373
2025-04-25 00:00:00,15.37,0.8,41,1055
2025-04-25 01:00:00,17.5,1.51,97,819
2025-04-25 02:00:00,25.58,0.0,91,1396
2025-04-25 03:00:00,22.38,0.0,100,1369
2025-04-25 04:00:00,15.64,0.28,51,1434
2025-04-25 05:00:00,20.14,0.0,96,1613
2025-04-25 06:00:00,15.71,0.0,59,1910
2025-04-25 07:00:00,12.87,0.49,93,2302
2025-04-25 08:00:00,21.26,0.92,77,2783
2025-04-25 09:00:00,21.68,0.53,100,2289
2025-04-25 10:00:00,21.34,0.0,89,2095
2025-04-25 11:00:00,16.79,0.01,70,1867
2025-04-25 12:00:00,17.7,0.69,81,1225
2025-04-25 13:00:00,20.45,3.04,75,1232
2025-04-25 14:00:00,19.38,0.0,49,1772
2025-04-25 15:00:00,17.02,0.0,100,2266
2025-04-25 16:00:00,13.34,0.0,100,2312
2025-04-25 17:00:00,18.54,0.0,73,2444
2025-04-25 18:00:00,21.44,0.05,95,2407
2025-04-25 19:00:00,14.61,0.0,100,2172
2025-04-25 20:00:00,20.12,1.1,100,1517
2025-04-25 21:00:00,19.2,0.0,70,1412
2025-04-25 22:00:00,20.45,2.1,75,1229
2025-04-25 23:00:00,20.82,0.0,35,1361
2025-04-26 00:00:00,16.37,0.0,97,635
2025-04-26 01:00:00,13.6,0.71,100,587
2025-04-26 02:00:00,16.85,0.0,100,1018
2025-04-26 03:00:00,21.12,0.0,95,1062
2025-04-26 04:00:00,16.83,0.0,86,912
2025-04-26 05:00:00,16.37,0.0,52,1294
2025-04-26 06:00:00,12.99,0.0,85,1364
2025-04-26 07:00:00,23.71,0.0,62,1586
2025-04-26 08:00:00,20.93,0.0,90,1580
2025-04-26 09:00:00,20.76,0.0,58,1669
2025-04-26 10:00:00,21.36,0.0,90,1242
2025-04-26 11:00:00,20.18,0.0,100,1179
2025-04-26 12:00:00,17.72,3.22,87,477
2025-04-26 13:00:00,17.96,4.48,86,612
2025-04-26 14:00:00,17.17,0.0,100,1321
2025-04-26 15:00:00,26.36,0.7,100,1651
2025-04-26 16:00:00,20.12,0.0,75,1665
2025-04-26 17:00:00,17.06,0.0,90,1868
2025-04-26 18:00:00,19.85,0.0,100,1607
2025-04-26 19:00:00,15.42,0.0,94,1587
2025-04-26 20:00:00,22.97,0.0,27,1663
2025-04-26 21:00:00,16.47,0.05,59,1215
2025-04-26 22:00:00,19.96,0.11,96,917
2025-04-26 23:00:00,21.65,0.12,67,1023
2025-04-27 00:00:00,19.86,1.06,100,467
2025-04-27 01:00:00,18.99,1.58,100,361
2025-04-27 02:00:00,18.74,0.0,62,944
2025-04-27 03:00:00,18.54,0.0,51,1114
2025-04-27 04:00:00,16.97,0.73,68,706
2025-04-27 05:00:00,17.36,0.0,67,1168
2025-04-27 06:00:00,23.14,0.85,100,1430
2025-04-27 07:00:00,18.38,0.0,51,1689
2025-04-27 08:00:00,16.35,0.0,96,1727
2025-04-27 09:00:00,17.16,0.0,100,1745
2025-04-27 10:00:00,22.01,0.44,98,1420
2025-04-27 11:00:00,20.73,0.0,88,1189
2025-04-27 12:00:00,20.39,0.0,73,869
2025-04-27 13:00:00,17.93,0.0,100,1056
2025-04-27 14:00:00,20.43,0.6,71,1239
2025-04-27 15:00:00,16.77,0.11,100,1434
2025-04-27 16:00:00,17.93,1.19,73,1547
2025-04-27 17:00:00,21.61,0.44,31,1926
2025-04-27 18:00:00,21.33,0.0,70,1700
2025-04-27 19:00:00,15.76,0.13,73,1520
2025-04-27 20:00:00,16.14,0.0,74,1246
2025-04-27 21:00:00,19.03,0.0,61,1025
2025-04-27 22:00:00,23.88,0.04,93,742
2025-04-27 23:00:00,12.96,0.0,96,903
2025-04-28 00:00:00,19.79,0.0,69,1308
2025-04-28 01:00:00,14.82,0.41,69,970
2025-04-28 02:00:00,17.05,0.55,51,1246
2025-04-28 03:00:00,17.86,1.47,83,892
2025-04-28 04:00:00,17.69,1.88,100,1043
2025-04-28 05:00:00,17.35,0.0,100,1513
2025-04-28 06:00:00,18.97,0.0,62,2068
2025-04-28 07:00:00,17.35,0.72,100,2420
2025-04-28 08:00:00,14.57,3.1,68,2184
2025-04-28 09:00:00,21.29,3.29,51,2130
2025-04-28 10:00:00,21.21,0.0,43,2282
2025-04-28 11:00:00,21.48,0.0,50,1758
2025-04-28 12:00:00,14.33,0.0,85,1208
2025-04-28 13:00:00,19.85,0.0,70,1648
2025-04-28 14:00:00,20.98,0.0,61,2099
2025-04-28 15:00:00,15.86,0.0,56,2398
2025-04-28 16:00:00,18.98,2.51,50,2115
2025-04-28 17:00:00,18.6,0.0,55,2521
2025-04-28 18:00:00,24.48,0.0,100,2723
2025-04-28 19:00:00,24.73,0.0,100,2254
2025-04-28 20:00:00,13.96,0.44,100,1416
2025-04-28 21:00:00,26.43,0.14,94,1547
2025-04-28 22:00:00,16.21,1.44,65,1126
2025-04-28 23:00:00,21.89,0.68,60,1211
2025-04-29 00:00:00,22.11,4.09,96,802
2025-04-29 01:00:00,16.21,0.0,70,1020
2025-04-29 02:00:00,20.68,0.58,87,1260
2025-04-29 03:00:00,18.87,0.32,100,1195
2025-04-29 04:00:00,20.86,0.32,82,1176
2025-04-29 05:00:00,19.89,1.69,100,1378
2025-04-29 06:00:00,22.79,0.0,48,2260
2025-04-29 07:00:00,19.42,0.0,88,2477
2025-04-29 08:00:00,18.69,0.0,84,2694
2025-04-29 09:00:00,22.49,0.0,52,2506
2025-04-29 10:00:00,20.94,0.12,97,2129
2025-04-29 11:00:00,21.39,0.97,100,1476
2025-04-29 12:00:00,17.2,0.0,100,1660
2025-04-29 13:00:00,16.06,1.26,87,1189
2025-04-29 14:00:00,17.49,0.37,29,2305
2025-04-29 15:00:00,17.33,0.0,89,2073
2025-04-29 16:00:00,21.56,0.0,95,2727
2025-04-29 17:00:00,22.12,0.0,71,2836
2025-04-29 18:00:00,18.73,0.0,82,2405
2025-04-29 19:00:00,23.49,0.0,65,2430
2025-04-29 20:00:00,23.3,0.0,73,1901
2025-04-29 21:00:00,19.93,0.0,100,1595
2025-04-29 22:00:00,16.73,0.0,100,1318
2025-04-29 23:00:00,23.92,0.0,45,1349
2025-04-30 00:00:00,19.25,0.0,64,1147
2025-04-30 01:00:00,19.82,0.0,37,1320
2025-04-30 02:00:00,18.42,0.0,100,1011
2025-04-30 03:00:00,16.77,4.31,98,526
2025-04-30 04:00:00,15.03,0.0,26,1552
2025-04-30 05:00:00,21.34,3.12,75,1383
2025-04-30 06:00:00,17.09,0.0,69,1880
2025-04-30 07:00:00,28.62,0.0,58,2529
2025-04-30 08:00:00,16.18,0.0,100,2274
2025-04-30 09:00:00,15.67,0.37,100,2474
2025-04-30 10:00:00,20.97,0.0,83,2190
2025-04-30 11:00:00,24.03,0.0,60,1614
2025-04-30 12:00:00,19.63,0.0,61,1510
2025-04-30 13:00:00,21.15,1.46,77,1723
2025-04-30 14:00:00,13.91,1.64,65,1434
2025-04-30 15:00:00,17.41,0.0,76,2146
2025-04-30 16:00:00,16.22,0.0,90,2260
2025-04-30 17:00:00,13.75,0.0,38,2793
2025-04-30 18:00:00,19.79,0.0,57,2584
2025-04-30 19:00:00,12.71,0.0,76,2107
2025-04-30 20:00:00,15.47,0.0,100,1832
2025-04-30 21:00:00,17.83,1.27,98,1300
2025-04-30 22:00:00,16.94,0.0,76,1291
2025-04-30 23:00:00,20.63,0.93,86,1191
2025-05-01 00:00:00,20.59,0.0,74,1109
2025-05-01 01:00:00,22.36,0.0,100,1105
2025-05-01 02:00:00,21.93,0.0,87,1182
2025-05-01 03:00:00,23.1,0.0,100,1256
2025-05-01 04:00:00,19.67,0.0,42,1526
2025-05-01 05:00:00,20.59,2.15,56,1529
2025-05-01 06:00:00,21.21,0.0,83,1864
2025-05-01 07:00:00,20.1,0.0,88,2648
2025-05-01 08:00:00,18.48,0.17,100,2564
2025-05-01 09:00:00,18.68,1.6,31,2307
2025-05-01 10:00:00,17.22,0.0,75,1903
2025-05-01 11:00:00,20.94,0.0,74,1953
2025-05-01 12:00:00,19.39,0.29,82,1653
2025-05-01 13:00:00,17.69,0.43,100,1716
2025-05-01 14:00:00,17.69,0.0,98,1833
2025-05-01 15:00:00,16.04,0.92,36,2204
2025-05-01 16:00:00,22.61,0.0,100,2734
2025-05-01 17:00:00,19.91,0.0,100,2564
2025-05-01 18:00:00,17.09,0.0,83,2553
2025-05-01 19:00:00,22.1,0.0,36,2389
2025-05-01 20:00:00,17.99,0.31,72,2103
2025-05-01 21:00:00,15.46,0.65,88,1619
2025-05-01 22:00:00,22.74,0.09,100,1342
2025-05-01 23:00:00,18.06,0.74,32,1447
2025-05-02 00:00:00,18.68,0.0,57,1199
2025-05-02 01:00:00,20.03,0.0,100,1060
2025-05-02 02:00:00,23.34,0.0,100,1159
2025-05-02 03:00:00,19.97,2.52,87,942
2025-05-02 04:00:00,16.31,0.0,100,1166
2025-05-02 05:00:00,21.54,0.0,87,1585
2025-05-02 06:00:00,18.45,0.0,100,1797
2025-05-02 07:00:00,25.57,0.0,80,2436
2025-05-02 08:00:00,19.91,0.08,88,2645
2025-05-02 09:00:00,13.2,0.0,45,2580
2025-05-02 10:00:00,20.98,2.71,94,1851
2025-05-02 11:00:00,25.74,0.0,45,1866
2025-05-02 12:00:00,24.64,0.0,94,1198
2025-05-02 13:00:00,25.4,0.0,65,1571
2025-05-02 14:00:00,16.85,0.0,85,1801
2025-05-02 15:00:00,22.65,0.0,52,2468
2025-05-02 16:00:00,17.74,0.0,63,2448
2025-05-02 17:00:00,20.58,0.0,85,2467
2025-05-02 18:00:00,16.09,0.0,95,2641
2025-05-02 19:00:00,17.98,1.57,100,1875
2025-05-02 20:00:00,17.88,0.0,47,1762
2025-05-02 21:00:00,22.61,0.0,38,1734
2025-05-02 22:00:00,22.31,0.0,52,1455
2025-05-02 23:00:00,20.74,0.9,49,1150
2025-05-03 00:00:00,16.09,0.0,100,744
2025-05-03 01:00:00,19.21,1.63,100,467
2025-05-03 02:00:00,17.9,0.0,51,809
2025-05-03 03:00:00,22.75,0.0,100,882
2025-05-03 04:00:00,23.67,0.12,100,692
2025-05-03 05:00:00,23.31,0.0,35,1439
2025-05-03 06:00:00,17.87,0.0,50,1283
2025-05-03 07:00:00,11.92,0.69,34,1479
2025-05-03 08:00:00,14.84,0.18,73,1894
2025-05-03 09:00:00,24.4,0.0,76,1876
2025-05-03 10:00:00,18.94,0.0,76,1451
2025-05-03 11:00:00,17.89,0.0,25,1005
2025-05-03 12:00:00,25.07,0.44,40,996
2025-05-03 13:00:00,23.94,0.0,82,1144
2025-05-03 14:00:00,20.21,0.0,91,1288
2025-05-03 15:00:00,19.26,0.12,25,1810
2025-05-03 16:00:00,19.74,0.7,44,2027
2025-05-03 17:00:00,20.82,0.0,100,1898
2025-05-03 18:00:00,24.94,2.65,45,1514
2025-05-03 19:00:00,21.41,0.0,75,1767
2025-05-03 20:00:00,22.32,0.0,43,1354
2025-05-03 21:00:00,23.65,2.3,96,498
2025-05-03 22:00:00,16.63,0.0,25,861
2025-05-03 23:00:00,22.4,0.0,68,626
2025-05-04 00:00:00,19.48,0.0,99,743
2025-05-04 01:00:00,12.82,0.0,91,690
2025-05-04 02:00:00,13.98,0.23,64,545
2025-05-04 03:00:00,17.31,0.0,58,770
2025-05-04 04:00:00,21.96,0.05,70,821
2025-05-04 05:00:00,20.71,0.0,43,1232
2025-05-04 06:00:00,20.92,1.72,73,1149
2025-05-04 07:00:00,26.22,2.0,73,1731
2025-05-04 08:00:00,16.56,0.86,65,1739
2025-05-04 09:00:00,20.28,0.0,100,1911
2025-05-04 10:00:00,21.28,0.0,49,1465
2025-05-04 11:00:00,18.16,0.44,33,1480
2025-05-04 12:00:00,20.45,0.0,62,1020
2025-05-04 13:00:00,15.57,0.0,78,982
2025-05-04 14:00:00,24.6,0.0,73,1748
2025-05-04 15:00:00,18.32,0.0,72,1302
2025-05-04 16:00:00,26.46,0.0,47,1848
2025-05-04 17:00:00,20.27,0.0,51,1669
2025-05-04 18:00:00,23.45,0.7,63,1507
2025-05-04 19:00:00,20.21,0.0,61,1318
2025-05-04 20:00:00,20.27,0.0,100,1378
2025-05-04 21:00:00,18.61,0.0,82,909
2025-05-04 22:00:00,20.72,0.0,62,988
2025-05-04 23:00:00,21.32,0.1,100,990
2025-05-05 00:00:00,18.24,0.0,86,1199
2025-05-05 01:00:00,20.22,0.0,41,1314
2025-05-05 02:00:00,18.76,0.0,0,1500
2025-05-05 03:00:00,27.49,0.0,42,1651
2025-05-05 04:00:00,20.32,0.0,90,1180
2025-05-05 05:00:00,25.23,0.0,97,1760
2025-05-05 06:00:00,20.0,0.0,34,2117
2025-05-05 07:00:00,21.37,0.44,92,2391
2025-05-05 08:00:00,16.63,0.0,91,2356
2025-05-05 09:00:00,19.25,0.0,100,2341
2025-05-05 10:00:00,21.22,0.0,99,1983
2025-05-05 11:00:00,25.35,0.39,100,1842
2025-05-05 12:00:00,21.26,0.0,87,1213
2025-05-05 13:00:00,24.74,0.0,86,1304
2025-05-05 14:00:00,22.51,0.0,67,1950
2025-05-05 15:00:00,25.47,0.0,96,2112
2025-05-05 16:00:00,20.41,1.43,42,2418
2025-05-05 17:00:00,27.76,2.05,72,2619
2025-05-05 18:00:00,19.13,0.0,89,2482
2025-05-05 19:00:00,18.29,0.0,100,2111
2025-05-05 20:00:00,16.96,0.0,63,1853
2025-05-05 21:00:00,27.58,0.0,99,1774
2025-05-05 22:00:00,23.05,0.62,70,1200
2025-05-05 23:00:00,19.59,0.0,100,1311
2025-05-06 00:00:00,24.56,0.47,55,1094
2025-05-06 01:00:00,22.87,0.0,93,1277
2025-05-06 02:00:00,26.71,0.6,72,1017
2025-05-06 03:00:00,16.17,0.56,45,1258
2025-05-06 04:00:00,20.01,0.0,71,1375
2025-05-06 05:00:00,19.42,0.02,100,1610
2025-05-06 06:00:00,14.89,0.71,49,2096
2025-05-06 07:00:00,23.99,0.0,38,2496
2025-05-06 08:00:00,20.0,0.0,85,2626
2025-05-06 09:00:00,23.03,0.0,33,2649
2025-05-06 10:00:00,27.89,0.0,100,2098
2025-05-06 11:00:00,19.75,0.0,100,1705
2025-05-06 12:00:00,19.55,0.36,100,1328
2025-05-06 13:00:00,21.17,0.73,75,1440
2025-05-06 14:00:00,23.77,0.0,100,2079
2025-05-06 15:00:00,19.11,0.0,100,2263
2025-05-06 16:00:00,18.92,0.0,61,2429
2025-05-06 17:00:00,23.98,0.64,100,2463
2025-05-06 18:00:00,21.95,0.46,52,2525
2025-05-06 19:00:00,14.68,0.0,70,2241
2025-05-06 20:00:00,17.13,1.84,30,1412
2025-05-06 21:00:00,25.31,0.0,78,1551
2025-05-06 22:00:00,22.02,0.0,67,1345
2025-05-06 23:00:00,18.52,0.0,63,1064
2025-05-07 00:00:00,20.51,0.0,70,1057
2025-05-07 01:00:00,21.07,0.0,60,1251
2025-05-07 02:00:00,23.23,0.0,76,1178
2025-05-07 03:00:00,16.95,0.0,100,1094
2025-05-07 04:00:00,18.5,0.0,48,1219
2025-05-07 05:00:00,21.84,1.19,96,1472
2025-05-07 06:00:00,20.73,2.67,80,1542
2025-05-07 07:00:00,22.74,0.0,84,2705
2025-05-07 08:00:00,17.34,2.14,74,2599
2025-05-07 09:00:00,22.1,0.0,57,2479
2025-05-07 10:00:00,24.3,0.2,86,1934
2025-05-07 11:00:00,22.49,0.71,87,1706
2025-05-07 12:00:00,21.44,0.0,54,1526
2025-05-07 13:00:00,20.74,0.0,41,1932
2025-05-07 14:00:00,18.52,0.0,77,2171
2025-05-07 15:00:00,20.81,0.0,93,1939
2025-05-07 16:00:00,24.8,0.2,100,2697
2025-05-07 17:00:00,20.67,0.63,100,2503
2025-05-07 18:00:00,18.36,0.0,84,2571
2025-05-07 19:00:00,19.55,0.0,68,2364
2025-05-07 20:00:00,21.63,0.0,74,2025
2025-05-07 21:00:00,19.91,0.0,43,1792
2025-05-07 22:00:00,22.48,0.0,57,1375
2025-05-07 23:00:00,22.59,1.14,73,1037
2025-05-08 00:00:00,23.9,0.3,68,1386
2025-05-08 01:00:00,25.51,0.0,76,1143
2025-05-08 02:00:00,24.23,0.0,40,1593
2025-05-08 03:00:00,18.43,1.07,45,1047
2025-05-08 04:00:00,18.53,0.0,94,1268
2025-05-08 05:00:00,21.01,0.0,53,1690
2025-05-08 06:00:00,19.88,0.0,57,1890
2025-05-08 07:00:00,17.82,0.62,77,2151
2025-05-08 08:00:00,19.91,1.52,51,2641
2025-05-08 09:00:00,19.81,0.0,100,2183
2025-05-08 10:00:00,19.22,0.17,43,2457
2025-05-08 11:00:00,20.29,0.29,74,1617
2025-05-08 12:00:00,24.77,1.91,55,1118
2025-05-08 13:00:00,21.84,0.0,78,1670
2025-05-08 14:00:00,28.65,0.76,62,1616
2025-05-08 15:00:00,21.75,0.0,74,2230
2025-05-08 16:00:00,20.37,0.0,100,2463
2025-05-08 17:00:00,21.25,0.0,57,2527
2025-05-08 18:00:00,22.01,0.57,57,2445
2025-05-08 19:00:00,22.54,0.33,66,2477
2025-05-08 20:00:00,27.47,0.0,100,1984
2025-05-08 21:00:00,18.7,0.0,72,1633
2025-05-08 22:00:00,23.81,0.0,100,1278
2025-05-08 23:00:00,21.86,1.39,70,951
2025-05-09 00:00:00,16.73,0.0,100,1050
2025-05-09 01:00:00,23.76,0.0,84,880
2025-05-09 02:00:00,25.25,0.36,88,1055
2025-05-09 03:00:00,18.87,1.38,38,963
2025-05-09 04:00:00,21.42,0.2,34,1174
2025-05-09 05:00:00,16.27,0.0,100,1643
2025-05-09 06:00:00,17.67,0.0,100,1969
2025-05-09 07:00:00,24.59,0.0,100,2409
2025-05-09 08:00:00,20.05,0.0,37,2820
2025-05-09 09:00:00,18.12,0.0,86,2196
2025-05-09 10:00:00,22.13,0.75,48,1879
2025-05-09 11:00:00,19.88,3.53,55,1429
2025-05-09 12:00:00,20.03,0.48,61,1670
2025-05-09 13:00:00,23.66,0.23,83,1696
2025-05-09 14:00:00,17.96,1.43,57,1795
2025-05-09 15:00:00,18.73,3.74,75,1699
2025-05-09 16:00:00,21.91,0.0,95,2447
2025-05-09 17:00:00,24.35,0.0,100,2696
2025-05-09 18:00:00,25.16,1.93,91,2542
2025-05-09 19:00:00,19.45,0.1,85,2267
2025-05-09 20:00:00,24.26,0.06,70,2096
2025-05-09 21:00:00,19.09,5.95,60,765
2025-05-09 22:00:00,26.92,0.61,87,1474
2025-05-09 23:00:00,18.04,0.0,48,1196
2025-05-10 00:00:00,25.63,0.88,77,847
2025-05-10 01:00:00,19.68,0.0,47,992
2025-05-10 02:00:00,27.69,0.0,73,909
2025-05-10 03:00:00,23.42,0.0,47,860
2025-05-10 04:00:00,18.6,0.0,64,1040
2025-05-10 05:00:00,20.08,0.16,57,1176
2025-05-10 06:00:00,23.99,0.92,54,1469
2025-05-10 07:00:00,24.81,0.0,71,1904
2025-05-10 08:00:00,21.44,0.0,13,2178
2025-05-10 09:00:00,21.78,0.0,29,1945
2025-05-10 10:00:00,23.92,2.73,94,1225
2025-05-10 11:00:00,22.04,0.0,77,1132
2025-05-10 12:00:00,17.77,0.0,55,944
2025-05-10 13:00:00,19.21,0.0,98,1135
2025-05-10 14:00:00,22.35,0.0,58,1357
2025-05-10 15:00:00,25.3,0.03,59,1747
2025-05-10 16:00:00,26.5,0.0,54,1798
2025-05-10 17:00:00,23.99,0.0,100,2129
2025-05-10 18:00:00,22.51,0.39,79,1781
2025-05-10 19:00:00,23.9,0.0,78,1646
2025-05-10 20:00:00,19.65,1.22,85,1098
2025-05-10 21:00:00,21.19,0.17,27,1490
2025-05-10 22:00:00,19.18,0.0,59,832
2025-05-10 23:00:00,17.9,2.97,85,401
2025-05-11 00:00:00,22.85,0.0,73,1018
2025-05-11 01:00:00,22.41,0.0,100,874
2025-05-11 02:00:00,23.91,0.0,60,871
2025-05-11 03:00:00,23.49,0.03,97,824
2025-05-11 04:00:00,22.58,0.23,93,921
2025-05-11 05:00:00,23.52,0.0,77,1239
2025-05-11 06:00:00,21.72,0.51,81,1627
2025-05-11 07:00:00,23.09,0.0,66,1881
2025-05-11 08:00:00,19.67,0.0,24,2090
2025-05-11 09:00:00,22.96,1.52,82,1520
2025-05-11 10:00:00,23.85,0.05,84,1563
2025-05-11 11:00:00,19.84,0.0,88,930
2025-05-11 12:00:00,22.0,0.0,75,1043
2025-05-11 13:00:00,19.98,3.99,98,621
2025-05-11 14:00:00,20.27,0.72,52,1557
2025-05-11 15:00:00,18.47,0.0,100,1721
2025-05-11 16:00:00,25.65,0.0,49,1874
2025-05-11 17:00:00,25.05,0.2,71,1795
2025-05-11 18:00:00,23.46,0.0,90,1684
2025-05-11 19:00:00,27.77,0.0,60,1681
2025-05-11 20:00:00,21.28,1.38,92,1339
2025-05-11 21:00:00,30.94,0.0,65,1372
2025-05-11 22:00:00,21.17,0.0,76,1075
2025-05-11 23:00:00,22.62,0.0,69,1073
2025-05-12 00:00:00,20.85,0.0,58,1089
2025-05-12 01:00:00,23.16,0.0,100,1084
2025-05-12 02:00:00,24.55,0.0,52,1386
2025-05-12 03:00:00,21.7,0.0,16,1282
2025-05-12 04:00:00,27.38,0.0,53,1322
2025-05-12 05:00:00,22.76,0.0,76,1546
2025-05-12 06:00:00,22.86,0.0,63,2285
2025-05-12 07:00:00,19.32,0.0,98,2367
2025-05-12 08:00:00,23.3,3.13,97,2310
2025-05-12 09:00:00,21.64,0.0,65,2377
2025-05-12 10:00:00,20.22,0.28,31,2183
2025-05-12 11:00:00,19.72,0.0,41,1685
2025-05-12 12:00:00,30.06,0.0,72,1600
2025-05-12 13:00:00,21.25,0.18,34,1602
2025-05-12 14:00:00,17.67,0.39,64,1908
2025-05-12 15:00:00,19.95,0.03,100,2119
2025-05-12 16:00:00,21.89,6.93,81,1709
2025-05-12 17:00:00,23.69,0.0,74,2668
2025-05-12 18:00:00,23.71,0.94,47,2540
2025-05-12 19:00:00,24.08,0.0,77,2343
2025-05-12 20:00:00,20.11,1.15,66,1708
2025-05-12 21:00:00,23.07,0.0,79,1612
2025-05-12 22:00:00,19.42,0.0,91,1366
2025-05-12 23:00:00,20.19,0.0,95,1298
2025-05-13 00:00:00,19.48,0.0,76,1163
2025-05-13 01:00:00,18.67,0.0,85,1020
2025-05-13 02:00:00,25.43,0.0,60,1323
2025-05-13 03:00:00,24.3,0.55,100,1289
2025-05-13 04:00:00,25.17,0.0,50,1321
2025-05-13 05:00:00,22.35,0.26,67,1493
2025-05-13 06:00:00,24.57,3.18,100,1617
2025-05-13 07:00:00,16.95,0.39,61,2387
2025-05-13 08:00:00,24.83,0.0,39,2486
2025-05-13 09:00:00,22.77,0.0,62,2624
2025-05-13 10:00:00,24.12,0.0,100,2058
2025-05-13 11:00:00,23.38,2.72,16,1172
2025-05-13 12:00:00,19.28,0.93,75,1102
2025-05-13 13:00:00,17.74,0.0,57,1551
2025-05-13 14:00:00,20.1,0.0,68,1663
2025-05-13 15:00:00,23.93,0.0,64,2465
2025-05-13 16:00:00,24.31,0.0,97,2584
2025-05-13 17:00:00,18.13,0.0,74,2718
2025-05-13 18:00:00,19.29,0.22,98,2309
2025-05-13 19:00:00,20.07,1.21,100,2111
2025-05-13 20:00:00,21.17,0.0,73,1825
2025-05-13 21:00:00,18.15,0.0,64,1558
2025-05-13 22:00:00,17.97,0.0,82,1386
2025-05-13 23:00:00,19.77,3.97,87,751
2025-05-14 00:00:00,22.68,0.0,43,1399
2025-05-14 01:00:00,18.88,0.0,78,1182
2025-05-14 02:00:00,22.08,0.0,66,1183
2025-05-14 03:00:00,25.6,3.79,62,1020
2025-05-14 04:00:00,18.52,0.0,55,1546
2025-05-14 05:00:00,21.81,0.0,57,1735
2025-05-14 06:00:00,25.5,0.0,100,2292
2025-05-14 07:00:00,21.17,0.21,63,2460
2025-05-14 08:00:00,20.7,1.7,100,2387
2025-05-14 09:00:00,25.91,0.0,76,2565
2025-05-14 10:00:00,21.51,0.0,44,2139
2025-05-14 11:00:00,25.74,8.1,77,725
2025-05-14 12:00:00,23.71,0.73,43,1314
2025-05-14 13:00:00,21.4,0.0,87,1447
2025-05-14 14:00:00,23.86,0.67,67,1905
2025-05-14 15:00:00,23.39,0.0,94,2429
2025-05-14 16:00:00,25.49,1.23,100,2535
2025-05-14 17:00:00,20.78,0.0,29,2808
2025-05-14 18:00:00,22.55,0.26,61,2747
2025-05-14 19:00:00,22.24,2.58,42,2040
2025-05-14 20:00:00,24.54,0.0,100,1776
2025-05-14 21:00:00,19.35,0.0,61,1559
2025-05-14 22:00:00,25.48,0.0,39,1526
2025-05-14 23:00:00,23.82,0.0,100,1200
2025-05-15 00:00:00,18.66,0.0,54,1291
2025-05-15 01:00:00,26.23,0.0,31,1497
2025-05-15 02:00:00,29.31,0.92,43,1049
2025-05-15 03:00:00,25.61,1.5,75,1130
2025-05-15 04:00:00,26.89,0.0,73,1082
2025-05-15 05:00:00,22.86,0.0,51,1737
2025-05-15 06:00:00,17.62,0.0,60,2052
2025-05-15 07:00:00,17.08,0.75,73,2596
2025-05-15 08:00:00,23.37,2.31,100,2579
2025-05-15 09:00:00,20.83,0.0,80,2609
2025-05-15 10:00:00,19.86,0.0,58,1970
2025-05-15 11:00:00,22.42,0.4,66,1522
2025-05-15 12:00:00,24.45,0.16,91,1243
2025-05-15 13:00:00,18.25,2.31,100,1450
2025-05-15 14:00:00,21.26,0.39,44,1803
2025-05-15 15:00:00,27.14,0.0,100,2251
2025-05-15 16:00:00,19.38,0.0,64,2423
2025-05-15 17:00:00,25.22,0.7,31,2554
2025-05-15 18:00:00,21.15,0.0,26,2698
2025-05-15 19:00:00,24.25,0.0,100,2283
2025-05-15 20:00:00,25.9,0.6,100,1552
2025-05-15 21:00:00,24.83,0.0,58,1515
2025-05-15 22:00:00,25.34,0.0,67,1513
2025-05-15 23:00:00,19.15,0.0,27,1337
2025-05-16 00:00:00,26.13,0.0,91,1187
2025-05-16 01:00:00,20.23,0.34,71,1241
2025-05-16 02:00:00,23.57,0.0,33,1135
2025-05-16 03:00:00,23.56,0.0,77,1214
2025-05-16 04:00:00,24.24,0.0,37,1593
2025-05-16 05:00:00,23.8,0.0,85,1604
2025-05-16 06:00:00,20.26,0.0,44,2181
2025-05-16 07:00:00,18.74,0.09,80,2277
2025-05-16 08:00:00,25.4,0.0,55,2654
2025-05-16 09:00:00,23.34,0.0,12,2403
2025-05-16 10:00:00,26.23,0.0,96,1835
2025-05-16 11:00:00,22.65,0.88,98,1481
2025-05-16 12:00:00,18.57,0.0,58,1455
2025-05-16 13:00:00,25.68,1.6,78,1461
2025-05-16 14:00:00,21.68,1.84,82,1848
2025-05-16 15:00:00,23.81,1.13,83,2098
2025-05-16 16:00:00,20.84,0.0,100,2202
2025-05-16 17:00:00,27.72,1.01,82,2678
2025-05-16 18:00:00,20.16,0.0,63,2413
2025-05-16 19:00:00,21.77,0.0,82,2277
2025-05-16 20:00:00,23.11,0.0,61,1651
2025-05-16 21:00:00,19.51,0.0,45,1604
2025-05-16 22:00:00,23.78,0.0,100,1486
2025-05-16 23:00:00,27.62,0.0,85,1440
2025-05-17 00:00:00,21.49,0.0,25,940
2025-05-17 01:00:00,24.15,0.0,54,951
2025-05-17 02:00:00,14.71,0.87,90,579
2025-05-17 03:00:00,22.84,0.0,32,983
2025-05-17 04:00:00,22.02,2.79,52,816
2025-05-17 05:00:00,20.51,0.1,100,1017
2025-05-17 06:00:00,26.21,0.83,63,1383
2025-05-17 07:00:00,21.98,0.07,98,1485
2025-05-17 08:00:00,22.43,0.0,100,1926
2025-05-17 09:00:00,21.83,2.38,48,1482
2025-05-17 10:00:00,17.21,0.0,78,1233
2025-05-17 11:00:00,19.57,0.77,100,1142
2025-05-17 12:00:00,25.84,0.0,83,1045
2025-05-17 13:00:00,16.63,0.13,100,901
2025-05-17 14:00:00,20.66,0.0,55,1504
2025-05-17 15:00:00,21.76,0.0,100,1497
2025-05-17 16:00:00,28.19,0.0,72,1675
2025-05-17 17:00:00,25.27,0.05,63,2074
2025-05-17 18:00:00,21.29,0.0,87,1643
2025-05-17 19:00:00,26.87,0.23,68,2080
2025-05-17 20:00:00,20.74,0.0,69,1290
2025-05-17 21:00:00,25.99,0.48,83,855
2025-05-17 22:00:00,18.88,0.0,26,1306
2025-05-17 23:00:00,26.18,3.01,51,672
2025-05-18 00:00:00,21.91,0.49,89,823
2025-05-18 01:00:00,20.05,8.52,96,50
2025-05-18 02:00:00,22.48,0.0,80,693
2025-05-18 03:00:00,23.96,0.0,78,639
2025-05-18 04:00:00,21.65,0.06,81,1258
2025-05-18 05:00:00,24.79,0.0,95,982
2025-05-18 06:00:00,21.38,0.0,35,1779
2025-05-18 07:00:00,24.99,0.01,58,1906
2025-05-18 08:00:00,24.46,0.0,69,1945
2025-05-18 09:00:00,22.95,0.0,76,1702
2025-05-18 10:00:00,21.81,0.59,18,1843
2025-05-18 11:00:00,23.59,1.56,39,1008
2025-05-18 12:00:00,24.78,0.0,70,967
2025-05-18 13:00:00,29.32,0.13,96,1298
2025-05-18 14:00:00,25.95,0.0,60,1354
2025-05-18 15:00:00,26.06,0.0,54,1560
2025-05-18 16:00:00,32.4,0.89,84,1819
2025-05-18 17:00:00,24.68,0.0,63,2033
2025-05-18 18:00:00,24.59,1.58,93,1872
2025-05-18 19:00:00,25.24,0.0,65,1959
2025-05-18 20:00:00,20.1,0.0,43,1145
2025-05-18 21:00:00,21.8,2.07,100,996
2025-05-18 22:00:00,21.61,0.0,100,816
2025-05-18 23:00:00,25.07,0.0,47,902
2025-05-19 00:00:00,22.77,0.0,80,1131
2025-05-19 01:00:00,23.71,0.0,62,1175
2025-05-19 02:00:00,26.56,0.0,86,1118
2025-05-19 03:00:00,25.89,0.03,49,1052
2025-05-19 04:00:00,22.81,0.05,92,1578
2025-05-19 05:00:00,21.29,0.83,100,1647
2025-05-19 06:00:00,26.7,0.0,47,2220
2025-05-19 07:00:00,25.62,0.0,72,2424
2025-05-19 08:00:00,18.48,0.0,100,2742
2025-05-19 09:00:00,22.36,0.0,45,2555
2025-05-19 10:00:00,23.79,0.0,54,2084
2025-05-19 11:00:00,25.63,0.0,87,1482
2025-05-19 12:00:00,26.03,1.76,66,1346
2025-05-19 13:00:00,24.15,0.0,31,1686
2025-05-19 14:00:00,25.05,0.0,62,2027
2025-05-19 15:00:00,23.49,0.0,100,2266
2025-05-19 16:00:00,21.28,0.0,100,2587
2025-05-19 17:00:00,22.51,0.0,54,2751
2025-05-19 18:00:00,23.35,0.0,48,2592
2025-05-19 19:00:00,23.19,0.48,59,2340
2025-05-19 20:00:00,17.64,2.75,100,1607
2025-05-19 21:00:00,22.1,0.06,91,1791
2025-05-19 22:00:00,23.47,0.15,100,1201
2025-05-19 23:00:00,22.45,0.0,95,1409
2025-05-20 00:00:00,22.72,0.0,37,1070
2025-05-20 01:00:00,24.92,0.0,46,1452
2025-05-20 02:00:00,20.22,0.0,53,1157
2025-05-20 03:00:00,18.57,0.0,57,1372
2025-05-20 04:00:00,22.41,0.0,53,1663
2025-05-20 05:00:00,25.75,1.75,56,1598
2025-05-20 06:00:00,28.52,0.26,86,2140
2025-05-20 07:00:00,25.8,2.0,73,2313
2025-05-20 08:00:00,19.05,0.0,100,2519
2025-05-20 09:00:00,22.76,1.74,76,2465
2025-05-20 10:00:00,24.23,0.91,53,2055
2025-05-20 11:00:00,23.99,0.03,75,1411
2025-05-20 12:00:00,25.08,0.0,32,1666
2025-05-20 13:00:00,20.71,0.0,12,1843
2025-05-20 14:00:00,23.65,0.34,86,1894
2025-05-20 15:00:00,24.72,0.0,95,2167
2025-05-20 16:00:00,25.93,0.28,72,2435
2025-05-20 17:00:00,21.04,1.59,60,2394
2025-05-20 18:00:00,22.42,1.63,36,2482
2025-05-20 19:00:00,15.35,0.0,99,1871
2025-05-20 20:00:00,21.59,0.49,82,1906
2025-05-20 21:00:00,21.88,0.0,77,1624
2025-05-20 22:00:00,20.4,0.61,70,1504
2025-05-20 23:00:00,23.95,2.7,58,1131
2025-05-21 00:00:00,23.45,0.61,42,1126
2025-05-21 01:00:00,16.84,0.0,76,899
2025-05-21 02:00:00,24.26,0.0,56,1185
2025-05-21 03:00:00,20.83,0.88,59,1379
2025-05-21 04:00:00,25.07,0.0,100,1448
2025-05-21 05:00:00,19.77,2.68,68,1430
2025-05-21 06:00:00,23.7,0.0,8,2173
2025-05-21 07:00:00,22.76,0.0,56,2624
2025-05-21 08:00:00,24.52,0.1,45,2553
2025-05-21 09:00:00,23.99,0.0,66,2685
2025-05-21 10:00:00,22.85,0.67,34,1954
2025-05-21 11:00:00,19.01,1.02,80,1234
2025-05-21 12:00:00,19.18,0.0,62,1711
2025-05-21 13:00:00,21.86,0.0,58,1671
2025-05-21 14:00:00,23.59,0.0,73,1968
2025-05-21 15:00:00,21.79,0.0,68,2027
2025-05-21 16:00:00,25.49,0.0,66,2723
2025-05-21 17:00:00,22.78,0.0,64,2837
2025-05-21 18:00:00,20.72,0.0,69,2531
2025-05-21 19:00:00,22.78,0.0,78,2407
2025-05-21 20:00:00,24.29,1.11,75,1991
2025-05-21 21:00:00,24.59,0.81,98,1590
2025-05-21 22:00:00,29.25,0.0,56,1254
2025-05-21 23:00:00,21.61,0.0,76,1126
2025-05-22 00:00:00,23.55,0.0,100,1422
2025-05-22 01:00:00,25.04,0.0,68,1286
2025-05-22 02:00:00,23.7,0.77,69,1185
2025-05-22 03:00:00,22.26,0.0,38,1239
2025-05-22 04:00:00,19.12,0.0,51,1325
2025-05-22 05:00:00,22.23,0.0,67,1876
2025-05-22 06:00:00,20.54,4.9,83,1687
2025-05-22 07:00:00,18.59,0.0,85,2546
2025-05-22 08:00:00,21.38,2.17,77,2482
2025-05-22 09:00:00,20.62,0.0,89,2545
2025-05-22 10:00:00,25.52,0.0,44,2206
2025-05-22 11:00:00,25.57,0.0,81,1561
2025-05-22 12:00:00,21.05,0.48,70,1150
2025-05-22 13:00:00,22.99,1.03,72,1700
2025-05-22 14:00:00,18.19,0.0,60,1894
2025-05-22 15:00:00,22.28,0.46,45,2353
2025-05-22 16:00:00,24.96,0.0,39,2713
2025-05-22 17:00:00,26.24,0.0,77,2775
2025-05-22 18:00:00,21.63,0.01,82,2594
2025-05-22 19:00:00,26.92,0.24,66,2439
2025-05-22 20:00:00,19.22,1.79,69,1574
2025-05-22 21:00:00,20.02,0.0,51,1804
2025-05-22 22:00:00,25.9,0.59,82,1281
2025-05-22 23:00:00,28.78,0.0,71,1438
2025-05-23 00:00:00,25.39,0.32,60,1090
2025-05-23 01:00:00,23.79,1.47,91,1011
2025-05-23 02:00:00,17.33,0.0,85,1046
2025-05-23 03:00:00,17.85,0.0,30,1307
2025-05-23 04:00:00,24.3,0.0,70,1558
2025-05-23 05:00:00,22.84,1.06,45,1645
2025-05-23 06:00:00,20.6,0.0,72,2361
2025-05-23 07:00:00,24.11,0.0,0,2800
2025-05-23 08:00:00,24.26,0.0,74,2683
2025-05-23 09:00:00,26.75,3.16,87,2163
2025-05-23 10:00:00,24.32,0.0,66,2208
2025-05-23 11:00:00,27.6,0.0,40,1942
2025-05-23 12:00:00,23.94,0.0,100,1217
2025-05-23 13:00:00,23.57,0.0,98,1687
2025-05-23 14:00:00,27.11,0.0,56,1873
2025-05-23 15:00:00,20.98,0.0,62,2363
2025-05-23 16:00:00,32.36,0.21,19,2962
2025-05-23 17:00:00,25.04,0.18,81,2734
2025-05-23 18:00:00,25.06,0.0,35,2367
2025-05-23 19:00:00,25.49,0.0,86,2059
2025-05-23 20:00:00,29.54,0.0,95,2079
2025-05-23 21:00:00,26.29,0.0,67,1357
2025-05-23 22:00:00,19.1,0.0,42,1518
2025-05-23 23:00:00,28.12,4.46,100,939
2025-05-24 00:00:00,23.03,0.0,69,1070
2025-05-24 01:00:00,24.38,0.0,71,894
2025-05-24 02:00:00,20.22,0.0,45,987
2025-05-24 03:00:00,25.63,0.02,73,1010
2025-05-24 04:00:00,22.1,0.24,63,807
2025-05-24 05:00:00,24.36,0.97,35,1308
2025-05-24 06:00:00,23.2,0.0,100,1650
2025-05-24 07:00:00,29.83,0.8,100,1830
2025-05-24 08:00:00,30.0,0.0,94,1891
2025-05-24 09:00:00,24.2,0.0,90,1868
2025-05-24 10:00:00,24.25,0.0,100,1652
2025-05-24 11:00:00,22.94,0.0,42,1449
2025-05-24 12:00:00,27.37,0.1,42,1295
2025-05-24 13:00:00,23.07,0.39,58,940
2025-05-24 14:00:00,22.79,0.0,76,1433
2025-05-24 15:00:00,26.99,2.94,61,1446
2025-05-24 16:00:00,22.44,0.0,43,2019
2025-05-24 17:00:00,23.94,0.0,69,1994
2025-05-24 18:00:00,19.31,0.83,66,1898
2025-05-24 19:00:00,26.17,1.49,89,1205
2025-05-24 20:00:00,29.88,0.0,70,1575
2025-05-24 21:00:00,26.22,0.0,21,1398
2025-05-24 22:00:00,28.44,0.0,78,1234
2025-05-24 23:00:00,21.52,0.0,100,1097
2025-05-25 00:00:00,24.9,0.0,69,814
2025-05-25 01:00:00,21.36,0.0,93,1050
2025-05-25 02:00:00,23.51,1.28,55,915
2025-05-25 03:00:00,26.51,0.0,82,953
2025-05-25 04:00:00,24.5,0.63,49,903
2025-05-25 05:00:00,19.96,0.0,62,1229
2025-05-25 06:00:00,20.25,0.0,62,1527
2025-05-25 07:00:00,20.05,0.0,80,1771
2025-05-25 08:00:00,25.67,0.03,47,1898
2025-05-25 09:00:00,30.39,0.0,31,2060
2025-05-25 10:00:00,28.28,0.0,80,1515
2025-05-25 11:00:00,18.51,0.0,79,1316
2025-05-25 12:00:00,28.46,0.0,71,1361
2025-05-25 13:00:00,27.0,0.0,91,1088
2025-05-25 14:00:00,19.56,0.0,63,1363
2025-05-25 15:00:00,23.28,0.77,75,1669
2025-05-25 16:00:00,27.48,1.93,59,1724
2025-05-25 17:00:00,25.84,1.37,62,1610
2025-05-25 18:00:00,20.27,0.0,77,1895
2025-05-25 19:00:00,26.03,0.06,100,1525
2025-05-25 20:00:00,17.78,0.0,87,1309
2025-05-25 21:00:00,23.52,0.22,82,1003
2025-05-25 22:00:00,27.61,1.06,87,1060
2025-05-25 23:00:00,24.25,0.32,9,1005
2025-05-26 00:00:00,22.83,1.5,76,1170
2025-05-26 01:00:00,26.99,0.0,90,1230
2025-05-26 02:00:00,27.25,0.0,70,1250
2025-05-26 03:00:00,28.26,0.04,67,1440
2025-05-26 04:00:00,26.95,0.0,44,1396
2025-05-26 05:00:00,27.57,0.0,57,2060
2025-05-26 06:00:00,26.52,0.0,47,2252
2025-05-26 07:00:00,25.12,0.0,93,2439
2025-05-26 08:00:00,24.59,0.0,100,2612
2025-05-26 09:00:00,23.61,1.6,100,2292
2025-05-26 10:00:00,20.69,2.13,46,2024
2025-05-26 11:00:00,21.46,0.17,51,1583
2025-05-26 12:00:00,23.48,0.0,49,1434
2025-05-26 13:00:00,25.05,1.62,42,1530
2025-05-26 14:00:00,28.65,0.0,43,2307
2025-05-26 15:00:00,24.2,0.0,55,2491
2025-05-26 16:00:00,27.34,0.0,89,2840
2025-05-26 17:00:00,27.56,0.0,50,2818
2025-05-26 18:00:00,23.63,0.0,94,2754
2025-05-26 19:00:00,26.11,0.0,100,2467
2025-05-26 20:00:00,23.6,0.0,75,2048
2025-05-26 21:00:00,28.29,0.0,98,1777
2025-05-26 22:00:00,26.23,0.0,34,1474
2025-05-26 23:00:00,20.75,0.0,54,1575
2025-05-27 00:00:00,24.94,0.0,72,1229
2025-05-27 01:00:00,29.4,0.0,73,1409
2025-05-27 02:00:00,23.91,0.32,100,1263
2025-05-27 03:00:00,25.8,1.82,42,989
2025-05-27 04:00:00,26.09,0.0,54,1507
2025-05-27 05:00:00,21.34,0.0,65,1727
2025-05-27 06:00:00,25.99,2.37,54,1903
2025-05-27 07:00:00,20.27,0.0,41,2543
2025-05-27 08:00:00,22.58,0.05,55,2930
2025-05-27 09:00:00,27.68,0.0,61,2504
2025-05-27 10:00:00,25.52,0.09,100,1917
2025-05-27 11:00:00,23.54,0.0,42,1696
2025-05-27 12:00:00,25.79,0.0,88,1547
2025-05-27 13:00:00,24.27,0.05,99,1718
2025-05-27 14:00:00,24.49,0.18,54,2068
2025-05-27 15:00:00,26.42,0.88,74,2368
2025-05-27 16:00:00,22.27,0.0,82,2593
2025-05-27 17:00:00,24.58,0.0,77,2640
2025-05-27 18:00:00,23.52,1.33,69,2309
2025-05-27 19:00:00,19.7,0.0,50,2116
2025-05-27 20:00:00,21.69,0.07,84,1864
2025-05-27 21:00:00,29.16,0.0,58,1872
2025-05-27 22:00:00,25.61,0.0,68,1512
2025-05-27 23:00:00,20.48,0.0,72,1282
2025-05-28 00:00:00,19.96,0.0,88,1008
2025-05-28 01:00:00,24.24,0.0,100,1560
2025-05-28 02:00:00,29.26,0.0,48,1275
2025-05-28 03:00:00,24.02,0.51,68,1277
2025-05-28 04:00:00,28.5,0.82,30,1641
2025-05-28 05:00:00,25.63,0.0,100,1699
2025-05-28 06:00:00,25.99,0.0,68,2063
2025-05-28 07:00:00,20.57,0.0,59,2630
2025-05-28 08:00:00,27.39,0.03,68,2583
2025-05-28 09:00:00,23.57,0.13,69,2770
2025-05-28 10:00:00,27.17,3.19,48,1889
2025-05-28 11:00:00,22.13,0.0,96,1612
2025-05-28 12:00:00,25.11,0.0,83,1243
2025-05-28 13:00:00,25.63,0.0,86,1491
2025-05-28 14:00:00,24.12,0.0,50,2001
2025-05-28 15:00:00,25.79,0.0,48,2652
2025-05-28 16:00:00,23.78,0.0,64,2648
2025-05-28 17:00:00,22.63,0.63,87,2638
2025-05-28 18:00:00,29.39,0.0,79,2723
2025-05-28 19:00:00,27.72,0.53,47,2686
2025-05-28 20:00:00,22.29,0.0,83,1852
2025-05-28 21:00:00,26.28,0.0,42,1969
2025-05-28 22:00:00,22.35,1.2,50,1266
2025-05-28 23:00:00,21.02,0.0,71,1190
2025-05-29 00:00:00,27.8,1.59,37,1174
2025-05-29 01:00:00,19.58,0.31,42,1195
2025-05-29 02:00:00,27.48,0.0,100,1339
2025-05-29 03:00:00,23.94,0.53,100,867
2025-05-29 04:00:00,24.06,0.0,100,1412
2025-05-29 05:00:00,25.93,0.0,78,1658
2025-05-29 06:00:00,26.44,0.18,82,2030
2025-05-29 07:00:00,22.22,0.37,62,2309
2025-05-29 08:00:00,26.85,6.89,58,1909
2025-05-29 09:00:00,25.04,0.0,88,2454
2025-05-29 10:00:00,20.93,0.0,100,1976
2025-05-29 11:00:00,24.19,0.0,86,1470
2025-05-29 12:00:00,28.84,0.0,45,1586
2025-05-29 13:00:00,29.73,0.0,76,1623
2025-05-29 14:00:00,26.85,0.0,47,1826
2025-05-29 15:00:00,21.12,0.0,58,2221
2025-05-29 16:00:00,26.17,4.2,100,1967
2025-05-29 17:00:00,27.25,1.06,36,2714
2025-05-29 18:00:00,26.87,0.0,100,2511
2025-05-29 19:00:00,27.05,0.0,80,2140
2025-05-29 20:00:00,25.79,0.9,55,1791
2025-05-29 21:00:00,24.48,0.0,68,1429
2025-05-29 22:00:00,22.87,0.0,49,1635
2025-05-29 23:00:00,19.0,0.0,53,1476
2025-05-30 00:00:00,25.83,0.16,68,1464
2025-05-30 01:00:00,25.37,1.48,58,1040
2025-05-30 02:00:00,26.48,0.36,43,1499
2025-05-30 03:00:00,20.8,0.0,60,1345
2025-05-30 04:00:00,26.74,3.59,33,1020
2025-05-30 05:00:00,30.97,0.0,34,1817
2025-05-30 06:00:00,25.04,0.43,34,2154
2025-05-30 07:00:00,24.62,2.77,100,2178
2025-05-30 08:00:00,25.74,0.0,76,2784
2025-05-30 09:00:00,30.91,0.0,81,2629
2025-05-30 10:00:00,21.74,0.0,66,2067
2025-05-30 11:00:00,25.42,0.0,79,1922
2025-05-30 12:00:00,22.41,0.31,95,1323
2025-05-30 13:00:00,23.17,0.0,76,1611
2025-05-30 14:00:00,24.66,0.16,100,1866
2025-05-30 15:00:00,28.85,0.0,65,2384
2025-05-30 16:00:00,30.21,0.46,81,2432
2025-05-30 17:00:00,26.15,0.0,84,2584
2025-05-30 18:00:00,23.68,0.0,43,2999
2025-05-30 19:00:00,32.29,3.02,67,1855
2025-05-30 20:00:00,23.53,0.0,20,2097
2025-05-30 21:00:00,23.1,0.0,63,1709
2025-05-30 22:00:00,19.48,0.0,59,1547
2025-05-30 23:00:00,29.0,0.0,57,1486
2025-05-31 00:00:00,27.82,0.0,55,1274
2025-05-31 01:00:00,32.17,0.0,78,1064
2025-05-31 02:00:00,20.75,0.0,43,1126
2025-05-31 03:00:00,29.29,0.0,100,1131
2025-05-31 04:00:00,25.13,0.71,80,1186
2025-05-31 05:00:00,27.34,0.0,45,1348
2025-05-31 06:00:00,19.97,0.0,82,1499
2025-05-31 07:00:00,29.32,1.0,90,1670
2025-05-31 08:00:00,27.28,0.0,75,1982
2025-05-31 09:00:00,24.8,0.0,40,1904
2025-05-31 10:00:00,26.85,0.0,100,1219
2025-05-31 11:00:00,22.62,0.0,81,1182
2025-05-31 12:00:00,23.18,0.0,34,1241
2025-05-31 13:00:00,23.53,0.21,71,976
2025-05-31 14:00:00,19.36,1.24,60,1071
2025-05-31 15:00:00,27.5,0.0,66,1869
2025-05-31 16:00:00,28.49,0.0,36,2167
2025-05-31 17:00:00,22.81,0.0,67,1821
2025-05-31 18:00:00,25.96,0.0,45,1947
2025-05-31 19:00:00,24.12,0.0,57,1664
2025-05-31 20:00:00,25.9,0.77,75,1498
2025-05-31 21:00:00,23.03,1.42,54,972
2025-05-31 22:00:00,22.27,0.0,58,1001
2025-05-31 23:00:00,28.07,0.0,86,1195
2025-06-01 00:00:00,24.83,0.0,43,825
2025-06-01 01:00:00,31.09,0.0,49,979
2025-06-01 02:00:00,25.16,0.0,34,1018
2025-06-01 03:00:00,22.24,0.89,44,1072
2025-06-01 04:00:00,28.7,0.7,68,851
2025-06-01 05:00:00,26.91,0.0,81,1133
2025-06-01 06:00:00,27.2,1.56,45,1476
2025-06-01 07:00:00,28.59,0.0,80,1902
2025-06-01 08:00:00,23.06,0.0,68,1882
2025-06-01 09:00:00,24.64,0.0,30,1821
2025-06-01 10:00:00,24.51,0.3,69,1474
2025-06-01 11:00:00,21.15,1.29,95,753
2025-06-01 12:00:00,24.23,0.0,18,1151
2025-06-01 13:00:00,29.03,1.19,100,1246
2025-06-01 14:00:00,25.73,0.05,50,1243
2025-06-01 15:00:00,20.98,0.0,24,1536
2025-06-01 16:00:00,20.35,0.0,68,1681
2025-06-01 17:00:00,30.02,0.0,86,1874
2025-06-01 18:00:00,24.75,0.36,58,2038
2025-06-01 19:00:00,23.08,0.62,73,1373
2025-06-01 20:00:00,24.2,0.88,100,1046
2025-06-01 21:00:00,20.59,0.0,70,1223
2025-06-01 22:00:00,29.29,0.6,100,886
2025-06-01 23:00:00,23.84,0.0,97,1007
2025-06-02 00:00:00,29.22,0.24,66,1249
2025-06-02 01:00:00,25.27,0.0,72,1300
2025-06-02 02:00:00,29.41,0.0,57,1122
2025-06-02 03:00:00,25.89,0.0,71,1370
2025-06-02 04:00:00,27.68,0.0,79,1478
2025-06-02 05:00:00,27.28,0.0,54,1722
2025-06-02 06:00:00,26.99,0.0,30,2029
2025-06-02 07:00:00,26.16,0.0,98,2476
2025-06-02 08:00:00,24.42,2.37,89,2421
2025-06-02 09:00:00,30.87,0.0,29,2579
2025-06-02 10:00:00,22.4,0.0,69,1984
2025-06-02 11:00:00,25.13,0.0,90,1765
2025-06-02 12:00:00,25.16,0.0,88,1631
2025-06-02 13:00:00,26.33,1.98,47,1586
2025-06-02 14:00:00,23.83,0.0,89,1899
2025-06-02 15:00:00,26.06,0.0,65,2253
2025-06-02 16:00:00,24.61,0.0,74,2523
2025-06-02 17:00:00,20.37,0.22,42,2425
2025-06-02 18:00:00,25.15,0.0,0,2662
2025-06-02 19:00:00,21.82,0.0,45,2421
2025-06-02 20:00:00,19.92,0.29,78,1801
2025-06-02 21:00:00,25.53,0.0,59,1568
2025-06-02 22:00:00,26.58,0.0,81,1326
2025-06-02 23:00:00,26.7,0.41,92,1240
2025-06-03 00:00:00,26.91,0.0,56,1117
2025-06-03 01:00:00,19.41,0.0,53,1058
2025-06-03 02:00:00,21.13,0.0,9,1526
2025-06-03 03:00:00,31.13,0.0,25,1331
2025-06-03 04:00:00,22.07,0.0,31,1347
2025-06-03 05:00:00,27.04,0.0,78,1748
2025-06-03 06:00:00,23.15,0.0,56,2030
2025-06-03 07:00:00,25.45,1.27,51,2388
2025-06-03 08:00:00,23.31,0.0,48,2790
2025-06-03 09:00:00,26.9,1.78,45,2132
2025-06-03 10:00:00,25.62,0.0,87,2173
2025-06-03 11:00:00,23.87,0.0,66,1601
2025-06-03 12:00:00,22.06,1.24,89,1154
2025-06-03 13:00:00,26.02,0.0,9,2032
2025-06-03 14:00:00,21.57,0.34,77,1619
2025-06-03 15:00:00,26.49,0.66,52,2323
2025-06-03 16:00:00,33.09,0.0,57,2846
2025-06-03 17:00:00,29.26,0.87,98,2458
2025-06-03 18:00:00,27.37,0.0,54,2514
2025-06-03 19:00:00,24.96,0.0,76,2197
2025-06-03 20:00:00,19.4,0.0,39,1805
2025-06-03 21:00:00,21.25,0.0,65,1590
2025-06-03 22:00:00,29.06,0.68,24,1620
2025-06-03 23:00:00,22.84,1.45,63,1069
2025-06-04 00:00:00,23.2,0.41,73,1280
2025-06-04 01:00:00,24.8,0.0,91,1386
2025-06-04 02:00:00,22.11,0.0,43,1319
2025-06-04 03:00:00,21.62,0.0,50,1357
2025-06-04 04:00:00,25.15,0.0,48,1388
2025-06-04 05:00:00,22.63,0.07,57,1307
2025-06-04 06:00:00,23.08,0.0,40,2206
2025-06-04 07:00:00,22.96,0.8,10,2588
2025-06-04 08:00:00,26.87,1.28,38,2624
2025-06-04 09:00:00,24.6,0.2,62,2596
2025-06-04 10:00:00,24.76,0.0,60,2032
2025-06-04 11:00:00,27.09,0.0,77,1782
2025-06-04 12:00:00,24.87,0.0,85,1599
2025-06-04 13:00:00,24.47,0.0,52,1747
2025-06-04 14:00:00,26.71,0.39,24,2182
2025-06-04 15:00:00,27.3,0.0,74,2478
2025-06-04 16:00:00,24.86,0.59,63,2311
2025-06-04 17:00:00,25.54,0.0,57,2784
2025-06-04 18:00:00,22.95,0.0,94,2373
2025-06-04 19:00:00,22.72,0.0,75,2063
2025-06-04 20:00:00,27.61,2.68,67,1607
2025-06-04 21:00:00,26.64,0.0,68,1901
2025-06-04 22:00:00,26.67,1.69,85,1141
2025-06-04 23:00:00,26.14,0.0,46,1130
2025-06-05 00:00:00,25.52,0.0,41,1096
2025-06-05 01:00:00,27.47,0.0,57,1365
2025-06-05 02:00:00,28.19,0.0,34,1262
2025-06-05 03:00:00,28.12,0.0,62,1071
2025-06-05 04:00:00,25.08,0.0,66,1238
2025-06-05 05:00:00,29.54,0.0,61,1801
2025-06-05 06:00:00,26.07,1.4,54,2081
2025-06-05 07:00:00,27.28,0.0,100,2395
2025-06-05 08:00:00,26.23,1.24,87,2577
2025-06-05 09:00:00,26.12,0.25,61,2617
2025-06-05 10:00:00,23.18,0.0,66,1964
2025-06-05 11:00:00,27.49,0.0,98,1658
2025-06-05 12:00:00,33.92,0.3,49,1480
2025-06-05 13:00:00,24.26,0.0,39,1753
2025-06-05 14:00:00,25.6,0.0,69,1848
2025-06-05 15:00:00,24.04,0.0,74,2071
2025-06-05 16:00:00,23.92,1.04,75,2396
2025-06-05 17:00:00,30.02,0.0,84,2853
2025-06-05 18:00:00,23.36,0.0,45,2638
2025-06-05 19:00:00,23.96,0.0,28,2471
2025-06-05 20:00:00,20.62,0.0,49,2028
2025-06-05 21:00:00,23.11,2.05,78,1342
2025-06-05 22:00:00,20.26,0.0,40,1329
2025-06-05 23:00:00,27.28,0.0,15,1335
2025-06-06 00:00:00,33.86,0.0,66,1151
2025-06-06 01:00:00,24.36,0.0,49,1435
2025-06-06 02:00:00,20.46,0.07,20,1227
2025-06-06 03:00:00,28.16,0.0,65,1114
2025-06-06 04:00:00,23.28,0.0,53,1605
2025-06-06 05:00:00,29.36,0.0,100,1711
2025-06-06 06:00:00,24.62,0.0,65,2232
2025-06-06 07:00:00,23.57,0.55,77,2344
2025-06-06 08:00:00,24.93,0.0,62,2553
2025-06-06 09:00:00,27.73,0.0,48,2631
2025-06-06 10:00:00,24.78,0.43,51,2150
2025-06-06 11:00:00,23.97,0.0,90,1599
2025-06-06 12:00:00,24.86,2.14,81,1327
2025-06-06 13:00:00,21.65,0.37,26,1753
2025-06-06 14:00:00,26.65,1.68,32,1901
2025-06-06 15:00:00,20.1,2.24,33,1839
2025-06-06 16:00:00,24.13,0.39,89,2267
2025-06-06 17:00:00,27.74,0.0,19,2960
2025-06-06 18:00:00,26.37,0.0,82,2230
2025-06-06 19:00:00,27.23,0.0,73,2277
2025-06-06 20:00:00,25.27,0.0,66,1954
2025-06-06 21:00:00,28.97,0.0,51,1656
2025-06-06 22:00:00,28.24,0.73,92,1336
2025-06-06 23:00:00,26.8,1.07,66,1278
2025-06-07 00:00:00,28.32,0.0,26,969
2025-06-07 01:00:00,27.79,0.0,32,1157
2025-06-07 02:00:00,24.22,0.0,21,1091
2025-06-07 03:00:00,21.5,2.25,92,564
2025-06-07 04:00:00,26.79,0.37,98,855
2025-06-07 05:00:00,27.17,0.0,89,1207
2025-06-07 06:00:00,28.81,0.07,59,1864
2025-06-07 07:00:00,22.72,0.0,27,1711
2025-06-07 08:00:00,22.81,0.0,36,2127
2025-06-07 09:00:00,26.91,0.0,38,1612
2025-06-07 10:00:00,25.32,1.53,61,1217
2025-06-07 11:00:00,19.88,0.0,97,1019
2025-06-07 12:00:00,26.66,0.0,97,1148
2025-06-07 13:00:00,19.98,0.0,50,1154
2025-06-07 14:00:00,22.7,0.0,6,1659
2025-06-07 15:00:00,29.59,0.0,33,1709
2025-06-07 16:00:00,31.01,0.0,92,1842
2025-06-07 17:00:00,21.89,0.72,68,1702
2025-06-07 18:00:00,24.55,0.0,53,2113
2025-06-07 19:00:00,25.66,0.0,52,1503
2025-06-07 20:00:00,30.88,0.0,44,1452
2025-06-07 21:00:00,24.06,0.37,32,1062
2025-06-07 22:00:00,24.1,0.08,100,1041
2025-06-07 23:00:00,30.18,0.77,100,733
2025-06-08 00:00:00,24.48,3.0,41,859
2025-06-08 01:00:00,27.77,0.0,18,1072
2025-06-08 02:00:00,21.17,0.0,66,932
2025-06-08 03:00:00,25.09,0.6,58,973
2025-06-08 04:00:00,20.62,3.28,78,567
2025-06-08 05:00:00,22.43,0.0,83,1178
2025-06-08 06:00:00,28.12,0.0,33,1631
2025-06-08 07:00:00,25.45,0.41,94,1747
2025-06-08 08:00:00,24.64,0.0,53,1791
2025-06-08 09:00:00,23.36,0.0,77,1586
2025-06-08 10:00:00,24.94,0.0,55,1641
2025-06-08 11:00:00,26.5,0.0,85,1219
2025-06-08 12:00:00,28.55,0.0,3,951
2025-06-08 13:00:00,17.73,0.37,80,941
2025-06-08 14:00:00,23.11,0.59,41,1556
2025-06-08 15:00:00,26.08,0.0,64,1620
2025-06-08 16:00:00,25.3,2.04,93,1442
2025-06-08 17:00:00,26.81,0.0,42,1752
2025-06-08 18:00:00,26.4,0.0,38,1809
2025-06-08 19:00:00,24.69,0.0,53,1481
2025-06-08 20:00:00,24.02,0.0,51,1466
2025-06-08 21:00:00,24.86,0.05,36,1250
2025-06-08 22:00:00,29.05,0.63,64,989
2025-06-08 23:00:00,23.41,0.84,66,745
2025-06-09 00:00:00,25.48,0.0,73,1448
2025-06-09 01:00:00,26.21,0.0,41,1213
2025-06-09 02:00:00,30.34,0.0,38,1295
2025-06-09 03:00:00,24.76,0.0,58,1280
2025-06-09 04:00:00,28.54,0.0,55,1493
2025-06-09 05:00:00,29.36,1.27,56,1702
2025-06-09 06:00:00,25.47,2.55,44,1977
2025-06-09 07:00:00,25.03,0.0,70,2605
2025-06-09 08:00:00,24.68,0.14,38,3033
2025-06-09 09:00:00,24.9,0.0,58,2268
2025-06-09 10:00:00,28.23,0.0,54,2206
2025-06-09 11:00:00,26.36,0.28,60,1626
2025-06-09 12:00:00,26.37,0.0,91,1684
2025-06-09 13:00:00,22.29,0.0,28,1694
2025-06-09 14:00:00,22.76,0.0,2,1742
2025-06-09 15:00:00,32.09,0.0,46,2476
2025-06-09 16:00:00,25.13,0.0,33,2655
2025-06-09 17:00:00,23.34,0.0,0,2871
2025-06-09 18:00:00,29.96,0.0,100,2454
2025-06-09 19:00:00,26.51,1.43,75,2148
2025-06-09 20:00:00,27.4,0.0,78,1905
2025-06-09 21:00:00,25.25,0.0,54,1568
2025-06-09 22:00:00,24.71,1.41,72,1295
2025-06-09 23:00:00,25.15,0.0,51,1374
2025-06-10 00:00:00,21.57,0.0,81,1306
2025-06-10 01:00:00,25.46,0.0,66,1255
2025-06-10 02:00:00,26.61,0.0,60,1377
2025-06-10 03:00:00,31.27,0.0,62,1236
2025-06-10 04:00:00,25.98,0.0,97,1579
2025-06-10 05:00:00,18.72,1.08,65,1370
2025-06-10 06:00:00,25.44,0.0,35,2295
2025-06-10 07:00:00,33.94,0.0,69,2656
2025-06-10 08:00:00,28.32,0.0,73,2713
2025-06-10 09:00:00,23.29,0.0,57,2590
2025-06-10 10:00:00,27.49,0.0,60,1851
2025-06-10 11:00:00,23.49,0.28,34,1627
2025-06-10 12:00:00,21.66,0.0,63,1492
2025-06-10 13:00:00,24.68,0.0,30,1970
2025-06-10 14:00:00,26.0,0.0,55,1965
2025-06-10 15:00:00,20.1,0.0,44,1899
2025-06-10 16:00:00,22.27,0.0,85,2425
2025-06-10 17:00:00,25.75,0.0,100,2594
2025-06-10 18:00:00,24.5,1.03,32,2641
2025-06-10 19:00:00,26.9,0.22,61,2289
2025-06-10 20:00:00,22.08,0.0,53,1734
2025-06-10 21:00:00,27.86,0.0,72,1800
2025-06-10 22:00:00,22.17,0.0,63,1475
2025-06-10 23:00:00,30.65,1.99,51,1098
2025-06-11 00:00:00,20.63,0.0,63,1283
2025-06-11 01:00:00,22.49,0.82,55,1054
2025-06-11 02:00:00,27.02,3.71,100,732
2025-06-11 03:00:00,30.76,0.0,41,1366
2025-06-11 04:00:00,26.72,3.07,67,1044
2025-06-11 05:00:00,27.46,0.0,73,1850
2025-06-11 06:00:00,25.82,0.0,71,1852
2025-06-11 07:00:00,22.69,0.0,53,2638
2025-06-11 08:00:00,24.3,3.13,95,2240
2025-06-11 09:00:00,22.14,0.43,8,2458
2025-06-11 10:00:00,21.94,0.0,33,2123
2025-06-11 11:00:00,26.98,0.0,77,1581
2025-06-11 12:00:00,22.4,0.0,38,1220
2025-06-11 13:00:00,26.73,0.0,37,1595
2025-06-11 14:00:00,21.87,0.0,49,1653
2025-06-11 15:00:00,26.66,0.0,41,2156
2025-06-11 16:00:00,24.31,0.0,76,2291
2025-06-11 17:00:00,29.99,0.0,83,2870
2025-06-11 18:00:00,26.74,0.0,63,2402
2025-06-11 19:00:00,29.48,0.0,87,2290
2025-06-11 20:00:00,23.51,0.0,26,2145
2025-06-11 21:00:00,25.94,0.0,62,1775
2025-06-11 22:00:00,22.83,0.0,94,1302
2025-06-11 23:00:00,24.53,0.26,85,1204
2025-06-12 00:00:00,25.03,1.09,96,1076
2025-06-12 01:00:00,23.64,0.0,45,1561
2025-06-12 02:00:00,22.17,2.2,83,974
2025-06-12 03:00:00,21.58,0.0,49,1379
2025-06-12 04:00:00,18.8,0.0,75,1639
2025-06-12 05:00:00,22.65,0.0,93,1651
2025-06-12 06:00:00,27.7,0.72,40,2267
2025-06-12 07:00:00,21.02,0.0,13,2604
2025-06-12 08:00:00,21.71,0.0,100,2606
2025-06-12 09:00:00,31.19,0.0,72,2437
2025-06-12 10:00:00,23.91,0.31,57,1906
2025-06-12 11:00:00,26.78,0.56,56,1608
2025-06-12 12:00:00,27.75,0.86,7,1611
2025-06-12 13:00:00,27.81,0.0,65,1795
2025-06-12 14:00:00,21.25,1.02,47,1977
2025-06-12 15:00:00,25.13,2.89,61,1933
2025-06-12 16:00:00,20.96,4.1,61,2082
2025-06-12 17:00:00,33.16,0.0,0,2988
2025-06-12 18:00:00,21.03,0.0,72,2462
2025-06-12 19:00:00,22.68,0.0,65,2193
2025-06-12 20:00:00,22.7,0.23,68,1657
2025-06-12 21:00:00,21.33,0.22,55,1553
2025-06-12 22:00:00,29.88,0.0,61,1501
2025-06-12 23:00:00,33.09,0.0,64,1604
2025-06-13 00:00:00,24.43,0.0,66,1405
2025-06-13 01:00:00,21.9,0.58,71,1137
2025-06-13 02:00:00,19.15,2.3,66,1181
2025-06-13 03:00:00,25.13,0.0,100,1263
2025-06-13 04:00:00,24.91,0.0,41,1625
2025-06-13 05:00:00,23.91,0.0,50,1702
2025-06-13 06:00:00,26.52,0.0,100,1895
2025-06-13 07:00:00,27.05,2.05,56,2237
2025-06-13 08:00:00,26.83,0.0,83,2858
2025-06-13 09:00:00,24.91,0.0,63,2460
2025-06-13 10:00:00,22.56,0.0,54,2023
2025-06-13 11:00:00,27.86,0.0,84,1707
2025-06-13 12:00:00,25.9,0.0,72,1379
2025-06-13 13:00:00,28.53,2.3,21,1669
2025-06-13 14:00:00,28.23,0.0,64,2247
2025-06-13 15:00:00,21.59,0.0,35,2283
2025-06-13 16:00:00,21.56,0.0,91,2523
2025-06-13 17:00:00,23.59,1.81,100,2488
2025-06-13 18:00:00,22.69,0.05,100,2455
2025-06-13 19:00:00,28.13,0.72,68,2102
2025-06-13 20:00:00,26.91,0.0,48,1938
2025-06-13 21:00:00,29.16,0.0,67,1752
2025-06-13 22:00:00,27.05,0.0,36,1578
2025-06-13 23:00:00,26.49,0.0,100,1023
2025-06-14 00:00:00,29.5,0.0,89,882
2025-06-14 01:00:00,27.31,0.0,67,854
2025-06-14 02:00:00,26.1,0.96,84,922
2025-06-14 03:00:00,30.34,1.34,47,824
2025-06-14 04:00:00,26.24,0.0,31,1075
2025-06-14 05:00:00,24.98,0.17,4,1269
2025-06-14 06:00:00,23.38,2.46,61,1308
2025-06-14 07:00:00,28.0,0.0,54,1977
2025-06-14 08:00:00,29.61,0.0,72,2012
2025-06-14 09:00:00,25.74,0.0,59,1952
2025-06-14 10:00:00,29.82,0.0,71,1742
2025-06-14 11:00:00,19.99,0.0,79,879
2025-06-14 12:00:00,25.73,1.21,22,1088
2025-06-14 13:00:00,25.78,0.0,81,1120
2025-06-14 14:00:00,23.71,0.96,49,1115
2025-06-14 15:00:00,33.05,0.0,72,1686
2025-06-14 16:00:00,25.7,0.0,84,1887
2025-06-14 17:00:00,24.67,0.1,85,2035
2025-06-14 18:00:00,25.97,0.0,62,1645
2025-06-14 19:00:00,19.89,0.0,63,1636
2025-06-14 20:00:00,23.62,0.0,81,1615
2025-06-14 21:00:00,28.85,0.0,21,1593
2025-06-14 22:00:00,24.01,0.16,35,596
2025-06-14 23:00:00,23.41,0.0,52,1285
2025-06-15 00:00:00,29.86,0.0,25,1211
2025-06-15 01:00:00,29.95,0.0,52,703
2025-06-15 02:00:00,27.48,0.0,50,893
2025-06-15 03:00:00,24.56,0.0,61,1144
2025-06-15 04:00:00,25.21,0.63,57,1048
2025-06-15 05:00:00,23.51,0.43,85,1041
2025-06-15 06:00:00,22.94,0.0,73,1471
2025-06-15 07:00:00,22.79,0.0,57,1834
2025-06-15 08:00:00,24.07,0.0,50,1822
2025-06-15 09:00:00,22.82,0.43,57,1687
2025-06-15 10:00:00,21.24,0.33,58,1552
2025-06-15 11:00:00,26.58,0.0,100,1092
2025-06-15 12:00:00,26.63,1.41,22,806
2025-06-15 13:00:00,31.03,0.0,35,1252
2025-06-15 14:00:00,23.92,1.9,32,1091
2025-06-15 15:00:00,26.81,0.0,65,1565
2025-06-15 16:00:00,26.86,0.17,64,1581
2025-06-15 17:00:00,25.17,1.88,44,1739
2025-06-15 18:00:00,28.16,0.0,81,1950
2025-06-15 19:00:00,28.25,0.0,68,1553
2025-06-15 20:00:00,26.91,0.0,82,1296
2025-06-15 21:00:00,25.16,0.0,88,1120
2025-06-15 22:00:00,24.85,0.0,5,1044
2025-06-15 23:00:00,21.82,0.0,76,1046
2025-06-16 00:00:00,23.53,0.74,26,1087
2025-06-16 01:00:00,24.09,1.1,64,1028
2025-06-16 02:00:00,22.58,0.0,56,1133
2025-06-16 03:00:00,27.27,3.29,57,1101
2025-06-16 04:00:00,29.54,0.0,28,1545
2025-06-16 05:00:00,23.23,2.77,84,1585
2025-06-16 06:00:00,26.8,0.53,26,2193
2025-06-16 07:00:00,22.85,0.0,77,2600
2025-06-16 08:00:00,25.04,3.56,22,2274
2025-06-16 09:00:00,23.88,0.55,57,2293
2025-06-16 10:00:00,27.76,0.0,100,2069
2025-06-16 11:00:00,23.92,0.45,100,1467
2025-06-16 12:00:00,28.99,0.45,17,1255
2025-06-16 13:00:00,25.21,0.0,40,1831
2025-06-16 14:00:00,24.0,0.0,45,1962
2025-06-16 15:00:00,22.19,0.0,100,2062
2025-06-16 16:00:00,26.71,0.0,56,2647
2025-06-16 17:00:00,28.64,2.18,85,2420
2025-06-16 18:00:00,26.77,0.0,65,2774
2025-06-16 19:00:00,32.67,0.0,28,2522
2025-06-16 20:00:00,30.24,1.96,11,1861
2025-06-16 21:00:00,25.03,0.5,43,1719
2025-06-16 22:00:00,25.0,0.0,100,1359
2025-06-16 23:00:00,27.36,0.04,64,1380
2025-06-17 00:00:00,23.46,0.53,84,1291
2025-06-17 01:00:00,29.47,0.0,22,1235
2025-06-17 02:00:00,27.06,0.92,49,1090
2025-06-17 03:00:00,26.74,0.0,77,1248
2025-06-17 04:00:00,28.03,1.42,30,1341
2025-06-17 05:00:00,31.14,0.45,56,1921
2025-06-17 06:00:00,26.48,0.0,35,1986
2025-06-17 07:00:00,25.63,0.0,78,2473
2025-06-17 08:00:00,30.5,2.44,67,2368
2025-06-17 09:00:00,28.87,0.0,74,2771
2025-06-17 10:00:00,25.01,2.2,79,1934
2025-06-17 11:00:00,25.99,1.7,52,1574
2025-06-17 12:00:00,26.56,0.47,82,1502
2025-06-17 13:00:00,27.06,0.0,43,1527
2025-06-17 14:00:00,21.9,0.0,73,2154
2025-06-17 15:00:00,21.34,0.0,8,2213
2025-06-17 16:00:00,23.31,1.38,39,2588
2025-06-17 17:00:00,23.08,1.5,100,2458
2025-06-17 18:00:00,24.04,0.0,73,2558
2025-06-17 19:00:00,27.88,0.0,73,2470
2025-06-17 20:00:00,25.47,0.49,37,2077
2025-06-17 21:00:00,26.56,0.0,30,1745
2025-06-17 22:00:00,22.3,0.0,51,1363
2025-06-17 23:00:00,24.59,0.0,56,1352
2025-06-18 00:00:00,27.75,0.0,100,1200
2025-06-18 01:00:00,27.77,0.71,82,1217
2025-06-18 02:00:00,23.81,1.25,60,1244
2025-06-18 03:00:00,26.47,1.87,59,1181
2025-06-18 04:00:00,32.58,0.0,76,1552
2025-06-18 05:00:00,25.93,0.5,24,1647
2025-06-18 06:00:00,23.91,0.0,9,2244
2025-06-18 07:00:00,25.47,1.99,75,2003
2025-06-18 08:00:00,26.26,0.05,59,2574
2025-06-18 09:00:00,25.53,1.54,24,2484
2025-06-18 10:00:00,25.89,0.0,5,2360
2025-06-18 11:00:00,21.66,1.08,79,1492
2025-06-18 12:00:00,23.1,0.0,44,1476
2025-06-18 13:00:00,25.54,0.0,67,1693
2025-06-18 14:00:00,25.49,0.0,50,2065
2025-06-18 15:00:00,24.29,0.0,56,2251
2025-06-18 16:00:00,25.46,0.0,42,2466
2025-06-18 17:00:00,26.17,1.29,55,2597
2025-06-18 18:00:00,28.65,0.0,71,2867
2025-06-18 19:00:00,25.69,0.0,50,2183
2025-06-18 20:00:00,27.18,1.66,49,1781
2025-06-18 21:00:00,24.36,0.0,72,1559
2025-06-18 22:00:00,27.7,0.0,74,1795
2025-06-18 23:00:00,27.11,0.0,28,1292
2025-06-19 00:00:00,28.59,0.0,56,1293
2025-06-19 01:00:00,28.14,1.25,43,1135
2025-06-19 02:00:00,27.76,0.41,57,1091
2025-06-19 03:00:00,25.7,1.25,92,927
2025-06-19 04:00:00,26.73,0.35,65,1497
2025-06-19 05:00:00,29.19,0.0,100,1795
2025-06-19 06:00:00,24.04,0.28,62,1982
2025-06-19 07:00:00,24.11,0.0,52,2703
2025-06-19 08:00:00,26.54,0.0,56,2386
2025-06-19 09:00:00,27.24,0.0,60,2361
2025-06-19 10:00:00,23.52,1.57,64,1777
2025-06-19 11:00:00,25.77,3.18,32,1399
2025-06-19 12:00:00,25.71,0.0,51,1411
2025-06-19 13:00:00,19.35,0.0,38,1577
2025-06-19 14:00:00,25.34,0.46,82,1916
2025-06-19 15:00:00,25.52,0.0,8,2597
2025-06-19 16:00:00,25.51,0.0,60,2680
2025-06-19 17:00:00,30.24,0.0,18,2840
2025-06-19 18:00:00,22.35,0.6,67,2423
2025-06-19 19:00:00,23.52,0.0,46,2441
2025-06-19 20:00:00,18.16,0.0,11,2202
2025-06-19 21:00:00,24.55,0.0,80,1689
2025-06-19 22:00:00,24.81,0.0,0,1493
2025-06-19 23:00:00,24.47,0.0,56,1369
2025-06-20 00:00:00,29.32,0.32,73,1334
2025-06-20 01:00:00,28.58,0.15,90,1153
2025-06-20 02:00:00,26.23,0.0,16,1497
2025-06-20 03:00:00,24.89,0.19,43,1361
2025-06-20 04:00:00,29.08,0.0,83,1623
2025-06-20 05:00:00,25.94,0.0,85,1541
2025-06-20 06:00:00,23.55,0.0,88,1791
2025-06-20 07:00:00,20.85,0.0,100,2306
2025-06-20 08:00:00,24.68,0.0,43,2702
2025-06-20 09:00:00,28.26,0.0,65,2290
2025-06-20 10:00:00,32.83,0.66,47,2091
2025-06-20 11:00:00,26.18,0.76,7,1926
2025-06-20 12:00:00,23.7,1.09,54,1381
2025-06-20 13:00:00,22.44,0.29,6,1700
2025-06-20 14:00:00,27.66,0.0,43,1869
2025-06-20 15:00:00,20.71,0.0,19,2474
2025-06-20 16:00:00,27.65,0.4,67,2481
2025-06-20 17:00:00,28.45,3.77,36,2329
2025-06-20 18:00:00,27.31,0.63,11,2675
2025-06-20 19:00:00,25.34,5.5,78,1616
2025-06-20 20:00:00,27.69,3.55,41,1804
2025-06-20 21:00:00,26.51,0.8,45,1684
2025-06-20 22:00:00,23.67,0.37,31,1484
2025-06-20 23:00:00,31.55,2.22,85,1103
2025-06-21 00:00:00,24.94,0.0,62,989
2025-06-21 01:00:00,28.33,0.97,40,880
2025-06-21 02:00:00,18.74,0.0,8,982
2025-06-21 03:00:00,29.83,0.0,100,920
2025-06-21 04:00:00,30.4,0.01,100,994
2025-06-21 05:00:00,26.09,0.0,91,1071
2025-06-21 06:00:00,27.67,0.0,38,1564
2025-06-21 07:00:00,27.67,0.0,43,1811
2025-06-21 08:00:00,24.07,0.0,65,2129
2025-06-21 09:00:00,27.64,1.0,33,1897
2025-06-21 10:00:00,23.57,0.88,31,1431
2025-06-21 11:00:00,24.17,0.0,92,1111
2025-06-21 12:00:00,29.38,0.97,54,1111
2025-06-21 13:00:00,28.92,0.0,27,1597
2025-06-21 14:00:00,23.88,0.0,79,1459
2025-06-21 15:00:00,23.8,0.0,41,1412
2025-06-21 16:00:00,24.06,1.52,6,1855
2025-06-21 17:00:00,28.2,0.11,27,2143
2025-06-21 18:00:00,23.0,0.0,42,2136
2025-06-21 19:00:00,27.07,0.12,61,1613
2025-06-21 20:00:00,28.24,0.0,60,1471
2025-06-21 21:00:00,25.73,0.0,86,1223
2025-06-21 22:00:00,29.03,0.0,49,1038
2025-06-21 23:00:00,25.09,0.0,44,902
2025-06-22 00:00:00,25.35,0.0,86,943
2025-06-22 01:00:00,23.06,0.6,79,579
2025-06-22 02:00:00,29.04,0.02,50,839
2025-06-22 03:00:00,23.69,0.05,62,1059
2025-06-22 04:00:00,27.04,0.0,43,1198
2025-06-22 05:00:00,25.78,0.0,26,1501
2025-06-22 06:00:00,22.83,0.24,100,1442
2025-06-22 07:00:00,24.16,0.0,41,1810
2025-06-22 08:00:00,30.14,1.29,62,1996
2025-06-22 09:00:00,26.6,0.0,17,1835
2025-06-22 10:00:00,22.96,0.0,73,1414
2025-06-22 11:00:00,26.91,0.19,25,1313
2025-06-22 12:00:00,25.55,0.0,97,1061
2025-06-22 13:00:00,36.35,0.0,100,1283
2025-06-22 14:00:00,26.85,0.0,69,1204
2025-06-22 15:00:00,24.85,0.0,58,1598
2025-06-22 16:00:00,30.25,0.0,50,1917
2025-06-22 17:00:00,20.47,0.0,54,1858
2025-06-22 18:00:00,26.27,0.0,65,1769
2025-06-22 19:00:00,31.98,0.0,57,1814
2025-06-22 20:00:00,25.64,0.0,79,1148
2025-06-22 21:00:00,20.79,0.0,32,1253
2025-06-22 22:00:00,24.8,2.51,93,944
2025-06-22 23:00:00,30.36,0.58,44,945
2025-06-23 00:00:00,27.11,0.0,36,1341
2025-06-23 01:00:00,23.46,0.0,63,1191
2025-06-23 02:00:00,23.92,0.0,65,1210
2025-06-23 03:00:00,24.3,1.79,11,1044
2025-06-23 04:00:00,27.06,4.19,42,1286
2025-06-23 05:00:00,29.99,0.0,0,1961
2025-06-23 06:00:00,29.14,0.8,37,2030
2025-06-23 07:00:00,27.35,0.35,39,2429
2025-06-23 08:00:00,21.98,0.0,62,2630
2025-06-23 09:00:00,22.0,0.42,35,2156
2025-06-23 10:00:00,27.58,0.0,41,2337
2025-06-23 11:00:00,21.94,0.0,87,1541
2025-06-23 12:00:00,25.3,0.0,100,1423
2025-06-23 13:00:00,26.89,0.0,31,1793
2025-06-23 14:00:00,22.57,0.0,80,2001
2025-06-23 15:00:00,22.91,0.0,64,2311
2025-06-23 16:00:00,25.7,1.47,11,2597
2025-06-23 17:00:00,27.49,0.83,35,2801
2025-06-23 18:00:00,29.16,0.0,0,2697
2025-06-23 19:00:00,27.8,0.0,62,2620
2025-06-23 20:00:00,26.2,0.0,27,2075
2025-06-23 21:00:00,23.74,0.0,58,1628
2025-06-23 22:00:00,22.77,0.0,100,1213
2025-06-23 23:00:00,24.45,0.0,94,1226
2025-06-24 00:00:00,27.19,0.0,35,1393
2025-06-24 01:00:00,26.97,0.77,29,1269
2025-06-24 02:00:00,19.66,0.0,86,1392
2025-06-24 03:00:00,23.61,0.0,29,1302
2025-06-24 04:00:00,29.58,0.07,79,1563
2025-06-24 05:00:00,26.2,0.0,100,1493
2025-06-24 06:00:00,21.71,0.0,71,2347
2025-06-24 07:00:00,33.03,0.0,83,2410
2025-06-24 08:00:00,25.88,0.0,81,2932
2025-06-24 09:00:00,27.12,0.0,40,2556
2025-06-24 10:00:00,27.16,0.0,61,1830
2025-06-24 11:00:00,24.86,0.0,30,1960
2025-06-24 12:00:00,23.78,0.0,86,1385
2025-06-24 13:00:00,32.33,0.0,27,1760
2025-06-24 14:00:00,28.97,0.12,71,2055
2025-06-24 15:00:00,28.43,3.36,82,1979
2025-06-24 16:00:00,27.69,0.0,42,2696
2025-06-24 17:00:00,22.95,0.13,36,2830
2025-06-24 18:00:00,29.8,2.19,50,2427
2025-06-24 19:00:00,23.43,0.0,32,2406
2025-06-24 20:00:00,26.81,0.0,58,1901
2025-06-24 21:00:00,21.04,0.74,31,1664
2025-06-24 22:00:00,19.84,0.0,33,1349
2025-06-24 23:00:00,26.92,0.0,68,1188
2025-06-25 00:00:00,23.51,0.0,69,1184
2025-06-25 01:00:00,19.97,0.0,46,1170
2025-06-25 02:00:00,27.56,1.73,12,1324
2025-06-25 03:00:00,32.3,0.41,83,1126
2025-06-25 04:00:00,30.11,0.0,42,1710
2025-06-25 05:00:00,25.17,0.0,100,1548
2025-06-25 06:00:00,25.97,0.0,50,1802
2025-06-25 07:00:00,28.6,0.0,57,2395
2025-06-25 08:00:00,29.31,0.74,43,2638
2025-06-25 09:00:00,24.91,0.0,59,2565
2025-06-25 10:00:00,26.04,0.0,100,2029
2025-06-25 11:00:00,26.84,0.67,45,1521
2025-06-25 12:00:00,27.6,0.18,85,1302
2025-06-25 13:00:00,25.54,0.11,56,1484
2025-06-25 14:00:00,25.58,2.4,83,1654
2025-06-25 15:00:00,30.08,0.0,5,2455
2025-06-25 16:00:00,29.57,0.0,100,2635
2025-06-25 17:00:00,27.37,0.0,62,2454
2025-06-25 18:00:00,31.1,1.18,47,2463
2025-06-25 19:00:00,24.78,0.0,76,2531
2025-06-25 20:00:00,30.81,0.0,57,2125
2025-06-25 21:00:00,27.57,0.0,25,1714
2025-06-25 22:00:00,35.75,0.91,0,1479
2025-06-25 23:00:00,22.36,0.0,99,1370
2025-06-26 00:00:00,23.84,0.0,47,1476
2025-06-26 01:00:00,27.17,0.0,38,1172
2025-06-26 02:00:00,27.1,1.77,39,981
2025-06-26 03:00:00,31.76,0.43,89,1345
2025-06-26 04:00:00,23.91,0.92,41,1409
2025-06-26 05:00:00,28.63,0.0,69,1817
2025-06-26 06:00:00,29.4,0.0,44,2467
2025-06-26 07:00:00,28.03,0.6,21,2418
2025-06-26 08:00:00,23.03,0.0,75,2615
2025-06-26 09:00:00,30.14,1.15,80,2502
2025-06-26 10:00:00,29.6,0.0,36,2329
2025-06-26 11:00:00,27.71,1.1,52,1547
2025-06-26 12:00:00,26.52,0.0,55,1392
2025-06-26 13:00:00,26.59,2.35,64,1316
2025-06-26 14:00:00,25.68,0.3,100,2075
2025-06-26 15:00:00,27.83,0.01,45,2217
2025-06-26 16:00:00,26.01,0.0,45,2562
2025-06-26 17:00:00,23.37,0.69,48,2694
2025-06-26 18:00:00,22.77,1.33,29,2276
2025-06-26 19:00:00,23.66,0.0,10,2398
2025-06-26 20:00:00,26.58,0.0,56,1708
2025-06-26 21:00:00,25.83,0.0,66,1674
2025-06-26 22:00:00,26.56,0.0,53,1489
2025-06-26 23:00:00,27.41,0.0,51,1409
2025-06-27 00:00:00,24.0,1.83,30,957
2025-06-27 01:00:00,30.28,0.0,59,1369
2025-06-27 02:00:00,25.08,0.27,57,1238
2025-06-27 03:00:00,24.58,0.1,64,1470
2025-06-27 04:00:00,27.33,0.45,60,1514
2025-06-27 05:00:00,20.37,0.0,62,1436
2025-06-27 06:00:00,23.51,0.0,85,1923
2025-06-27 07:00:00,28.82,0.0,67,2461
2025-06-27 08:00:00,20.67,0.27,64,2589
2025-06-27 09:00:00,29.23,0.0,9,2646
2025-06-27 10:00:00,30.41,0.0,79,2132
2025-06-27 11:00:00,24.77,0.0,45,2134
2025-06-27 12:00:00,26.75,0.0,54,1410
2025-06-27 13:00:00,29.24,0.0,20,1984
2025-06-27 14:00:00,24.48,0.0,100,1834
2025-06-27 15:00:00,28.48,1.28,0,1995
2025-06-27 16:00:00,23.87,0.0,90,2512
2025-06-27 17:00:00,24.45,0.77,63,2720
2025-06-27 18:00:00,23.48,0.0,5,2738
2025-06-27 19:00:00,26.91,0.25,100,2236
2025-06-27 20:00:00,29.35,0.0,65,2001
2025-06-27 21:00:00,25.33,0.02,0,1699
2025-06-27 22:00:00,22.06,0.78,42,1468
2025-06-27 23:00:00,22.63,0.24,66,1196
2025-06-28 00:00:00,27.02,0.2,95,781
2025-06-28 01:00:00,31.37,0.99,42,1006
2025-06-28 02:00:00,27.02,0.0,0,1052
2025-06-28 03:00:00,24.68,0.46,88,1039
2025-06-28 04:00:00,28.14,0.35,64,1125
2025-06-28 05:00:00,25.12,0.0,0,1259
2025-06-28 06:00:00,24.71,0.0,60,1353
2025-06-28 07:00:00,22.96,0.0,63,1667
2025-06-28 08:00:00,30.07,0.0,44,2333
2025-06-28 09:00:00,18.22,0.0,31,1707
2025-06-28 10:00:00,28.23,0.15,37,1702
2025-06-28 11:00:00,24.45,0.0,44,1088
2025-06-28 12:00:00,24.61,0.0,61,905
2025-06-28 13:00:00,30.92,0.0,72,1241
2025-06-28 14:00:00,23.7,0.55,0,1675
2025-06-28 15:00:00,23.8,0.0,58,1438
2025-06-28 16:00:00,25.45,0.0,64,1734
2025-06-28 17:00:00,27.08,0.0,56,2063
2025-06-28 18:00:00,24.51,0.0,42,2075
2025-06-28 19:00:00,21.12,0.0,87,1582
2025-06-28 20:00:00,23.24,0.0,85,1420
2025-06-28 21:00:00,29.68,0.0,43,1181
2025-06-28 22:00:00,26.06,0.0,50,915
2025-06-28 23:00:00,27.19,0.1,71,826
2025-06-29 00:00:00,25.01,0.0,83,765
2025-06-29 01:00:00,23.82,0.28,31,974
2025-06-29 02:00:00,30.83,2.43,25,639
2025-06-29 03:00:00,25.23,0.17,58,998
2025-06-29 04:00:00,24.47,1.52,23,903
2025-06-29 05:00:00,29.08,0.0,3,1343
2025-06-29 06:00:00,23.63,0.79,31,1584
2025-06-29 07:00:00,24.01,0.82,62,1533
2025-06-29 08:00:00,25.83,0.0,90,2050
2025-06-29 09:00:00,25.8,0.0,34,1965
2025-06-29 10:00:00,26.58,0.0,48,1427
2025-06-29 11:00:00,32.07,0.75,55,1441
2025-06-29 12:00:00,26.8,0.37,35,941
2025-06-29 13:00:00,18.66,0.0,33,1341
2025-06-29 14:00:00,26.78,0.78,60,1383
2025-06-29 15:00:00,25.91,0.0,21,1503
2025-06-29 16:00:00,25.93,0.0,32,1711
2025-06-29 17:00:00,26.53,0.0,46,1891
2025-06-29 18:00:00,25.71,0.0,59,1957
2025-06-29 19:00:00,25.64,0.61,13,1639
2025-06-29 20:00:00,27.64,0.0,48,1439
2025-06-29 21:00:00,24.17,0.0,19,1276
2025-06-29 22:00:00,22.95,0.0,34,805
2025-06-29 23:00:00,34.87,0.0,71,1229
2025-06-30 00:00:00,23.6,0.0,49,1442
2025-06-30 01:00:00,26.05,0.1,93,1305
2025-06-30 02:00:00,21.26,0.0,49,1175
2025-06-30 03:00:00,26.1,1.3,75,1021
2025-06-30 04:00:00,22.95,0.0,71,1241
2025-06-30 05:00:00,24.42,0.1,50,1553
2025-06-30 06:00:00,28.88,0.02,18,2569
2025-06-30 07:00:00,27.16,0.0,48,2549
2025-06-30 08:00:00,27.45,0.0,37,2879
2025-06-30 09:00:00,20.43,0.02,36,2598
2025-06-30 10:00:00,31.26,0.11,55,2223
2025-06-30 11:00:00,22.17,0.0,15,1631
2025-06-30 12:00:00,30.33,0.0,29,1659
2025-06-30 13:00:00,28.81,0.3,25,1585
2025-06-30 14:00:00,27.48,0.0,44,2095
2025-06-30 15:00:00,23.18,0.0,32,2166
2025-06-30 16:00:00,26.2,0.0,33,2572
2025-06-30 17:00:00,24.33,0.76,54,2519
2025-06-30 18:00:00,25.83,0.12,40,2795
2025-06-30 19:00:00,25.0,0.0,51,1959
2025-06-30 20:00:00,19.63,0.2,23,2238
2025-06-30 21:00:00,29.11,0.0,30,1655
2025-06-30 22:00:00,25.5,0.0,100,1355
2025-06-30 23:00:00,24.29,0.71,33,1348
2025-07-01 00:00:00,24.01,0.0,0,1356
2025-07-01 01:00:00,26.77,0.0,59,1355
2025-07-01 02:00:00,23.01,1.56,33,1143
2025-07-01 03:00:00,18.93,0.0,56,1466
2025-07-01 04:00:00,26.91,0.0,48,1543
2025-07-01 05:00:00,27.25,0.67,64,1572
2025-07-01 06:00:00,25.09,1.01,48,1851
2025-07-01 07:00:00,22.25,0.23,45,2277
2025-07-01 08:00:00,25.96,0.0,79,2713
2025-07-01 09:00:00,21.3,1.64,0,2510
2025-07-01 10:00:00,22.61,0.0,17,2214
2025-07-01 11:00:00,23.44,0.5,30,1178
2025-07-01 12:00:00,28.22,0.0,8,1226
2025-07-01 13:00:00,24.6,0.0,38,1617
2025-07-01 14:00:00,24.35,0.0,36,1877
2025-07-01 15:00:00,31.56,0.0,75,2257
2025-07-01 16:00:00,26.75,0.0,48,2677
2025-07-01 17:00:00,26.71,0.0,45,2779
2025-07-01 18:00:00,24.58,0.0,41,2508
2025-07-01 19:00:00,23.9,0.0,24,2028
2025-07-01 20:00:00,19.13,0.38,73,1531
2025-07-01 21:00:00,28.6,0.0,81,1603
2025-07-01 22:00:00,27.04,0.0,20,1557
2025-07-01 23:00:00,25.16,0.16,91,1033
2025-07-02 00:00:00,25.22,0.0,33,1355
2025-07-02 01:00:00,27.84,0.0,31,1063
2025-07-02 02:00:00,20.97,0.0,62,784
2025-07-02 03:00:00,23.86,0.0,64,1117
2025-07-02 04:00:00,22.22,0.0,48,1562
2025-07-02 05:00:00,30.95,0.0,41,1983
2025-07-02 06:00:00,28.26,0.0,79,1811
2025-07-02 07:00:00,19.02,0.2,34,2121
2025-07-02 08:00:00,21.09,0.0,48,2627
2025-07-02 09:00:00,25.24,0.0,92,2274
2025-07-02 10:00:00,24.22,0.0,16,2291
2025-07-02 11:00:00,21.66,0.0,38,1741
2025-07-02 12:00:00,31.47,0.0,75,1582
2025-07-02 13:00:00,26.57,0.0,63,1483
2025-07-02 14:00:00,27.06,0.0,72,1931
2025-07-02 15:00:00,23.56,0.0,17,2533
2025-07-02 16:00:00,27.8,0.0,58,2518
2025-07-02 17:00:00,24.49,0.47,43,2519
2025-07-02 18:00:00,24.78,0.0,100,2307
2025-07-02 19:00:00,27.47,1.82,70,1759
2025-07-02 20:00:00,20.75,0.0,49,1666
2025-07-02 21:00:00,30.42,0.71,57,1457
2025-07-02 22:00:00,26.18,0.0,51,1193
2025-07-02 23:00:00,29.48,0.0,67,1117
2025-07-03 00:00:00,22.34,0.0,28,887
2025-07-03 01:00:00,22.8,0.0,83,1019
2025-07-03 02:00:00,22.08,0.0,16,1359
2025-07-03 03:00:00,26.32,0.66,54,1172
2025-07-03 04:00:00,25.77,0.0,29,1418
2025-07-03 05:00:00,24.17,0.32,50,1719
2025-07-03 06:00:00,22.53,0.0,74,2195
2025-07-03 07:00:00,21.77,0.0,6,2773
2025-07-03 08:00:00,25.42,0.0,45,2612
2025-07-03 09:00:00,24.17,0.0,13,2438
2025-07-03 10:00:00,23.51,0.0,42,1979
2025-07-03 11:00:00,30.21,1.65,13,1700
2025-07-03 12:00:00,25.32,0.0,53,1384
2025-07-03 13:00:00,29.38,0.0,39,1668
2025-07-03 14:00:00,23.97,0.23,68,1791
2025-07-03 15:00:00,26.3,0.0,80,2033
2025-07-03 16:00:00,25.4,0.74,49,2063
2025-07-03 17:00:00,20.48,0.0,72,2370
2025-07-03 18:00:00,29.85,1.15,84,2543
2025-07-03 19:00:00,25.16,0.0,26,2453
2025-07-03 20:00:00,27.81,0.16,85,1966
2025-07-03 21:00:00,23.31,0.0,48,1509
2025-07-03 22:00:00,25.07,0.0,25,1349
2025-07-03 23:00:00,22.97,0.0,57,1484
2025-07-04 00:00:00,29.21,0.0,47,1143
2025-07-04 01:00:00,26.43,0.0,14,1328
2025-07-04 02:00:00,26.6,0.0,21,1558
2025-07-04 03:00:00,29.57,0.0,90,1291
2025-07-04 04:00:00,28.97,0.0,56,1415
2025-07-04 05:00:00,27.79,0.28,86,1762
2025-07-04 06:00:00,21.23,0.0,38,2021
2025-07-04 07:00:00,23.41,0.62,29,2389
2025-07-04 08:00:00,22.49,0.0,7,2836
2025-07-04 09:00:00,27.68,1.7,73,1850
2025-07-04 10:00:00,26.01,0.38,59,2046
2025-07-04 11:00:00,21.33,0.24,39,1495
2025-07-04 12:00:00,24.93,0.0,29,1420
2025-07-04 13:00:00,21.02,0.0,77,1503
2025-07-04 14:00:00,25.34,0.0,44,1804
2025-07-04 15:00:00,20.53,0.0,45,2181
2025-07-04 16:00:00,27.08,0.0,34,2589
2025-07-04 17:00:00,26.63,5.1,39,2038
2025-07-04 18:00:00,31.22,0.49,62,2497
2025-07-04 19:00:00,28.04,0.0,13,2308
2025-07-04 20:00:00,24.23,0.0,51,1855
2025-07-04 21:00:00,27.95,1.78,73,1397
2025-07-04 22:00:00,21.31,0.0,47,1227
2025-07-04 23:00:00,22.61,2.26,75,1122
2025-07-05 00:00:00,26.42,0.44,82,814
2025-07-05 01:00:00,18.95,1.33,71,574
2025-07-05 02:00:00,25.31,0.0,35,1022
2025-07-05 03:00:00,22.36,0.56,47,844
2025-07-05 04:00:00,25.73,0.0,57,1216
2025-07-05 05:00:00,22.19,0.0,36,1329
2025-07-05 06:00:00,26.7,0.0,36,1545
2025-07-05 07:00:00,25.48,0.0,34,1902
2025-07-05 08:00:00,29.62,0.92,100,1731
2025-07-05 09:00:00,25.44,0.0,41,1593
2025-07-05 10:00:00,23.12,0.64,75,1448
2025-07-05 11:00:00,24.68,0.0,26,995
2025-07-05 12:00:00,21.39,0.0,91,417
2025-07-05 13:00:00,26.64,0.6,39,1249
2025-07-05 14:00:00,27.19,0.0,50,1464
2025-07-05 15:00:00,32.83,0.0,2,1853
2025-07-05 16:00:00,23.56,0.0,76,1889
2025-07-05 17:00:00,24.62,0.0,82,1767
2025-07-05 18:00:00,23.7,3.68,19,1317
2025-07-05 19:00:00,26.06,0.0,78,1660
2025-07-05 20:00:00,26.57,0.0,15,1362
2025-07-05 21:00:00,25.26,0.0,64,1119
2025-07-05 22:00:00,28.68,0.0,41,1154
2025-07-05 23:00:00,23.57,0.0,82,934
2025-07-06 00:00:00,28.3,1.27,54,764
2025-07-06 01:00:00,26.96,0.24,71,813
2025-07-06 02:00:00,25.31,0.0,79,722
2025-07-06 03:00:00,24.4,0.0,40,861
2025-07-06 04:00:00,32.62,0.0,47,1420
2025-07-06 05:00:00,22.89,0.0,20,1210
2025-07-06 06:00:00,26.24,0.78,40,1449
2025-07-06 07:00:00,23.09,1.52,96,1220
2025-07-06 08:00:00,30.7,0.0,67,2250
2025-07-06 09:00:00,28.0,4.64,22,1156
2025-07-06 10:00:00,23.31,0.0,88,1211
2025-07-06 11:00:00,26.88,0.54,57,1159
2025-07-06 12:00:00,26.12,0.15,68,882
2025-07-06 13:00:00,23.79,0.12,60,1175
2025-07-06 14:00:00,27.62,0.02,58,1177
2025-07-06 15:00:00,26.51,0.0,0,1869
2025-07-06 16:00:00,25.99,0.0,75,1864
2025-07-06 17:00:00,25.22,0.0,0,1926
2025-07-06 18:00:00,26.64,0.0,73,1515
2025-07-06 19:00:00,26.03,0.0,50,1489
2025-07-06 20:00:00,25.52,0.94,69,1234
2025-07-06 21:00:00,23.42,0.48,52,922
2025-07-06 22:00:00,30.42,0.89,74,826
2025-07-06 23:00:00,22.19,0.0,48,1081
2025-07-07 00:00:00,26.54,0.0,54,1262
2025-07-07 01:00:00,24.3,0.0,57,1220
2025-07-07 02:00:00,30.54,0.3,94,1273
2025-07-07 03:00:00,22.55,0.0,62,1200
2025-07-07 04:00:00,23.05,0.0,14,1442
2025-07-07 05:00:00,22.35,0.0,33,1721
2025-07-07 06:00:00,26.23,0.0,62,2151
2025-07-07 07:00:00,21.14,0.0,79,2371
2025-07-07 08:00:00,23.82,0.0,29,2804
2025-07-07 09:00:00,18.8,0.0,100,2227
2025-07-07 10:00:00,25.98,0.0,52,1867
2025-07-07 11:00:00,23.76,0.0,58,1782
2025-07-07 12:00:00,20.79,0.0,16,1379
2025-07-07 13:00:00,28.51,0.22,75,1469
2025-07-07 14:00:00,21.33,0.5,36,1895
2025-07-07 15:00:00,27.65,0.0,29,2340
2025-07-07 16:00:00,23.15,2.55,39,1980
2025-07-07 17:00:00,30.06,0.0,82,2681
2025-07-07 18:00:00,27.51,0.36,59,2711
2025-07-07 19:00:00,22.23,0.0,25,2259
2025-07-07 20:00:00,22.51,0.0,34,1841
2025-07-07 21:00:00,27.07,0.0,82,1333
2025-07-07 22:00:00,24.47,0.0,41,1704
2025-07-07 23:00:00,24.75,0.0,61,1202
2025-07-08 00:00:00,28.98,0.0,67,1055
2025-07-08 01:00:00,22.92,0.0,0,1312
2025-07-08 02:00:00,25.44,0.27,78,1299
2025-07-08 03:00:00,28.03,0.0,25,1552
2025-07-08 04:00:00,27.59,0.0,38,1377
2025-07-08 05:00:00,24.69,0.06,85,1567
2025-07-08 06:00:00,24.3,0.0,83,1968
2025-07-08 07:00:00,19.95,0.0,59,2459
2025-07-08 08:00:00,22.0,0.0,65,2583
2025-07-08 09:00:00,26.12,0.0,71,2429
2025-07-08 10:00:00,24.75,0.0,82,2103
2025-07-08 11:00:00,25.39,0.0,86,1407
2025-07-08 12:00:00,28.28,0.0,49,1517
2025-07-08 13:00:00,21.6,0.0,28,1624
2025-07-08 14:00:00,24.46,0.0,40,1886
2025-07-08 15:00:00,25.73,0.0,50,2182
2025-07-08 16:00:00,23.05,0.98,45,2353
2025-07-08 17:00:00,29.46,0.0,21,2619
2025-07-08 18:00:00,27.89,0.21,58,2856
2025-07-08 19:00:00,26.04,1.01,7,2374
2025-07-08 20:00:00,30.55,0.0,49,2121
2025-07-08 21:00:00,20.67,0.67,50,1380
2025-07-08 22:00:00,25.14,0.24,50,1248
2025-07-08 23:00:00,26.27,0.0,68,1254
2025-07-09 00:00:00,22.33,0.18,64,1151
2025-07-09 01:00:00,25.97,0.2,100,916
2025-07-09 02:00:00,21.75,0.0,33,1292
2025-07-09 03:00:00,27.14,0.0,53,1462
2025-07-09 04:00:00,28.24,5.3,52,504
2025-07-09 05:00:00,25.89,0.12,50,1536
2025-07-09 06:00:00,19.51,0.0,15,2204
2025-07-09 07:00:00,22.17,0.0,17,2493
2025-07-09 08:00:00,26.76,0.0,46,2488
2025-07-09 09:00:00,25.13,0.21,7,2582
2025-07-09 10:00:00,16.99,1.03,38,1741
2025-07-09 11:00:00,28.8,1.06,30,1600
2025-07-09 12:00:00,25.48,0.61,39,1205
2025-07-09 13:00:00,22.61,0.0,74,1518
2025-07-09 14:00:00,28.06,1.67,19,1932
2025-07-09 15:00:00,23.04,0.21,68,2048
2025-07-09 16:00:00,23.01,0.46,32,2513
2025-07-09 17:00:00,26.15,0.0,35,2615
2025-07-09 18:00:00,30.41,0.0,58,2688
2025-07-09 19:00:00,29.94,1.4,39,2068
2025-07-09 20:00:00,26.15,6.36,24,1407
2025-07-09 21:00:00,26.46,0.03,37,1740
2025-07-09 22:00:00,27.45,2.41,2,1286
2025-07-09 23:00:00,21.3,0.0,56,1273
2025-07-10 00:00:00,26.9,2.48,0,991
2025-07-10 01:00:00,22.77,0.0,68,1085
2025-07-10 02:00:00,25.93,0.39,61,1221
2025-07-10 03:00:00,24.29,0.43,86,983
2025-07-10 04:00:00,26.47,0.0,100,1246
2025-07-10 05:00:00,25.32,0.0,69,1499
2025-07-10 06:00:00,15.75,0.0,30,2025
2025-07-10 07:00:00,25.51,0.0,100,2406
2025-07-10 08:00:00,26.9,0.48,16,2792
2025-07-10 09:00:00,26.31,4.29,0,1975
2025-07-10 10:00:00,24.66,0.0,92,1842
2025-07-10 11:00:00,29.9,1.99,61,1271
2025-07-10 12:00:00,25.9,0.0,0,1559
2025-07-10 13:00:00,26.28,0.0,12,1892
2025-07-10 14:00:00,28.1,0.0,59,1899
2025-07-10 15:00:00,26.06,0.43,24,2226
2025-07-10 16:00:00,22.28,0.28,27,2441
2025-07-10 17:00:00,17.65,0.0,95,2411
2025-07-10 18:00:00,23.54,0.14,99,2473
2025-07-10 19:00:00,27.25,0.0,49,2509
2025-07-10 20:00:00,23.91,0.27,42,1920
2025-07-10 21:00:00,27.37,0.24,68,1650
2025-07-10 22:00:00,25.42,0.0,32,1417
2025-07-10 23:00:00,28.83,0.0,0,1443
2025-07-11 00:00:00,23.98,0.28,0,1259
2025-07-11 01:00:00,26.27,0.0,43,1209
2025-07-11 02:00:00,26.38,0.0,67,1244
2025-07-11 03:00:00,29.37,2.21,46,1181
2025-07-11 04:00:00,19.74,0.0,65,1307
2025-07-11 05:00:00,23.49,0.05,68,1560
2025-07-11 06:00:00,27.41,0.0,80,2038
2025-07-11 07:00:00,29.5,0.0,50,2350
2025-07-11 08:00:00,25.58,0.0,52,2692
2025-07-11 09:00:00,23.99,0.38,44,2309
2025-07-11 10:00:00,27.14,0.0,39,1937
2025-07-11 11:00:00,27.47,0.0,6,1853
2025-07-11 12:00:00,23.78,0.0,74,1412
2025-07-11 13:00:00,25.85,0.45,36,1468
2025-07-11 14:00:00,28.41,0.0,34,2052
2025-07-11 15:00:00,30.54,0.18,32,2392
2025-07-11 16:00:00,27.09,0.0,12,2856
2025-07-11 17:00:00,25.0,0.0,43,2556
2025-07-11 18:00:00,24.7,0.0,58,2443
2025-07-11 19:00:00,26.54,0.0,27,2188
2025-07-11 20:00:00,24.52,0.0,71,1902
2025-07-11 21:00:00,25.43,0.3,36,1599
2025-07-11 22:00:00,21.69,1.22,7,1436
2025-07-11 23:00:00,28.76,0.0,79,1237
2025-07-12 00:00:00,21.33,0.0,50,933
2025-07-12 01:00:00,23.46,0.0,66,834
2025-07-12 02:00:00,25.05,0.61,67,567
2025-07-12 03:00:00,30.73,0.0,21,1193
2025-07-12 04:00:00,23.48,0.0,32,815
2025-07-12 05:00:00,22.75,0.0,70,1122
2025-07-12 06:00:00,23.1,0.0,90,1348
2025-07-12 07:00:00,29.73,0.0,46,1809
2025-07-12 08:00:00,16.32,0.0,29,1758
2025-07-12 09:00:00,21.74,0.33,87,1575
2025-07-12 10:00:00,32.95,0.62,29,1616
2025-07-12 11:00:00,26.53,0.68,53,1140
2025-07-12 12:00:00,21.44,1.17,34,1250
2025-07-12 13:00:00,24.63,0.05,51,1114
2025-07-12 14:00:00,24.96,0.0,21,1254
2025-07-12 15:00:00,27.29,0.04,35,1449
2025-07-12 16:00:00,30.27,0.62,29,1907
2025-07-12 17:00:00,25.92,0.8,61,1511
2025-07-12 18:00:00,23.13,0.27,49,1541
2025-07-12 19:00:00,27.11,0.61,67,1324
2025-07-12 20:00:00,22.66,1.08,24,1319
2025-07-12 21:00:00,21.65,0.0,39,1334
2025-07-12 22:00:00,19.47,0.0,60,810
2025-07-12 23:00:00,20.06,0.0,66,925
2025-07-13 00:00:00,21.95,1.39,8,423
2025-07-13 01:00:00,21.1,0.0,52,756
2025-07-13 02:00:00,25.58,0.47,24,1021
2025-07-13 03:00:00,21.04,0.0,67,825
2025-07-13 04:00:00,15.21,0.0,91,956
2025-07-13 05:00:00,21.51,0.0,0,954
2025-07-13 06:00:00,23.22,0.0,28,1393
2025-07-13 07:00:00,22.82,0.0,51,1760
2025-07-13 08:00:00,29.2,0.08,44,1966
2025-07-13 09:00:00,22.8,0.0,68,1735
2025-07-13 10:00:00,27.28,0.0,46,1549
2025-07-13 11:00:00,24.58,0.0,31,1091
2025-07-13 12:00:00,24.51,0.0,19,992
2025-07-13 13:00:00,22.13,1.12,14,1395
2025-07-13 14:00:00,24.46,0.07,26,1224
2025-07-13 15:00:00,22.34,0.52,30,1327
2025-07-13 16:00:00,25.15,0.0,54,1858
2025-07-13 17:00:00,23.93,0.88,40,1589
2025-07-13 18:00:00,21.8,0.0,28,2016
2025-07-13 19:00:00,27.61,0.74,19,1984
2025-07-13 20:00:00,25.92,0.15,27,1377
2025-07-13 21:00:00,23.29,0.0,30,1234
2025-07-13 22:00:00,25.07,1.16,25,701
2025-07-13 23:00:00,24.39,0.8,61,990
2025-07-14 00:00:00,21.91,2.85,78,468
2025-07-14 01:00:00,24.73,0.0,14,1108
2025-07-14 02:00:00,22.65,0.0,72,1178
2025-07-14 03:00:00,21.68,4.02,61,807
2025-07-14 04:00:00,19.65,1.8,48,908
2025-07-14 05:00:00,23.44,0.0,82,1500
2025-07-14 06:00:00,26.22,0.5,39,1791
2025-07-14 07:00:00,22.43,0.0,54,2326
2025-07-14 08:00:00,32.08,0.0,47,2576
2025-07-14 09:00:00,27.17,0.0,45,2370
2025-07-14 10:00:00,28.43,0.0,55,2176
2025-07-14 11:00:00,26.9,0.0,45,1742
2025-07-14 12:00:00,30.08,0.0,55,1552
2025-07-14 13:00:00,22.16,6.27,27,833
2025-07-14 14:00:00,16.83,0.0,28,1905
2025-07-14 15:00:00,23.18,0.0,27,2220
2025-07-14 16:00:00,26.19,1.59,34,2261
2025-07-14 17:00:00,24.97,2.2,69,2352
2025-07-14 18:00:00,25.34,0.82,32,2355
2025-07-14 19:00:00,28.48,0.0,60,2192
2025-07-14 20:00:00,25.66,3.47,50,1625
2025-07-14 21:00:00,26.91,0.0,33,1800
2025-07-14 22:00:00,21.7,0.58,76,1195
2025-07-14 23:00:00,21.23,0.0,62,1342
2025-07-15 00:00:00,29.23,1.2,43,980
2025-07-15 01:00:00,24.69,0.0,41,1200
2025-07-15 02:00:00,22.52,0.0,45,1107
2025-07-15 03:00:00,22.53,0.0,5,1337
2025-07-15 04:00:00,22.44,1.3,22,1371
2025-07-15 05:00:00,22.26,0.1,55,1679
2025-07-15 06:00:00,20.54,1.77,4,1916
2025-07-15 07:00:00,19.89,0.74,24,2322
2025-07-15 08:00:00,23.81,0.0,33,2568
2025-07-15 09:00:00,22.61,0.0,100,2449
2025-07-15 10:00:00,27.71,0.97,60,1731
2025-07-15 11:00:00,25.27,1.4,71,1365
2025-07-15 12:00:00,25.19,0.0,23,1522
2025-07-15 13:00:00,22.16,4.54,52,1222
2025-07-15 14:00:00,24.03,0.0,0,1919
2025-07-15 15:00:00,25.47,0.0,35,2206
2025-07-15 16:00:00,26.54,0.06,56,2295
2025-07-15 17:00:00,24.11,0.0,8,2571
2025-07-15 18:00:00,27.63,1.12,53,2470
2025-07-15 19:00:00,24.41,0.0,55,2408
2025-07-15 20:00:00,26.77,0.0,28,1912
2025-07-15 21:00:00,22.92,0.0,22,1513
2025-07-15 22:00:00,18.95,0.55,25,1310
2025-07-15 23:00:00,25.2,0.25,34,1079
2025-07-16 00:00:00,26.44,0.13,35,1435
2025-07-16 01:00:00,25.99,0.79,55,965
2025-07-16 02:00:00,25.53,0.32,29,1295
2025-07-16 03:00:00,23.21,1.15,83,1096
2025-07-16 04:00:00,21.84,0.0,82,1383
2025-07-16 05:00:00,25.92,0.28,48,1683
2025-07-16 06:00:00,25.54,0.0,34,2084
2025-07-16 07:00:00,22.58,1.36,29,2318
2025-07-16 08:00:00,27.59,0.0,51,2730
2025-07-16 09:00:00,21.61,0.0,55,2607
2025-07-16 10:00:00,22.51,0.0,38,1877
2025-07-16 11:00:00,29.17,0.0,33,1503
2025-07-16 12:00:00,26.87,1.56,51,1029
2025-07-16 13:00:00,23.19,0.0,44,1331
2025-07-16 14:00:00,25.12,0.61,28,1686
2025-07-16 15:00:00,24.72,0.0,45,2025
2025-07-16 16:00:00,16.02,0.0,27,2323
2025-07-16 17:00:00,21.54,1.25,24,2545
2025-07-16 18:00:00,24.11,0.0,42,2561
2025-07-16 19:00:00,23.19,0.0,28,2135
2025-07-16 20:00:00,25.0,0.0,24,1859
2025-07-16 21:00:00,27.65,0.0,69,1884
2025-07-16 22:00:00,23.3,0.0,33,1500
2025-07-16 23:00:00,21.09,0.0,89,1189
2025-07-17 00:00:00,25.1,0.0,58,1228
2025-07-17 01:00:00,23.15,0.0,22,1216
2025-07-17 02:00:00,23.66,0.0,71,1458
2025-07-17 03:00:00,23.25,1.14,24,1147
2025-07-17 04:00:00,30.85,0.0,91,1434
2025-07-17 05:00:00,17.4,0.0,48,1323
2025-07-17 06:00:00,22.96,0.0,56,1913
2025-07-17 07:00:00,24.11,2.13,43,2084
2025-07-17 08:00:00,21.78,0.0,49,2597
2025-07-17 09:00:00,26.82,0.85,36,2260
2025-07-17 10:00:00,26.56,0.0,19,2136
2025-07-17 11:00:00,23.98,0.0,51,1562
2025-07-17 12:00:00,23.31,0.0,68,1193
2025-07-17 13:00:00,23.79,0.26,12,1466
2025-07-17 14:00:00,23.81,0.28,81,1745
2025-07-17 15:00:00,23.89,0.0,57,2189
2025-07-17 16:00:00,23.56,2.33,31,2180
2025-07-17 17:00:00,24.88,0.6,31,2423
2025-07-17 18:00:00,26.38,0.0,89,2395
2025-07-17 19:00:00,20.43,0.84,66,1959
2025-07-17 20:00:00,20.97,1.23,71,1488
2025-07-17 21:00:00,18.88,0.18,36,1526
2025-07-17 22:00:00,26.72,0.0,56,1675
2025-07-17 23:00:00,24.88,0.0,51,1276
2025-07-18 00:00:00,25.5,0.12,37,1040
2025-07-18 01:00:00,19.7,0.0,44,1365
2025-07-18 02:00:00,29.34,0.0,69,1442
2025-07-18 03:00:00,22.16,0.0,82,1379
2025-07-18 04:00:00,24.49,1.81,35,1206
2025-07-18 05:00:00,26.55,0.13,9,1643
2025-07-18 06:00:00,21.02,0.0,83,1794
2025-07-18 07:00:00,22.35,0.0,83,2470
2025-07-18 08:00:00,24.52,1.5,52,2609
2025-07-18 09:00:00,32.56,0.0,86,2328
2025-07-18 10:00:00,24.89,0.0,50,1690
2025-07-18 11:00:00,28.8,0.0,19,1780
2025-07-18 12:00:00,27.6,0.0,9,1403
2025-07-18 13:00:00,25.09,0.0,9,1586
2025-07-18 14:00:00,21.02,0.0,42,1806
2025-07-18 15:00:00,27.16,0.0,30,2335
2025-07-18 16:00:00,19.49,0.0,27,2325
2025-07-18 17:00:00,28.79,0.0,39,2673
2025-07-18 18:00:00,24.59,1.49,63,2242
2025-07-18 19:00:00,16.03,0.0,28,1792
2025-07-18 20:00:00,22.96,0.0,24,1980
2025-07-18 21:00:00,25.95,0.0,30,1592
2025-07-18 22:00:00,23.27,0.0,65,1176
2025-07-18 23:00:00,26.13,2.19,40,973
2025-07-19 00:00:00,21.29,0.0,48,898
2025-07-19 01:00:00,19.92,0.0,80,793
2025-07-19 02:00:00,23.63,0.0,100,901
2025-07-19 03:00:00,23.93,0.0,57,992
2025-07-19 04:00:00,22.8,0.18,55,817
2025-07-19 05:00:00,27.52,0.0,11,920
2025-07-19 06:00:00,21.29,0.27,50,1406
2025-07-19 07:00:00,24.78,0.0,43,1831
2025-07-19 08:00:00,24.04,0.0,63,1770
2025-07-19 09:00:00,19.17,0.0,31,1774
2025-07-19 10:00:00,19.88,0.91,46,1159
2025-07-19 11:00:00,23.88,3.23,56,754
2025-07-19 12:00:00,29.78,0.0,89,911
2025-07-19 13:00:00,25.58,0.0,80,1222
2025-07-19 14:00:00,18.66,0.0,73,1100
2025-07-19 15:00:00,14.51,0.08,59,1691
2025-07-19 16:00:00,26.04,0.0,30,1753
2025-07-19 17:00:00,23.55,0.0,59,1910
2025-07-19 18:00:00,27.26,0.0,22,1790
2025-07-19 19:00:00,21.2,0.02,36,1744
2025-07-19 20:00:00,24.89,0.0,86,1477
2025-07-19 21:00:00,26.38,0.0,55,1142
2025-07-19 22:00:00,22.5,0.0,47,1053
2025-07-19 23:00:00,22.56,0.0,50,1114
2025-07-20 00:00:00,23.77,0.02,38,966
2025-07-20 01:00:00,25.32,0.0,0,899
2025-07-20 02:00:00,23.65,0.0,9,1003
2025-07-20 03:00:00,26.61,0.0,56,869
2025-07-20 04:00:00,22.3,0.0,18,1091
2025-07-20 05:00:00,19.71,0.0,38,1054
2025-07-20 06:00:00,29.62,0.22,10,1653
2025-07-20 07:00:00,21.88,0.54,23,1424
2025-07-20 08:00:00,21.99,0.0,41,1656
2025-07-20 09:00:00,23.49,0.0,64,1570
2025-07-20 10:00:00,23.89,0.0,69,1401
2025-07-20 11:00:00,22.53,0.59,22,955
2025-07-20 12:00:00,23.64,0.0,48,905
2025-07-20 13:00:00,23.57,0.0,5,1354
2025-07-20 14:00:00,24.22,0.0,42,1498
2025-07-20 15:00:00,16.62,0.0,64,1078
2025-07-20 16:00:00,29.33,1.07,39,1645
2025-07-20 17:00:00,23.25,0.0,73,1944
2025-07-20 18:00:00,25.43,0.0,62,1806
2025-07-20 19:00:00,19.56,0.4,47,1521
2025-07-20 20:00:00,22.28,0.0,34,1437
2025-07-20 21:00:00,21.67,1.09,27,907
2025-07-20 22:00:00,28.1,0.23,4,1186
2025-07-20 23:00:00,21.93,0.0,8,1076
2025-07-21 00:00:00,25.81,0.0,65,1223
2025-07-21 01:00:00,21.59,0.0,78,1066
2025-07-21 02:00:00,22.18,0.0,13,1265
2025-07-21 03:00:00,22.8,0.0,42,1108
2025-07-21 04:00:00,27.39,0.0,1,1628
2025-07-21 05:00:00,17.87,0.0,16,1424
2025-07-21 06:00:00,19.59,0.0,47,1855
2025-07-21 07:00:00,17.69,0.0,27,2448
2025-07-21 08:00:00,20.27,0.0,0,2645
2025-07-21 09:00:00,21.1,2.59,83,1913
2025-07-21 10:00:00,18.69,0.0,39,1732
2025-07-21 11:00:00,21.33,0.92,13,1567
2025-07-21 12:00:00,17.49,0.0,43,1220
2025-07-21 13:00:00,20.48,0.0,38,1624
2025-07-21 14:00:00,27.14,1.27,51,1688
2025-07-21 15:00:00,24.75,0.0,32,1993
2025-07-21 16:00:00,24.1,0.48,48,2210
2025-07-21 17:00:00,20.53,0.0,64,2421
2025-07-21 18:00:00,18.93,0.0,7,2481
2025-07-21 19:00:00,20.12,7.94,23,1071
2025-07-21 20:00:00,23.41,0.0,61,1730
2025-07-21 21:00:00,26.14,0.0,26,1776
2025-07-21 22:00:00,26.24,0.0,38,1605
2025-07-21 23:00:00,25.43,0.29,28,1354
2025-07-22 00:00:00,21.17,1.12,29,1035
2025-07-22 01:00:00,23.45,1.09,27,1032
2025-07-22 02:00:00,22.41,0.0,8,1360
2025-07-22 03:00:00,22.77,0.44,51,1152
2025-07-22 04:00:00,29.49,0.0,66,1571
2025-07-22 05:00:00,18.09,3.74,35,1276
2025-07-22 06:00:00,22.67,0.0,63,2040
2025-07-22 07:00:00,27.01,0.0,27,2422
2025-07-22 08:00:00,18.98,0.0,26,2474
2025-07-22 09:00:00,21.45,0.0,50,2133
2025-07-22 10:00:00,21.79,0.36,50,1945
2025-07-22 11:00:00,22.71,0.01,37,1642
2025-07-22 12:00:00,18.59,0.03,57,1102
2025-07-22 13:00:00,25.16,0.0,7,2019
2025-07-22 14:00:00,25.38,0.0,32,2002
2025-07-22 15:00:00,24.9,0.04,64,2054
2025-07-22 16:00:00,20.77,0.0,64,2668
2025-07-22 17:00:00,23.64,0.45,61,2410
2025-07-22 18:00:00,20.68,0.0,65,2492
2025-07-22 19:00:00,22.38,0.95,30,2103
2025-07-22 20:00:00,29.84,0.0,0,1990
2025-07-22 21:00:00,23.66,0.0,33,1567
2025-07-22 22:00:00,19.82,0.0,56,1520
2025-07-22 23:00:00,23.92,0.0,60,1388
2025-07-23 00:00:00,19.16,0.0,26,1169
2025-07-23 01:00:00,19.62,0.0,15,930
2025-07-23 02:00:00,20.09,0.84,17,1173
2025-07-23 03:00:00,21.88,0.85,26,1010
2025-07-23 04:00:00,26.03,1.33,0,1439
2025-07-23 05:00:00,24.95,0.0,26,1611
2025-07-23 06:00:00,24.78,0.0,40,1975
2025-07-23 07:00:00,19.92,0.0,37,2277
2025-07-23 08:00:00,21.59,0.0,31,2705
2025-07-23 09:00:00,24.03,4.59,22,1660
2025-07-23 10:00:00,21.33,0.0,25,2142
2025-07-23 11:00:00,22.38,0.0,25,1721
2025-07-23 12:00:00,24.54,0.06,57,1370
2025-07-23 13:00:00,22.17,0.0,39,1517
2025-07-23 14:00:00,23.89,1.72,100,1627
2025-07-23 15:00:00,27.99,0.0,31,2227
2025-07-23 16:00:00,22.7,6.41,50,1604
2025-07-23 17:00:00,26.75,1.28,31,2494
2025-07-23 18:00:00,24.89,0.0,31,2749
2025-07-23 19:00:00,18.81,0.04,78,1839
2025-07-23 20:00:00,19.91,0.0,64,1848
2025-07-23 21:00:00,20.71,0.0,0,1616
2025-07-23 22:00:00,20.65,1.0,14,1265
2025-07-23 23:00:00,22.94,0.26,36,1054
2025-07-24 00:00:00,24.89,0.26,26,995
2025-07-24 01:00:00,26.81,0.0,1,1401
2025-07-24 02:00:00,23.97,0.17,42,1043
2025-07-24 03:00:00,21.71,0.02,0,1474
2025-07-24 04:00:00,16.8,0.58,42,1089
2025-07-24 05:00:00,23.26,0.0,57,1700
2025-07-24 06:00:00,23.12,0.1,60,1902
2025-07-24 07:00:00,23.6,1.19,35,2194
2025-07-24 08:00:00,29.37,0.0,76,2460
2025-07-24 09:00:00,26.77,0.12,47,2496
2025-07-24 10:00:00,25.4,0.39,60,2083
2025-07-24 11:00:00,20.16,0.0,20,1606
2025-07-24 12:00:00,21.51,0.0,77,1385
2025-07-24 13:00:00,22.76,0.0,39,1591
2025-07-24 14:00:00,20.72,0.0,78,1575
2025-07-24 15:00:00,24.55,1.19,73,2063
2025-07-24 16:00:00,24.12,0.0,45,2426
2025-07-24 17:00:00,19.78,0.0,49,2133
2025-07-24 18:00:00,26.64,0.0,34,2473
2025-07-24 19:00:00,23.35,1.14,18,1870
2025-07-24 20:00:00,17.86,0.0,54,1595
2025-07-24 21:00:00,22.89,0.0,52,1529
2025-07-24 22:00:00,23.89,0.0,0,1481
2025-07-24 23:00:00,25.97,0.0,37,1225
2025-07-25 00:00:00,21.86,0.0,60,1232
2025-07-25 01:00:00,25.36,0.0,75,1168
2025-07-25 02:00:00,23.44,0.0,56,1145
2025-07-25 03:00:00,18.93,0.0,0,1299
2025-07-25 04:00:00,18.63,0.0,12,1557
2025-07-25 05:00:00,26.24,0.0,30,1422
2025-07-25 06:00:00,26.46,0.0,73,2201
2025-07-25 07:00:00,23.84,0.0,23,2367
2025-07-25 08:00:00,27.36,0.0,65,2472
2025-07-25 09:00:00,26.04,0.0,23,2431
2025-07-25 10:00:00,24.93,0.03,52,1912
2025-07-25 11:00:00,20.14,0.0,15,1515
2025-07-25 12:00:00,28.07,0.0,33,1606
2025-07-25 13:00:00,24.48,0.0,10,1695
2025-07-25 14:00:00,21.72,0.0,74,1516
2025-07-25 15:00:00,20.87,0.14,21,2280
2025-07-25 16:00:00,23.64,0.0,0,2625
2025-07-25 17:00:00,17.86,0.0,0,2360
2025-07-25 18:00:00,24.97,5.24,36,1896
2025-07-25 19:00:00,20.01,0.04,27,2259
2025-07-25 20:00:00,23.99,0.0,54,1633
2025-07-25 21:00:00,21.31,0.0,32,1620
2025-07-25 22:00:00,22.08,0.0,67,1235
2025-07-25 23:00:00,20.6,0.0,29,1354
2025-07-26 00:00:00,22.21,0.0,63,722
2025-07-26 01:00:00,28.37,0.0,14,1192
2025-07-26 02:00:00,26.85,0.42,0,974
2025-07-26 03:00:00,23.76,0.0,17,922
2025-07-26 04:00:00,22.62,0.0,10,989
2025-07-26 05:00:00,25.23,0.0,7,1431
2025-07-26 06:00:00,26.09,4.29,48,882
2025-07-26 07:00:00,20.21,2.3,31,1570
2025-07-26 08:00:00,22.47,0.0,41,1848
2025-07-26 09:00:00,17.23,0.17,51,1398
2025-07-26 10:00:00,26.07,0.0,0,1597
2025-07-26 11:00:00,28.89,0.0,52,1280
2025-07-26 12:00:00,22.94,0.0,8,901
2025-07-26 13:00:00,16.32,0.0,23,1101
2025-07-26 14:00:00,24.52,0.0,0,1537
2025-07-26 15:00:00,19.99,0.0,54,1662
2025-07-26 16:00:00,20.71,0.0,0,1956
2025-07-26 17:00:00,24.58,0.16,8,2232
2025-07-26 18:00:00,23.46,0.0,10,1826
2025-07-26 19:00:00,21.23,0.0,35,1640
2025-07-26 20:00:00,20.75,0.16,34,1233
2025-07-26 21:00:00,23.08,0.0,58,1395
2025-07-26 22:00:00,21.47,0.0,35,897
2025-07-26 23:00:00,19.37,0.0,62,1122
2025-07-27 00:00:00,21.52,0.0,47,1115
2025-07-27 01:00:00,23.54,0.83,14,764
2025-07-27 02:00:00,21.98,0.37,21,1045
2025-07-27 03:00:00,18.28,2.09,75,624
2025-07-27 04:00:00,25.48,0.0,68,959
2025-07-27 05:00:00,14.3,1.06,58,897
2025-07-27 06:00:00,21.18,0.92,61,1325
2025-07-27 07:00:00,20.66,0.49,49,1660
2025-07-27 08:00:00,22.96,1.27,46,1874
2025-07-27 09:00:00,24.2,0.0,38,1822
2025-07-27 10:00:00,25.9,0.47,80,1268
2025-07-27 11:00:00,20.38,0.5,26,1242
2025-07-27 12:00:00,24.28,0.0,43,803
2025-07-27 13:00:00,23.1,0.0,0,1194
2025-07-27 14:00:00,17.38,3.27,1,918
2025-07-27 15:00:00,28.22,0.0,83,1663
2025-07-27 16:00:00,18.2,1.89,53,1683
2025-07-27 17:00:00,23.78,0.74,32,1799
2025-07-27 18:00:00,23.69,0.41,39,1671
2025-07-27 19:00:00,23.34,0.43,3,1506
2025-07-27 20:00:00,21.03,1.68,27,1270
2025-07-27 21:00:00,25.0,0.93,1,1136
2025-07-27 22:00:00,17.84,0.0,30,908
2025-07-27 23:00:00,22.32,0.0,54,1057
2025-07-28 00:00:00,20.64,0.16,48,1308
2025-07-28 01:00:00,20.3,0.0,77,970
2025-07-28 02:00:00,23.62,0.24,44,992
2025-07-28 03:00:00,25.56,0.0,0,1379
2025-07-28 04:00:00,21.3,0.32,86,1084
2025-07-28 05:00:00,24.67,0.0,16,1548
2025-07-28 06:00:00,22.48,1.23,41,1731
2025-07-28 07:00:00,19.65,0.63,39,2428
2025-07-28 08:00:00,21.56,0.0,43,2629
2025-07-28 09:00:00,21.43,0.02,38,2729
2025-07-28 10:00:00,20.24,0.18,38,1884
2025-07-28 11:00:00,23.62,1.96,4,1685
2025-07-28 12:00:00,23.04,0.0,100,1347
2025-07-28 13:00:00,17.56,0.89,53,1298
2025-07-28 14:00:00,17.38,0.0,38,1771
2025-07-28 15:00:00,23.61,0.0,83,2040
2025-07-28 16:00:00,19.89,1.4,10,2343
2025-07-28 17:00:00,23.24,0.59,58,2599
2025-07-28 18:00:00,24.67,0.0,23,2469
2025-07-28 19:00:00,18.52,0.0,47,2233
2025-07-28 20:00:00,18.1,0.04,47,1957
2025-07-28 21:00:00,27.35,0.0,0,1945
2025-07-28 22:00:00,23.39,0.0,1,1317
2025-07-28 23:00:00,21.07,0.77,76,1090
2025-07-29 00:00:00,19.34,0.0,30,1280
2025-07-29 01:00:00,20.61,0.33,86,898
2025-07-29 02:00:00,18.57,0.0,69,922
2025-07-29 03:00:00,24.79,0.0,31,1316
2025-07-29 04:00:00,19.81,0.0,29,1315
2025-07-29 05:00:00,25.42,0.0,78,1590
2025-07-29 06:00:00,20.94,0.0,89,1839
2025-07-29 07:00:00,19.01,0.44,29,2618
2025-07-29 08:00:00,20.86,0.0,75,2399
2025-07-29 09:00:00,14.27,0.64,62,2237
2025-07-29 10:00:00,21.78,0.0,66,2035
2025-07-29 11:00:00,21.63,0.19,39,1375
2025-07-29 12:00:00,24.62,0.57,20,1600
2025-07-29 13:00:00,16.48,0.0,10,1640
2025-07-29 14:00:00,25.63,0.26,4,1974
2025-07-29 15:00:00,24.6,0.0,84,2279
2025-07-29 16:00:00,25.9,0.0,37,2505
2025-07-29 17:00:00,21.98,0.0,8,2738
2025-07-29 18:00:00,25.18,0.98,61,2071
2025-07-29 19:00:00,17.73,0.0,24,2262
2025-07-29 20:00:00,24.28,0.0,20,1957
2025-07-29 21:00:00,19.83,0.0,88,1475
2025-07-29 22:00:00,17.19,0.7,3,1183
2025-07-29 23:00:00,18.77,0.0,42,1192
2025-07-30 00:00:00,21.96,0.0,21,1203
2025-07-30 01:00:00,19.48,0.0,17,1051
2025-07-30 02:00:00,23.08,2.17,0,1100
2025-07-30 03:00:00,16.52,0.25,37,1373
2025-07-30 04:00:00,15.57,2.94,14,786
2025-07-30 05:00:00,26.07,0.0,51,1747
2025-07-30 06:00:00,24.66,0.0,35,2010
2025-07-30 07:00:00,18.8,0.0,28,2292
2025-07-30 08:00:00,21.94,0.0,14,2611
2025-07-30 09:00:00,25.01,0.0,72,2386
2025-07-30 10:00:00,23.21,0.0,54,2034
2025-07-30 11:00:00,22.39,0.0,19,1528
2025-07-30 12:00:00,25.23,1.27,2,1508
2025-07-30 13:00:00,19.76,0.0,0,1633
2025-07-30 14:00:00,22.04,0.85,64,1791
2025-07-30 15:00:00,21.89,0.0,59,2312
2025-07-30 16:00:00,21.13,0.77,62,2028
2025-07-30 17:00:00,20.78,0.0,33,2634
2025-07-30 18:00:00,22.17,0.0,56,2394
2025-07-30 19:00:00,22.05,0.0,62,2281
2025-07-30 20:00:00,18.8,0.0,34,1709
2025-07-30 21:00:00,24.35,0.67,27,1688
2025-07-30 22:00:00,19.02,0.0,11,1247
2025-07-30 23:00:00,21.29,1.56,47,1121
2025-07-31 00:00:00,20.86,0.0,49,1204
2025-07-31 01:00:00,22.82,0.0,25,1223
2025-07-31 02:00:00,15.39,0.0,28,995
2025-07-31 03:00:00,24.42,0.0,30,1264
2025-07-31 04:00:00,19.72,0.0,55,1447
2025-07-31 05:00:00,25.41,0.0,1,1976
2025-07-31 06:00:00,20.32,0.9,8,2223
2025-07-31 07:00:00,21.6,0.0,8,2523
2025-07-31 08:00:00,27.49,0.0,32,2684
2025-07-31 09:00:00,20.92,0.0,43,2431
2025-07-31 10:00:00,25.47,0.0,9,2403
2025-07-31 11:00:00,21.87,0.0,58,1673
2025-07-31 12:00:00,23.0,0.6,72,1274
2025-07-31 13:00:00,21.96,0.0,46,1525
2025-07-31 14:00:00,24.29,0.35,63,1780
2025-07-31 15:00:00,19.69,1.12,13,2120
2025-07-31 16:00:00,18.8,2.36,13,2064
2025-07-31 17:00:00,19.83,0.0,48,2413
2025-07-31 18:00:00,22.05,0.0,34,2449
2025-07-31 19:00:00,21.09,0.0,13,2157
2025-07-31 20:00:00,23.88,2.55,71,1601
2025-07-31 21:00:00,25.66,0.0,43,1719
2025-07-31 22:00:00,18.82,1.94,53,1113
2025-07-31 23:00:00,19.55,0.25,19,1320
2025-08-01 00:00:00,17.24,0.0,77,1024
2025-08-01 01:00:00,27.64,2.51,31,426
2025-08-01 02:00:00,22.46,0.21,60,984
2025-08-01 03:00:00,22.99,1.79,20,1148
2025-08-01 04:00:00,17.53,2.26,39,872
2025-08-01 05:00:00,21.54,0.0,49,1664
2025-08-01 06:00:00,23.08,0.0,85,1984
2025-08-01 07:00:00,20.79,0.05,24,2255
2025-08-01 08:00:00,24.78,1.15,40,2256
2025-08-01 09:00:00,28.48,0.0,50,2363
2025-08-01 10:00:00,18.71,1.39,0,1788
2025-08-01 11:00:00,18.48,1.54,0,1499
2025-08-01 12:00:00,18.91,0.0,10,1012
2025-08-01 13:00:00,26.37,0.5,59,1374
2025-08-01 14:00:00,24.68,0.0,78,1599
2025-08-01 15:00:00,21.14,0.63,12,1699
2025-08-01 16:00:00,21.66,0.0,5,2333
2025-08-01 17:00:00,19.1,0.0,73,2115
2025-08-01 18:00:00,24.22,0.0,21,2354
2025-08-01 19:00:00,20.41,0.0,26,2020
2025-08-01 20:00:00,20.77,0.0,71,1759
2025-08-01 21:00:00,23.37,0.2,67,1416
2025-08-01 22:00:00,20.98,0.5,58,977
2025-08-01 23:00:00,20.84,1.21,0,1190
2025-08-02 00:00:00,21.37,0.0,3,1267
2025-08-02 01:00:00,23.73,0.0,63,997
2025-08-02 02:00:00,26.28,0.24,42,999
2025-08-02 03:00:00,23.1,0.0,15,941
2025-08-02 04:00:00,23.75,0.0,26,967
2025-08-02 05:00:00,20.74,3.57,62,577
2025-08-02 06:00:00,19.22,1.88,73,1094
2025-08-02 07:00:00,23.3,0.41,34,1456
2025-08-02 08:00:00,21.86,0.0,17,1810
2025-08-02 09:00:00,17.07,0.0,28,1491
2025-08-02 10:00:00,20.36,0.74,68,984
2025-08-02 11:00:00,21.09,0.0,68,983
2025-08-02 12:00:00,19.81,0.0,39,1125
2025-08-02 13:00:00,25.79,0.0,21,1220
2025-08-02 14:00:00,22.78,0.0,62,759
2025-08-02 15:00:00,25.46,1.63,75,1188
2025-08-02 16:00:00,22.13,0.0,0,1877
2025-08-02 17:00:00,21.59,0.0,29,1710
2025-08-02 18:00:00,18.53,0.58,63,1574
2025-08-02 19:00:00,21.38,0.0,36,1440
2025-08-02 20:00:00,21.38,1.02,22,1218
2025-08-02 21:00:00,17.24,0.0,39,1041
2025-08-02 22:00:00,19.72,1.23,44,702
2025-08-02 23:00:00,20.37,0.0,6,1036
2025-08-03 00:00:00,22.37,3.37,36,687
2025-08-03 01:00:00,22.52,0.0,43,921
2025-08-03 02:00:00,19.39,0.0,22,885
2025-08-03 03:00:00,22.54,0.0,15,843
2025-08-03 04:00:00,20.59,0.0,21,1131
2025-08-03 05:00:00,12.52,0.0,10,994
2025-08-03 06:00:00,19.68,0.0,55,1406
2025-08-03 07:00:00,24.37,0.0,9,1837
2025-08-03 08:00:00,16.09,0.0,39,1788
2025-08-03 09:00:00,21.47,0.0,25,1797
2025-08-03 10:00:00,25.89,0.0,16,1634
2025-08-03 11:00:00,18.85,0.0,68,867
2025-08-03 12:00:00,21.14,0.01,31,865
2025-08-03 13:00:00,17.22,0.39,17,840
2025-08-03 14:00:00,26.01,0.0,15,1197
2025-08-03 15:00:00,20.88,0.92,43,1578
2025-08-03 16:00:00,21.27,0.0,55,1490
2025-08-03 17:00:00,25.19,0.0,66,1574
2025-08-03 18:00:00,23.12,2.5,30,1398
2025-08-03 19:00:00,18.51,0.0,28,1363
2025-08-03 20:00:00,19.19,0.64,37,1491
2025-08-03 21:00:00,22.62,0.0,38,1081
2025-08-03 22:00:00,19.26,0.16,15,1035
2025-08-03 23:00:00,14.78,0.0,71,634
2025-08-04 00:00:00,20.76,0.0,34,913
2025-08-04 01:00:00,16.48,0.0,47,956
2025-08-04 02:00:00,25.77,0.0,44,1114
2025-08-04 03:00:00,21.45,0.0,44,1092
2025-08-04 04:00:00,18.2,0.0,9,1108
2025-08-04 05:00:00,18.82,0.0,33,1553
2025-08-04 06:00:00,15.25,0.0,91,1681
2025-08-04 07:00:00,17.62,0.0,73,1936
2025-08-04 08:00:00,23.97,0.0,38,2484
2025-08-04 09:00:00,27.61,1.69,24,2303
2025-08-04 10:00:00,23.1,0.0,0,2195
2025-08-04 11:00:00,20.64,2.62,21,933
2025-08-04 12:00:00,19.62,1.34,32,1044
2025-08-04 13:00:00,18.05,0.0,26,1286
2025-08-04 14:00:00,27.1,0.0,27,1787
2025-08-04 15:00:00,20.35,2.38,49,1950
2025-08-04 16:00:00,27.27,0.0,9,2376
2025-08-04 17:00:00,25.1,0.0,40,2414
2025-08-04 18:00:00,15.7,0.16,31,2125
2025-08-04 19:00:00,18.92,0.0,12,2322
2025-08-04 20:00:00,18.91,3.9,75,870
2025-08-04 21:00:00,20.68,0.0,52,1387
2025-08-04 22:00:00,20.74,1.82,14,1020
2025-08-04 23:00:00,29.91,0.2,47,1065
2025-08-05 00:00:00,17.47,0.0,0,1319
2025-08-05 01:00:00,21.39,0.0,17,940
2025-08-05 02:00:00,22.55,0.0,66,1058
2025-08-05 03:00:00,20.7,0.0,42,1174
2025-08-05 04:00:00,21.03,0.48,40,1149
2025-08-05 05:00:00,17.57,0.0,58,1224
2025-08-05 06:00:00,21.02,0.0,48,1875
2025-08-05 07:00:00,22.23,0.01,27,2206
2025-08-05 08:00:00,21.68,0.0,57,2510
2025-08-05 09:00:00,22.41,0.0,0,2443
2025-08-05 10:00:00,24.94,0.14,17,2277
2025-08-05 11:00:00,23.51,0.0,31,1625
2025-08-05 12:00:00,20.91,0.0,47,1378
2025-08-05 13:00:00,17.19,1.07,25,1288
2025-08-05 14:00:00,18.9,0.0,0,2050
2025-08-05 15:00:00,20.04,0.0,0,2136
2025-08-05 16:00:00,21.46,0.0,32,2331
2025-08-05 17:00:00,19.27,1.91,21,2278
2025-08-05 18:00:00,17.89,0.0,10,2244
2025-08-05 19:00:00,17.14,0.0,6,2008
2025-08-05 20:00:00,15.75,0.0,37,1765
2025-08-05 21:00:00,20.0,0.0,66,1530
2025-08-05 22:00:00,16.29,0.0,37,1331
2025-08-05 23:00:00,17.7,0.0,66,1097
2025-08-06 00:00:00,19.3,0.1,23,1171
2025-08-06 01:00:00,16.47,0.0,44,1199
2025-08-06 02:00:00,21.62,2.34,67,673
2025-08-06 03:00:00,22.7,2.21,29,977
2025-08-06 04:00:00,18.83,0.0,33,884
2025-08-06 05:00:00,19.17,0.07,23,1655
2025-08-06 06:00:00,22.09,0.08,48,1798
2025-08-06 07:00:00,18.34,2.54,55,1788
2025-08-06 08:00:00,18.13,1.3,42,2201
2025-08-06 09:00:00,24.07,0.0,27,2428
2025-08-06 10:00:00,23.13,0.57,0,2293
2025-08-06 11:00:00,22.28,0.0,32,1373
2025-08-06 12:00:00,23.26,0.0,28,1250
2025-08-06 13:00:00,14.55,0.0,39,1432
2025-08-06 14:00:00,24.54,0.0,36,1722
2025-08-06 15:00:00,21.66,5.02,72,1529
2025-08-06 16:00:00,23.51,0.7,15,2301
2025-08-06 17:00:00,21.64,0.93,0,2522
2025-08-06 18:00:00,20.63,0.0,4,2353
2025-08-06 19:00:00,19.65,0.0,17,2171
2025-08-06 20:00:00,21.58,0.0,60,1597
2025-08-06 21:00:00,19.54,0.0,0,1823
2025-08-06 22:00:00,23.08,0.48,4,1119
2025-08-06 23:00:00,15.72,0.0,43,1025
2025-08-07 00:00:00,18.63,0.0,54,876
2025-08-07 01:00:00,26.39,0.0,0,1413
2025-08-07 02:00:00,18.38,0.0,0,1268
2025-08-07 03:00:00,19.54,1.64,13,859
2025-08-07 04:00:00,17.61,1.79,49,1167
2025-08-07 05:00:00,21.26,4.81,36,891
2025-08-07 06:00:00,18.05,0.0,14,1978
2025-08-07 07:00:00,19.7,0.74,51,2227
2025-08-07 08:00:00,22.8,0.0,35,2422
2025-08-07 09:00:00,18.16,1.8,30,2159
2025-08-07 10:00:00,22.62,1.54,0,1815
2025-08-07 11:00:00,22.72,0.59,13,1610
2025-08-07 12:00:00,23.42,0.62,81,1152
2025-08-07 13:00:00,20.68,0.0,24,1260
2025-08-07 14:00:00,29.98,0.0,8,1942
2025-08-07 15:00:00,23.42,0.0,23,2017
2025-08-07 16:00:00,21.23,0.15,35,2512
2025-08-07 17:00:00,17.63,1.54,54,1965
2025-08-07 18:00:00,19.96,0.0,48,2462
2025-08-07 19:00:00,24.53,0.27,15,2114
2025-08-07 20:00:00,25.38,0.0,64,1836
2025-08-07 21:00:00,24.69,0.0,53,1331
2025-08-07 22:00:00,22.61,0.0,21,1330
2025-08-07 23:00:00,16.49,0.0,29,1070
2025-08-08 00:00:00,21.49,0.0,47,1426
2025-08-08 01:00:00,16.3,0.14,59,919
2025-08-08 02:00:00,15.56,0.0,0,1312
2025-08-08 03:00:00,20.74,0.0,34,1366
2025-08-08 04:00:00,21.59,0.13,31,1481
2025-08-08 05:00:00,22.74,0.0,18,1541
2025-08-08 06:00:00,21.52,0.26,18,2190
2025-08-08 07:00:00,21.62,0.0,58,2524
2025-08-08 08:00:00,17.07,0.62,45,2328
2025-08-08 09:00:00,19.71,0.0,85,2096
2025-08-08 10:00:00,15.5,0.0,18,1757
2025-08-08 11:00:00,14.02,0.0,35,1524
2025-08-08 12:00:00,22.25,0.0,40,1339
2025-08-08 13:00:00,17.77,0.68,54,1360
2025-08-08 14:00:00,22.64,1.58,66,1356
2025-08-08 15:00:00,23.35,0.0,34,2120
2025-08-08 16:00:00,18.17,0.0,5,2510
2025-08-08 17:00:00,21.8,0.1,14,2585
2025-08-08 18:00:00,18.04,0.0,36,2228
2025-08-08 19:00:00,14.49,0.0,60,1916
2025-08-08 20:00:00,20.4,0.16,0,1608
2025-08-08 21:00:00,18.61,0.12,3,1425
2025-08-08 22:00:00,18.7,0.0,51,1207
2025-08-08 23:00:00,25.95,0.0,0,1452
2025-08-09 00:00:00,15.22,0.0,3,737
2025-08-09 01:00:00,20.94,0.0,60,665
2025-08-09 02:00:00,16.81,0.0,26,930
2025-08-09 03:00:00,22.52,0.0,24,882
2025-08-09 04:00:00,20.69,0.0,66,793
2025-08-09 05:00:00,20.93,0.0,5,1315
2025-08-09 06:00:00,16.96,0.0,0,1461
2025-08-09 07:00:00,17.5,2.18,72,1210
2025-08-09 08:00:00,22.57,0.0,37,1700
2025-08-09 09:00:00,25.11,0.0,49,1716
2025-08-09 10:00:00,21.23,0.0,24,1489
2025-08-09 11:00:00,17.1,0.0,29,1125
2025-08-09 12:00:00,20.81,0.0,14,1033
2025-08-09 13:00:00,27.08,0.13,39,1083
2025-08-09 14:00:00,20.1,1.15,52,1020
2025-08-09 15:00:00,24.18,0.0,36,1513
2025-08-09 16:00:00,17.57,0.0,58,1432
2025-08-09 17:00:00,19.67,0.0,48,1534
2025-08-09 18:00:00,21.65,0.42,5,1670
2025-08-09 19:00:00,20.98,0.0,28,1644
2025-08-09 20:00:00,17.49,1.25,20,820
2025-08-09 21:00:00,17.36,0.17,50,940
2025-08-09 22:00:00,22.76,0.31,43,988
2025-08-09 23:00:00,23.37,0.67,35,1014
2025-08-10 00:00:00,24.09,0.0,56,1114
2025-08-10 01:00:00,24.97,0.0,0,954
2025-08-10 02:00:00,19.96,0.0,16,1167
2025-08-10 03:00:00,18.62,0.0,18,959
2025-08-10 04:00:00,23.61,0.0,37,1125
2025-08-10 05:00:00,21.7,1.79,45,769
2025-08-10 06:00:00,16.61,0.0,31,1393
2025-08-10 07:00:00,16.46,0.0,0,1756
2025-08-10 08:00:00,21.03,1.48,41,1445
2025-08-10 09:00:00,19.03,0.06,34,1228
2025-08-10 10:00:00,19.48,0.0,0,1456
2025-08-10 11:00:00,22.77,0.0,24,1161
2025-08-10 12:00:00,21.83,0.54,40,1102
2025-08-10 13:00:00,23.55,0.0,72,989
2025-08-10 14:00:00,13.76,0.47,4,1081
2025-08-10 15:00:00,20.32,0.0,51,1286
2025-08-10 16:00:00,21.64,1.95,4,1413
2025-08-10 17:00:00,14.98,0.0,0,2084
2025-08-10 18:00:00,17.59,1.7,1,1254
2025-08-10 19:00:00,17.04,0.0,46,1223
2025-08-10 20:00:00,19.62,1.41,34,1087
2025-08-10 21:00:00,24.44,0.0,23,1453
2025-08-10 22:00:00,25.62,0.0,43,1135
2025-08-10 23:00:00,17.11,0.0,32,1072
2025-08-11 00:00:00,20.9,0.0,34,1095
2025-08-11 01:00:00,20.99,0.0,23,979
2025-08-11 02:00:00,20.48,0.0,5,1151
2025-08-11 03:00:00,20.51,0.0,73,1103
2025-08-11 04:00:00,20.23,0.67,66,1169
2025-08-11 05:00:00,24.38,0.0,70,1514
2025-08-11 06:00:00,22.63,0.03,17,2064
2025-08-11 07:00:00,16.14,0.0,14,2149
2025-08-11 08:00:00,21.7,0.0,20,2340
2025-08-11 09:00:00,21.99,1.43,58,1908
2025-08-11 10:00:00,20.26,0.79,31,1857
2025-08-11 11:00:00,22.71,0.09,17,1629
2025-08-11 12:00:00,19.88,0.6,40,1376
2025-08-11 13:00:00,19.92,0.36,12,1707
2025-08-11 14:00:00,19.68,0.65,0,1575
2025-08-11 15:00:00,13.26,0.0,34,1968
2025-08-11 16:00:00,19.08,2.53,18,2004
2025-08-11 17:00:00,17.31,0.46,30,2114
2025-08-11 18:00:00,15.76,2.11,0,1996
2025-08-11 19:00:00,23.62,0.0,8,2391
2025-08-11 20:00:00,20.83,0.0,30,1691
2025-08-11 21:00:00,19.23,1.11,0,1303
2025-08-11 22:00:00,17.62,0.0,0,1333
2025-08-11 23:00:00,20.21,0.23,32,1315
2025-08-12 00:00:00,22.05,0.0,48,1095
2025-08-12 01:00:00,16.59,0.0,8,1156
2025-08-12 02:00:00,19.06,0.41,24,786
2025-08-12 03:00:00,21.68,0.79,24,1221
2025-08-12 04:00:00,13.27,0.59,0,1235
2025-08-12 05:00:00,18.9,0.0,60,1606
2025-08-12 06:00:00,17.79,0.44,26,1581
2025-08-12 07:00:00,18.67,0.0,26,2220
2025-08-12 08:00:00,17.57,0.0,40,2504
2025-08-12 09:00:00,19.49,0.0,0,2249
2025-08-12 10:00:00,24.85,0.0,53,1954
2025-08-12 11:00:00,18.1,0.0,57,1420
2025-08-12 12:00:00,19.95,0.0,34,1254
2025-08-12 13:00:00,25.06,0.0,42,1715
2025-08-12 14:00:00,17.43,0.0,22,1544
2025-08-12 15:00:00,24.52,0.0,52,2091
2025-08-12 16:00:00,19.09,0.0,10,2388
2025-08-12 17:00:00,24.42,0.0,30,2624
2025-08-12 18:00:00,21.33,0.0,31,2327
2025-08-12 19:00:00,20.0,0.32,29,2172
2025-08-12 20:00:00,18.88,0.0,57,1688
2025-08-12 21:00:00,17.2,0.01,85,1363
2025-08-12 22:00:00,19.3,0.0,28,1322
2025-08-12 23:00:00,21.77,0.85,42,1207
2025-08-13 00:00:00,18.79,0.0,10,1241
2025-08-13 01:00:00,17.88,0.0,56,906
2025-08-13 02:00:00,18.08,0.0,17,1184
2025-08-13 03:00:00,21.81,0.32,100,1123
2025-08-13 04:00:00,22.5,1.31,0,1461
2025-08-13 05:00:00,16.83,0.0,84,1263
2025-08-13 06:00:00,16.82,0.0,55,1899
2025-08-13 07:00:00,19.97,0.0,2,2281
2025-08-13 08:00:00,23.41,4.22,88,1881
2025-08-13 09:00:00,22.27,0.34,7,2163
2025-08-13 10:00:00,15.07,0.0,22,1860
2025-08-13 11:00:00,18.04,0.0,0,1634
2025-08-13 12:00:00,16.04,0.07,26,1120
2025-08-13 13:00:00,18.03,0.0,29,1675
2025-08-13 14:00:00,23.64,0.0,51,1564
2025-08-13 15:00:00,14.56,0.0,91,1946
2025-08-13 16:00:00,13.97,0.0,17,1922
2025-08-13 17:00:00,16.34,0.0,0,2394
2025-08-13 18:00:00,19.69,0.0,46,2357
2025-08-13 19:00:00,20.69,0.54,16,2147
2025-08-13 20:00:00,20.14,0.0,75,1663
2025-08-13 21:00:00,22.36,0.0,29,1502
2025-08-13 22:00:00,13.54,1.04,11,1212
2025-08-13 23:00:00,22.39,0.0,5,1434
2025-08-14 00:00:00,17.64,0.0,45,1270
2025-08-14 01:00:00,20.77,0.0,23,991
2025-08-14 02:00:00,14.61,0.0,66,975
2025-08-14 03:00:00,18.6,0.0,24,882
2025-08-14 04:00:00,19.29,2.05,65,798
2025-08-14 05:00:00,22.05,2.67,0,1231
2025-08-14 06:00:00,13.82,0.0,0,2009
2025-08-14 07:00:00,18.67,0.0,50,2146
2025-08-14 08:00:00,15.32,0.0,18,2338
2025-08-14 09:00:00,20.1,0.0,23,2332
2025-08-14 10:00:00,20.91,4.03,4,1408
2025-08-14 11:00:00,22.44,0.0,2,1371
2025-08-14 12:00:00,16.98,0.0,45,1135
2025-08-14 13:00:00,21.36,2.08,29,1255
2025-08-14 14:00:00,22.66,0.0,3,1926
2025-08-14 15:00:00,13.65,0.0,49,1911
2025-08-14 16:00:00,20.42,0.0,59,2338
2025-08-14 17:00:00,21.46,0.0,27,2583
2025-08-14 18:00:00,17.8,0.0,55,2401
2025-08-14 19:00:00,14.95,0.0,5,2073
2025-08-14 20:00:00,21.41,0.0,44,1601
2025-08-14 21:00:00,14.98,0.0,34,1242
2025-08-14 22:00:00,18.05,0.0,10,1166
2025-08-14 23:00:00,18.46,0.0,81,939
2025-08-15 00:00:00,20.47,0.56,35,1087
2025-08-15 01:00:00,16.45,0.0,14,1387
2025-08-15 02:00:00,16.27,0.48,30,1073
2025-08-15 03:00:00,18.62,0.0,7,1212
2025-08-15 04:00:00,21.35,1.96,0,1296
2025-08-15 05:00:00,25.19,0.0,18,1545
2025-08-15 06:00:00,13.81,0.0,20,1994
2025-08-15 07:00:00,19.27,0.0,9,2441
2025-08-15 08:00:00,15.07,0.0,60,2298
2025-08-15 09:00:00,21.38,0.65,10,2550
2025-08-15 10:00:00,15.51,2.26,6,1786
2025-08-15 11:00:00,16.3,0.0,0,1570
2025-08-15 12:00:00,16.56,0.22,0,1277
2025-08-15 13:00:00,18.1,0.2,55,1337
2025-08-15 14:00:00,19.3,0.0,36,1727
2025-08-15 15:00:00,19.78,0.0,46,2023
2025-08-15 16:00:00,18.31,0.5,55,2148
2025-08-15 17:00:00,14.34,0.0,21,2328
2025-08-15 18:00:00,20.51,0.0,66,2095
2025-08-15 19:00:00,18.17,0.84,14,1899
2025-08-15 20:00:00,21.81,0.0,2,1627
2025-08-15 21:00:00,16.2,0.0,39,1483
2025-08-15 22:00:00,13.52,0.0,33,1224
2025-08-15 23:00:00,18.23,0.0,33,1165
2025-08-16 00:00:00,21.96,0.0,54,959
2025-08-16 01:00:00,18.56,0.0,31,710
2025-08-16 02:00:00,17.47,0.0,37,713
2025-08-16 03:00:00,15.46,0.0,63,551
2025-08-16 04:00:00,23.35,0.0,35,1154
2025-08-16 05:00:00,14.98,0.0,41,1124
2025-08-16 06:00:00,15.9,4.19,0,1064
2025-08-16 07:00:00,19.78,0.0,100,1702
2025-08-16 08:00:00,12.5,0.0,0,1614
2025-08-16 09:00:00,21.9,1.07,15,1453
2025-08-16 10:00:00,19.95,0.0,15,1161
2025-08-16 11:00:00,20.77,0.0,82,892
2025-08-16 12:00:00,19.75,0.0,14,955
2025-08-16 13:00:00,17.59,0.0,40,752
2025-08-16 14:00:00,14.88,0.0,15,1081
2025-08-16 15:00:00,17.65,0.0,3,1495
2025-08-16 16:00:00,15.15,0.7,43,1601
2025-08-16 17:00:00,19.53,2.48,11,1359
2025-08-16 18:00:00,20.49,0.0,34,1676
2025-08-16 19:00:00,22.5,1.01,44,1635
2025-08-16 20:00:00,19.19,0.0,77,920
2025-08-16 21:00:00,20.85,0.0,0,1321
2025-08-16 22:00:00,17.18,0.0,25,993
2025-08-16 23:00:00,16.64,0.0,26,1037
2025-08-17 00:00:00,19.24,0.59,28,910
2025-08-17 01:00:00,16.65,0.36,93,544
2025-08-17 02:00:00,18.62,0.0,24,855
2025-08-17 03:00:00,14.63,1.41,0,498
2025-08-17 04:00:00,15.17,0.0,24,839
2025-08-17 05:00:00,19.72,0.0,26,1146
2025-08-17 06:00:00,20.47,0.0,22,1447
2025-08-17 07:00:00,14.86,0.28,11,1662
2025-08-17 08:00:00,19.83,0.0,0,2005
2025-08-17 09:00:00,16.22,0.0,82,1401
2025-08-17 10:00:00,17.86,0.0,36,1498
2025-08-17 11:00:00,22.07,0.95,24,1104
2025-08-17 12:00:00,20.24,3.12,82,314
2025-08-17 13:00:00,20.2,1.83,7,905
2025-08-17 14:00:00,23.54,1.23,44,1172
2025-08-17 15:00:00,15.7,1.1,0,1234
2025-08-17 16:00:00,14.86,0.0,47,1401
2025-08-17 17:00:00,15.65,0.02,0,1568
2025-08-17 18:00:00,17.05,0.59,40,1447
2025-08-17 19:00:00,10.75,0.04,77,1128
2025-08-17 20:00:00,17.19,0.0,31,1407
2025-08-17 21:00:00,16.18,0.0,0,756
2025-08-17 22:00:00,20.17,0.0,29,991
2025-08-17 23:00:00,18.87,0.4,40,891
2025-08-18 00:00:00,15.75,4.27,51,391
2025-08-18 01:00:00,19.32,1.42,65,863
2025-08-18 02:00:00,19.72,0.0,66,1032
2025-08-18 03:00:00,15.25,0.85,25,1025
2025-08-18 04:00:00,16.07,1.1,12,1255
2025-08-18 05:00:00,10.88,1.4,0,1394
2025-08-18 06:00:00,14.28,1.04,15,1657
2025-08-18 07:00:00,15.33,0.0,40,1974
2025-08-18 08:00:00,17.78,0.0,0,2475
2025-08-18 09:00:00,14.72,0.0,5,2153
2025-08-18 10:00:00,16.01,0.0,42,1762
2025-08-18 11:00:00,13.88,0.0,12,1534
2025-08-18 12:00:00,18.07,1.61,37,1018
2025-08-18 13:00:00,18.83,0.0,8,1569
2025-08-18 14:00:00,18.76,0.0,35,2089
2025-08-18 15:00:00,17.59,0.31,9,2138
2025-08-18 16:00:00,12.93,0.02,0,2466
2025-08-18 17:00:00,15.69,0.0,52,2388
2025-08-18 18:00:00,16.33,0.0,11,2321
2025-08-18 19:00:00,16.34,0.0,22,2109
2025-08-18 20:00:00,17.78,0.78,11,1745
2025-08-18 21:00:00,21.83,0.0,42,1624
2025-08-18 22:00:00,19.99,0.0,36,1311
2025-08-18 23:00:00,14.59,0.32,42,888
2025-08-19 00:00:00,19.32,0.0,14,959
2025-08-19 01:00:00,19.21,0.0,27,1205
2025-08-19 02:00:00,14.87,0.77,38,813
2025-08-19 03:00:00,19.84,0.97,66,1103
2025-08-19 04:00:00,16.81,0.0,35,1445
2025-08-19 05:00:00,13.06,0.0,3,1479
2025-08-19 06:00:00,18.65,0.0,34,2061
2025-08-19 07:00:00,17.94,0.0,24,2292
2025-08-19 08:00:00,16.61,0.0,0,2438
2025-08-19 09:00:00,17.18,0.0,0,2302
2025-08-19 10:00:00,15.13,0.0,26,1739
2025-08-19 11:00:00,19.12,0.0,28,1415
2025-08-19 12:00:00,17.16,0.0,20,1062
2025-08-19 13:00:00,17.79,4.6,50,772
2025-08-19 14:00:00,18.36,0.54,4,2028
2025-08-19 15:00:00,13.83,1.65,0,1634
2025-08-19 16:00:00,14.61,0.07,7,2118
2025-08-19 17:00:00,10.66,0.0,13,2207
2025-08-19 18:00:00,18.98,5.37,26,1568
2025-08-19 19:00:00,13.65,0.0,8,2061
2025-08-19 20:00:00,17.69,0.0,0,1706
2025-08-19 21:00:00,18.4,0.0,0,1507
2025-08-19 22:00:00,19.1,0.35,31,1140
2025-08-19 23:00:00,13.68,0.0,0,1113
2025-08-20 00:00:00,16.83,0.0,0,1147
2025-08-20 01:00:00,22.03,0.0,43,1131
2025-08-20 02:00:00,22.17,0.0,66,1394
2025-08-20 03:00:00,19.98,0.0,25,1205
2025-08-20 04:00:00,18.03,0.0,34,1249
2025-08-20 05:00:00,14.01,0.36,34,1067
2025-08-20 06:00:00,19.18,0.0,0,2002
2025-08-20 07:00:00,16.55,0.6,50,1835
2025-08-20 08:00:00,18.7,0.0,58,2426
2025-08-20 09:00:00,15.12,2.22,73,1868
2025-08-20 10:00:00,16.5,0.32,16,1969
2025-08-20 11:00:00,17.51,0.2,0,1469
2025-08-20 12:00:00,17.76,0.0,61,1223
2025-08-20 13:00:00,18.5,0.0,40,1551
2025-08-20 14:00:00,15.28,1.07,49,1398
2025-08-20 15:00:00,12.99,0.0,11,2092
2025-08-20 16:00:00,21.9,0.04,34,2421
2025-08-20 17:00:00,24.49,0.0,1,2531
2025-08-20 18:00:00,18.36,0.0,27,2528
2025-08-20 19:00:00,13.05,0.0,19,2064
2025-08-20 20:00:00,14.7,0.58,86,1272
2025-08-20 21:00:00,18.55,0.0,41,1593
2025-08-20 22:00:00,21.05,0.0,0,1300
2025-08-20 23:00:00,13.38,0.0,27,1232
2025-08-21 00:00:00,16.38,2.1,36,865
2025-08-21 01:00:00,17.34,0.0,15,765
2025-08-21 02:00:00,19.35,1.89,0,1065
2025-08-21 03:00:00,15.72,0.0,44,1076
2025-08-21 04:00:00,12.06,0.0,3,1187
2025-08-21 05:00:00,18.62,0.0,41,1456
2025-08-21 06:00:00,20.13,0.0,1,2091
2025-08-21 07:00:00,16.51,0.62,14,2051
2025-08-21 08:00:00,17.97,0.0,51,2508
2025-08-21 09:00:00,15.33,0.0,39,1973
2025-08-21 10:00:00,14.22,1.41,28,1710
2025-08-21 11:00:00,19.83,0.0,26,1672
2025-08-21 12:00:00,17.92,0.0,29,1391
2025-08-21 13:00:00,18.22,0.0,7,1544
2025-08-21 14:00:00,21.26,0.55,0,1750
2025-08-21 15:00:00,13.59,1.48,41,1700
2025-08-21 16:00:00,15.1,2.72,65,1685
2025-08-21 17:00:00,17.23,0.06,42,2256
2025-08-21 18:00:00,15.06,1.03,33,1987
2025-08-21 19:00:00,19.1,0.0,0,1963
2025-08-21 20:00:00,16.19,0.02,49,1921
2025-08-21 21:00:00,13.78,0.0,39,1147
2025-08-21 22:00:00,16.95,0.0,46,1396
2025-08-21 23:00:00,17.26,0.0,53,954
2025-08-22 00:00:00,19.28,0.32,66,878
2025-08-22 01:00:00,17.66,0.0,0,1025
2025-08-22 02:00:00,17.86,0.0,0,1029
2025-08-22 03:00:00,17.44,0.0,30,1289
2025-08-22 04:00:00,15.92,0.0,4,1390
2025-08-22 05:00:00,14.33,0.23,0,1474
2025-08-22 06:00:00,17.35,0.0,57,2205
2025-08-22 07:00:00,15.48,0.0,2,2261
2025-08-22 08:00:00,21.55,0.0,26,2464
2025-08-22 09:00:00,20.51,0.88,0,2141
2025-08-22 10:00:00,18.38,0.0,28,1787
2025-08-22 11:00:00,17.62,0.0,56,1396
2025-08-22 12:00:00,16.22,0.17,57,1304
2025-08-22 13:00:00,12.7,1.35,53,1262
2025-08-22 14:00:00,15.83,0.0,25,1895
2025-08-22 15:00:00,16.79,0.0,55,1876
2025-08-22 16:00:00,17.17,0.0,38,2351
2025-08-22 17:00:00,17.89,0.38,16,2418
2025-08-22 18:00:00,19.24,0.0,36,2363
2025-08-22 19:00:00,14.4,0.79,49,1736
2025-08-22 20:00:00,14.43,0.0,0,1598
2025-08-22 21:00:00,20.83,0.0,0,1647
2025-08-22 22:00:00,18.79,0.0,23,1434
2025-08-22 23:00:00,15.31,0.0,0,1118
2025-08-23 00:00:00,15.88,0.0,0,938
2025-08-23 01:00:00,15.9,0.0,16,990
2025-08-23 02:00:00,16.3,1.47,51,538
2025-08-23 03:00:00,17.62,0.0,51,613
2025-08-23 04:00:00,23.81,0.0,34,836
2025-08-23 05:00:00,16.78,0.72,31,906
2025-08-23 06:00:00,18.19,2.32,79,918
2025-08-23 07:00:00,11.15,0.0,13,1520
2025-08-23 08:00:00,14.75,0.0,32,1640
2025-08-23 09:00:00,19.89,0.0,12,1620
2025-08-23 10:00:00,17.41,0.0,0,1499
2025-08-23 11:00:00,3.04,0.0,56,724
2025-08-23 12:00:00,18.23,2.34,19,863
2025-08-23 13:00:00,21.96,0.0,44,1230
2025-08-23 14:00:00,10.22,1.11,20,1139
2025-08-23 15:00:00,20.76,0.0,58,1351
2025-08-23 16:00:00,7.89,0.0,1,1518
2025-08-23 17:00:00,19.02,0.0,56,1761
2025-08-23 18:00:00,16.18,0.0,49,1536
2025-08-23 19:00:00,9.16,0.39,0,1239
2025-08-23 20:00:00,17.54,0.0,14,1171
2025-08-23 21:00:00,19.66,0.0,52,950
2025-08-23 22:00:00,17.3,0.0,67,694
2025-08-23 23:00:00,17.96,0.0,44,1245
2025-08-24 00:00:00,14.69,0.0,16,529
2025-08-24 01:00:00,10.35,1.33,2,470
2025-08-24 02:00:00,18.0,0.0,40,896
2025-08-24 03:00:00,21.18,1.08,15,713
2025-08-24 04:00:00,19.32,0.0,17,939
2025-08-24 05:00:00,9.97,0.0,21,1061
2025-08-24 06:00:00,11.38,0.91,48,1253
2025-08-24 07:00:00,13.39,3.7,71,960
2025-08-24 08:00:00,11.15,0.0,52,1679
2025-08-24 09:00:00,16.06,0.0,26,1334
2025-08-24 10:00:00,17.11,0.3,4,1271
2025-08-24 11:00:00,11.64,0.0,43,1055
2025-08-24 12:00:00,18.26,0.0,68,1146
2025-08-24 13:00:00,17.73,0.0,51,885
2025-08-24 14:00:00,14.28,1.29,31,876
2025-08-24 15:00:00,15.41,0.0,14,1498
2025-08-24 16:00:00,10.08,0.0,35,1508
2025-08-24 17:00:00,14.93,0.88,55,1394
2025-08-24 18:00:00,15.95,1.12,32,1289
2025-08-24 19:00:00,16.44,3.66,24,935
2025-08-24 20:00:00,17.07,0.35,9,1307
2025-08-24 21:00:00,16.66,0.0,91,878
2025-08-24 22:00:00,15.14,0.0,4,1115
2025-08-24 23:00:00,16.79,1.19,2,750
2025-08-25 00:00:00,18.66,0.35,30,1165
2025-08-25 01:00:00,15.36,0.0,21,1133
2025-08-25 02:00:00,16.6,0.0,51,1006
2025-08-25 03:00:00,15.09,0.49,52,1138
2025-08-25 04:00:00,13.71,0.0,0,1111
2025-08-25 05:00:00,17.22,0.0,7,1486
2025-08-25 06:00:00,13.98,1.12,4,1691
2025-08-25 07:00:00,16.81,0.8,45,2153
2025-08-25 08:00:00,15.73,0.82,37,2338
2025-08-25 09:00:00,14.74,0.0,17,2108
2025-08-25 10:00:00,14.67,0.0,31,1704
2025-08-25 11:00:00,14.13,0.0,0,1542
2025-08-25 12:00:00,10.71,0.0,7,1007
2025-08-25 13:00:00,16.8,0.0,0,1652
2025-08-25 14:00:00,16.34,0.0,29,1682
2025-08-25 15:00:00,18.2,2.93,29,1533
2025-08-25 16:00:00,14.06,0.0,1,2128
2025-08-25 17:00:00,21.34,0.94,36,2363
2025-08-25 18:00:00,14.51,0.0,52,2240
2025-08-25 19:00:00,13.02,0.0,0,1921
2025-08-25 20:00:00,12.67,0.0,18,1666
2025-08-25 21:00:00,10.45,2.73,39,853
2025-08-25 22:00:00,20.25,0.67,26,1212
2025-08-25 23:00:00,19.76,2.09,0,1227
2025-08-26 00:00:00,17.17,0.64,14,1352
2025-08-26 01:00:00,12.68,0.0,14,1039
2025-08-26 02:00:00,20.8,0.0,21,1247
2025-08-26 03:00:00,14.31,0.0,22,1184
2025-08-26 04:00:00,14.56,1.87,65,700
2025-08-26 05:00:00,19.68,0.78,20,1318
2025-08-26 06:00:00,17.35,0.0,0,1616
2025-08-26 07:00:00,21.97,0.0,28,2371
2025-08-26 08:00:00,16.11,0.0,69,2561
2025-08-26 09:00:00,14.18,0.0,21,2354
2025-08-26 10:00:00,13.53,0.0,15,1860
2025-08-26 11:00:00,9.83,0.0,18,1417
2025-08-26 12:00:00,14.53,0.0,40,1165
2025-08-26 13:00:00,18.8,0.0,18,1654
2025-08-26 14:00:00,17.16,0.57,0,1746
2025-08-26 15:00:00,15.43,0.99,9,1937
2025-08-26 16:00:00,12.38,0.0,24,2070
2025-08-26 17:00:00,16.05,2.53,39,2129
2025-08-26 18:00:00,18.41,0.0,11,2320
2025-08-26 19:00:00,16.66,0.0,18,2103
2025-08-26 20:00:00,15.87,0.26,27,1820
2025-08-26 21:00:00,12.98,0.0,6,1213
2025-08-26 22:00:00,17.97,0.35,23,1216
2025-08-26 23:00:00,5.97,0.0,37,928
2025-08-27 00:00:00,16.23,0.41,0,1023
2025-08-27 01:00:00,22.8,0.0,33,1025
2025-08-27 02:00:00,10.56,0.0,0,973
2025-08-27 03:00:00,14.36,0.0,0,1020
2025-08-27 04:00:00,15.06,0.04,9,1396
2025-08-27 05:00:00,13.7,1.32,59,1300
2025-08-27 06:00:00,18.19,0.72,0,1910
2025-08-27 07:00:00,16.5,0.0,14,1985
2025-08-27 08:00:00,15.54,0.0,25,2642
2025-08-27 09:00:00,17.48,0.0,54,2130
2025-08-27 10:00:00,15.13,0.0,74,2004
2025-08-27 11:00:00,24.62,2.45,15,1470
2025-08-27 12:00:00,15.54,0.0,39,1199
2025-08-27 13:00:00,15.67,0.0,23,1734
2025-08-27 14:00:00,9.95,1.17,23,1570
2025-08-27 15:00:00,13.45,4.28,32,1426
2025-08-27 16:00:00,18.53,5.46,0,1655
2025-08-27 17:00:00,11.08,0.14,24,2431
2025-08-27 18:00:00,8.61,0.46,36,2012
2025-08-27 19:00:00,15.18,0.0,4,2001
2025-08-27 20:00:00,19.2,0.0,37,1658
2025-08-27 21:00:00,15.21,0.31,0,1344
2025-08-27 22:00:00,14.08,0.0,28,1135
2025-08-27 23:00:00,9.51,0.93,59,1137
2025-08-28 00:00:00,16.16,0.0,19,1247
2025-08-28 01:00:00,16.78,2.87,0,844
2025-08-28 02:00:00,9.45,1.28,0,829
2025-08-28 03:00:00,18.2,0.0,35,1085
2025-08-28 04:00:00,17.1,0.0,48,1185
2025-08-28 05:00:00,18.2,0.46,24,1740
2025-08-28 06:00:00,16.55,0.0,13,1943
2025-08-28 07:00:00,16.76,2.34,0,2109
2025-08-28 08:00:00,16.36,0.65,28,2324
2025-08-28 09:00:00,17.4,1.73,8,1948
2025-08-28 10:00:00,9.34,0.0,9,1817
2025-08-28 11:00:00,10.3,0.32,65,1154
2025-08-28 12:00:00,12.59,0.0,0,1432
2025-08-28 13:00:00,14.41,0.9,0,1262
2025-08-28 14:00:00,15.96,0.0,31,1625
2025-08-28 15:00:00,15.77,0.0,15,2154
2025-08-28 16:00:00,18.15,1.41,12,2068
2025-08-28 17:00:00,18.24,0.78,32,2270
2025-08-28 18:00:00,12.18,0.0,31,1837
2025-08-28 19:00:00,15.51,0.58,1,1950
2025-08-28 20:00:00,12.26,2.09,10,1522
2025-08-28 21:00:00,14.23,0.72,26,1246
2025-08-28 22:00:00,15.76,0.0,29,1333
2025-08-28 23:00:00,4.57,1.9,37,738
2025-08-29 00:00:00,21.74,0.0,10,1361
2025-08-29 01:00:00,16.21,0.0,33,979
2025-08-29 02:00:00,12.72,0.0,48,977
2025-08-29 03:00:00,20.29,0.02,26,1004
2025-08-29 04:00:00,13.47,1.61,22,1027
2025-08-29 05:00:00,14.91,0.0,19,1446
2025-08-29 06:00:00,13.05,0.0,9,1992
2025-08-29 07:00:00,19.47,0.0,1,2236
2025-08-29 08:00:00,14.2,2.08,17,2055
2025-08-29 09:00:00,14.96,0.0,36,2092
2025-08-29 10:00:00,18.12,0.0,2,1951
2025-08-29 11:00:00,16.27,0.16,23,1777
2025-08-29 12:00:00,14.35,0.0,20,762
2025-08-29 13:00:00,17.84,0.0,69,1382
2025-08-29 14:00:00,22.13,0.75,43,1847
2025-08-29 15:00:00,15.46,0.0,42,1909
2025-08-29 16:00:00,14.86,0.0,48,2288
2025-08-29 17:00:00,15.02,0.0,11,2553
2025-08-29 18:00:00,18.44,0.9,59,2098
2025-08-29 19:00:00,12.71,0.0,29,1876
2025-08-29 20:00:00,13.68,0.66,24,1736
2025-08-29 21:00:00,9.9,0.0,0,1477
2025-08-29 22:00:00,10.96,0.0,15,1203
2025-08-29 23:00:00,12.96,0.0,0,1254
2025-08-30 00:00:00,14.05,0.0,18,923
2025-08-30 01:00:00,19.53,0.31,10,845
2025-08-30 02:00:00,15.83,2.71,14,549
2025-08-30 03:00:00,11.48,0.0,0,897
2025-08-30 04:00:00,12.04,0.0,42,764
2025-08-30 05:00:00,18.35,0.0,39,1260
2025-08-30 06:00:00,17.6,0.0,67,1129
2025-08-30 07:00:00,14.31,0.0,66,1448
2025-08-30 08:00:00,12.89,0.0,28,1730
2025-08-30 09:00:00,17.6,0.34,50,1359
2025-08-30 10:00:00,11.24,0.0,31,1371
2025-08-30 11:00:00,15.4,0.0,14,1127
2025-08-30 12:00:00,21.04,0.67,17,1118
2025-08-30 13:00:00,14.84,0.0,40,1084
2025-08-30 14:00:00,11.89,0.0,100,994
2025-08-30 15:00:00,15.45,0.0,54,1404
2025-08-30 16:00:00,12.81,0.0,31,1587
2025-08-30 17:00:00,10.04,0.0,36,1847
2025-08-30 18:00:00,16.32,0.0,36,1603
2025-08-30 19:00:00,17.57,0.0,22,1447
2025-08-30 20:00:00,13.29,0.0,43,1124
2025-08-30 21:00:00,13.09,0.0,20,1038
2025-08-30 22:00:00,11.34,0.0,0,743
2025-08-30 23:00:00,13.77,2.5,36,442
2025-08-31 00:00:00,12.24,1.43,39,405
2025-08-31 01:00:00,10.9,0.0,20,615
2025-08-31 02:00:00,19.61,0.0,32,966
2025-08-31 03:00:00,15.33,0.0,48,789
2025-08-31 04:00:00,15.65,0.0,23,817
2025-08-31 05:00:00,16.58,3.02,13,736
2025-08-31 06:00:00,16.24,0.0,6,1339
2025-08-31 07:00:00,12.69,0.0,18,1546
2025-08-31 08:00:00,14.75,0.0,62,1371
2025-08-31 09:00:00,13.12,0.0,19,1389
2025-08-31 10:00:00,15.24,0.0,33,1103
2025-08-31 11:00:00,14.95,0.0,16,963
2025-08-31 12:00:00,12.78,1.59,14,603
2025-08-31 13:00:00,9.94,2.23,2,588
2025-08-31 14:00:00,14.37,0.0,27,1308
2025-08-31 15:00:00,13.32,0.0,11,1682
2025-08-31 16:00:00,8.26,0.0,56,1546
2025-08-31 17:00:00,15.45,0.0,21,1596
2025-08-31 18:00:00,16.83,2.29,23,1380
2025-08-31 19:00:00,21.51,0.0,20,1521
2025-08-31 20:00:00,12.76,0.0,33,1078
2025-08-31 21:00:00,12.31,0.0,61,1104
2025-08-31 22:00:00,10.6,0.81,0,1075
2025-08-31 23:00:00,14.56,0.56,31,546
2025-09-01 00:00:00,14.24,0.0,0,1283
2025-09-01 01:00:00,11.2,0.0,54,847
2025-09-01 02:00:00,13.11,0.0,21,999
2025-09-01 03:00:00,7.7,1.39,0,910
2025-09-01 04:00:00,16.42,0.0,0,1498
2025-09-01 05:00:00,11.32,0.0,44,1389
2025-09-01 06:00:00,13.53,0.38,0,1831
2025-09-01 07:00:00,9.36,0.0,31,2154
2025-09-01 08:00:00,11.89,0.0,13,2394
2025-09-01 09:00:00,12.8,0.31,19,2144
2025-09-01 10:00:00,13.6,0.95,7,1834
2025-09-01 11:00:00,15.08,0.0,0,1410
2025-09-01 12:00:00,17.95,0.0,12,1038
2025-09-01 13:00:00,15.83,0.06,38,1621
2025-09-01 14:00:00,16.52,0.86,17,1434
2025-09-01 15:00:00,17.97,0.63,34,1814
2025-09-01 16:00:00,15.35,0.0,18,2154
2025-09-01 17:00:00,13.53,1.0,39,2034
2025-09-01 18:00:00,16.66,2.2,34,1822
2025-09-01 19:00:00,16.85,0.0,10,2060
2025-09-01 20:00:00,15.58,0.7,0,1684
2025-09-01 21:00:00,9.27,0.0,48,1341
2025-09-01 22:00:00,11.11,0.0,4,1272
2025-09-01 23:00:00,12.81,0.12,36,983
2025-09-02 00:00:00,15.68,0.0,24,996
2025-09-02 01:00:00,13.28,0.9,12,1094
2025-09-02 02:00:00,16.75,0.0,34,991
2025-09-02 03:00:00,17.29,1.22,58,843
2025-09-02 04:00:00,16.94,0.0,39,1340
2025-09-02 05:00:00,16.96,0.0,27,1466
2025-09-02 06:00:00,10.23,0.0,64,1570
2025-09-02 07:00:00,14.79,1.88,0,1883
2025-09-02 08:00:00,11.52,0.0,0,2431
2025-09-02 09:00:00,8.39,0.47,12,2084
2025-09-02 10:00:00,12.48,0.0,59,1718
2025-09-02 11:00:00,17.32,2.38,47,985
2025-09-02 12:00:00,14.72,0.75,0,1200
2025-09-02 13:00:00,19.39,0.0,13,1446
2025-09-02 14:00:00,13.87,1.0,0,1428
2025-09-02 15:00:00,20.68,0.0,23,1944
2025-09-02 16:00:00,13.87,0.0,46,2219
2025-09-02 17:00:00,13.41,0.0,48,2380
2025-09-02 18:00:00,9.5,0.0,30,1940
2025-09-02 19:00:00,16.67,0.0,13,1857
2025-09-02 20:00:00,11.83,0.0,21,1700
2025-09-02 21:00:00,11.4,0.02,41,1240
2025-09-02 22:00:00,17.18,2.66,82,886
2025-09-02 23:00:00,16.82,0.0,0,1130
2025-09-03 00:00:00,16.44,0.74,63,980
2025-09-03 01:00:00,11.96,0.0,29,799
2025-09-03 02:00:00,12.89,3.05,44,698
2025-09-03 03:00:00,12.86,0.36,28,722
2025-09-03 04:00:00,15.39,0.0,58,1278
2025-09-03 05:00:00,17.7,0.0,32,1466
2025-09-03 06:00:00,14.15,0.14,7,1858
2025-09-03 07:00:00,18.97,0.0,35,2204
2025-09-03 08:00:00,15.74,0.0,52,1995
2025-09-03 09:00:00,12.34,0.0,23,2286
2025-09-03 10:00:00,15.53,0.0,0,1895
2025-09-03 11:00:00,18.16,0.79,20,1511
2025-09-03 12:00:00,19.04,0.0,26,1157
2025-09-03 13:00:00,16.6,0.0,22,1449
2025-09-03 14:00:00,13.12,0.0,11,1459
2025-09-03 15:00:00,12.39,0.0,56,1857
2025-09-03 16:00:00,14.77,0.0,0,2096
2025-09-03 17:00:00,18.07,0.0,26,3021
2025-09-03 18:00:00,14.35,0.0,26,2254
2025-09-03 19:00:00,14.41,0.59,76,1943
2025-09-03 20:00:00,13.2,0.0,23,1585
2025-09-03 21:00:00,12.06,0.0,34,1378
2025-09-03 22:00:00,12.56,0.0,26,1297
2025-09-03 23:00:00,13.45,0.0,26,937
2025-09-04 00:00:00,17.9,0.0,67,908
2025-09-04 01:00:00,12.03,0.0,0,1187
2025-09-04 02:00:00,12.9,0.47,6,975
2025-09-04 03:00:00,10.15,1.18,42,744
2025-09-04 04:00:00,14.9,0.0,30,1111
2025-09-04 05:00:00,16.85,0.09,16,1307
2025-09-04 06:00:00,17.62,0.0,21,1563
2025-09-04 07:00:00,13.36,0.0,46,1827
2025-09-04 08:00:00,14.47,0.0,35,2254
2025-09-04 09:00:00,12.29,0.8,5,2127
2025-09-04 10:00:00,14.33,0.0,29,2125
2025-09-04 11:00:00,13.69,2.35,22,1142
2025-09-04 12:00:00,12.92,0.0,35,979
2025-09-04 13:00:00,13.16,0.08,15,1364
2025-09-04 14:00:00,14.1,0.07,0,1769
2025-09-04 15:00:00,11.86,0.0,40,2005
2025-09-04 16:00:00,12.02,0.0,37,2243
2025-09-04 17:00:00,17.87,0.0,59,2332
2025-09-04 18:00:00,20.88,0.48,0,2275
2025-09-04 19:00:00,9.13,0.09,21,1949
2025-09-04 20:00:00,8.97,0.37,17,1358
2025-09-04 21:00:00,9.87,0.0,13,1051
2025-09-04 22:00:00,12.44,0.0,0,1514
2025-09-04 23:00:00,15.43,0.0,0,1162
2025-09-05 00:00:00,14.22,0.0,30,1097
2025-09-05 01:00:00,12.96,0.0,10,652
2025-09-05 02:00:00,14.03,0.0,2,1304
2025-09-05 03:00:00,10.37,0.51,59,1061
2025-09-05 04:00:00,11.71,0.0,82,827
2025-09-05 05:00:00,12.39,0.0,21,1366
2025-09-05 06:00:00,7.69,0.44,0,1716
2025-09-05 07:00:00,8.96,0.0,33,1848
2025-09-05 08:00:00,9.08,0.0,0,2305
2025-09-05 09:00:00,14.74,0.0,0,2323
2025-09-05 10:00:00,13.18,0.0,33,1792
2025-09-05 11:00:00,14.28,0.9,0,1155
2025-09-05 12:00:00,6.93,0.0,15,962
2025-09-05 13:00:00,8.0,0.98,0,1195
2025-09-05 14:00:00,14.44,0.0,24,1601
2025-09-05 15:00:00,4.11,0.65,51,1612
2025-09-05 16:00:00,16.12,0.0,8,2196
2025-09-05 17:00:00,6.98,0.06,22,1901
2025-09-05 18:00:00,14.98,2.31,3,2061
2025-09-05 19:00:00,9.78,0.64,4,1912
2025-09-05 20:00:00,15.59,0.0,2,1771
2025-09-05 21:00:00,22.07,0.16,43,1497
2025-09-05 22:00:00,5.63,0.0,0,1079
2025-09-05 23:00:00,14.53,0.0,15,1041
2025-09-06 00:00:00,6.72,0.0,33,483
2025-09-06 01:00:00,13.43,1.36,45,755
2025-09-06 02:00:00,11.53,0.0,34,702
2025-09-06 03:00:00,12.53,0.0,21,541
2025-09-06 04:00:00,9.41,0.0,8,824
2025-09-06 05:00:00,14.49,0.0,46,696
2025-09-06 06:00:00,7.8,0.0,1,1248
2025-09-06 07:00:00,15.87,0.0,1,1585
2025-09-06 08:00:00,10.92,1.7,56,1199
2025-09-06 09:00:00,7.94,0.99,32,1136
2025-09-06 10:00:00,16.93,1.13,33,1231
2025-09-06 11:00:00,11.94,2.04,38,710
2025-09-06 12:00:00,17.87,0.23,20,632
2025-09-06 13:00:00,15.81,0.0,0,1229
2025-09-06 14:00:00,9.75,1.48,29,777
2025-09-06 15:00:00,11.89,0.0,22,1148
2025-09-06 16:00:00,12.51,0.0,1,1740
2025-09-06 17:00:00,16.72,0.0,0,1828
2025-09-06 18:00:00,13.46,1.39,22,1297
2025-09-06 19:00:00,12.67,0.7,0,1130
2025-09-06 20:00:00,11.55,0.0,19,1006
2025-09-06 21:00:00,11.99,0.0,16,910
2025-09-06 22:00:00,16.06,1.51,20,894
2025-09-06 23:00:00,12.16,0.0,33,935
2025-09-07 00:00:00,10.66,0.0,38,697
2025-09-07 01:00:00,10.15,0.02,5,824
2025-09-07 02:00:00,10.18,1.05,44,508
2025-09-07 03:00:00,7.64,0.0,17,585
2025-09-07 04:00:00,9.59,0.0,66,505
2025-09-07 05:00:00,16.34,0.3,8,1101
2025-09-07 06:00:00,11.22,0.0,0,1393
2025-09-07 07:00:00,13.96,0.01,43,1380
2025-09-07 08:00:00,4.41,0.92,33,1484
2025-09-07 09:00:00,13.55,1.35,53,1212
2025-09-07 10:00:00,11.36,0.0,30,1220
2025-09-07 11:00:00,10.4,0.0,81,825
2025-09-07 12:00:00,12.39,0.77,18,935
2025-09-07 13:00:00,10.36,0.0,49,950
2025-09-07 14:00:00,5.47,0.0,9,1053
2025-09-07 15:00:00,14.61,0.0,35,1359
2025-09-07 16:00:00,12.57,0.48,39,1250
2025-09-07 17:00:00,10.9,0.21,43,1168
2025-09-07 18:00:00,8.94,0.0,42,1340
2025-09-07 19:00:00,7.43,0.83,0,1184
2025-09-07 20:00:00,12.52,1.26,21,1068
2025-09-07 21:00:00,16.68,0.43,8,983
2025-09-07 22:00:00,12.45,0.0,13,799
2025-09-07 23:00:00,7.7,0.0,15,309
2025-09-08 00:00:00,12.22,0.0,47,1032
2025-09-08 01:00:00,11.38,1.15,27,878
2025-09-08 02:00:00,14.13,1.48,10,1011
2025-09-08 03:00:00,13.36,0.99,0,1008
2025-09-08 04:00:00,2.58,1.12,61,978
2025-09-08 05:00:00,13.18,0.17,6,1356
2025-09-08 06:00:00,8.53,0.0,19,1700
2025-09-08 07:00:00,7.27,0.0,76,1947
2025-09-08 08:00:00,10.97,0.0,7,2344
2025-09-08 09:00:00,12.77,1.42,15,2005
2025-09-08 10:00:00,6.62,1.04,28,1601
2025-09-08 11:00:00,13.65,0.0,0,1510
2025-09-08 12:00:00,13.83,1.14,0,1078
2025-09-08 13:00:00,11.68,0.21,10,1466
2025-09-08 14:00:00,8.94,0.0,11,1345
2025-09-08 15:00:00,8.6,1.19,26,1610
2025-09-08 16:00:00,14.62,0.03,0,2445
2025-09-08 17:00:00,7.01,1.28,33,1892
2025-09-08 18:00:00,14.73,0.67,0,2136
2025-09-08 19:00:00,11.04,0.0,21,2082
2025-09-08 20:00:00,11.25,0.0,31,1557
2025-09-08 21:00:00,6.42,0.0,30,1129
2025-09-08 22:00:00,11.1,0.0,18,1332
2025-09-08 23:00:00,13.38,0.0,6,1086
2025-09-09 00:00:00,7.23,0.0,17,911
2025-09-09 01:00:00,12.73,0.0,53,678
2025-09-09 02:00:00,11.5,0.0,7,1022
2025-09-09 03:00:00,9.3,0.96,47,949
2025-09-09 04:00:00,13.8,0.0,51,1080
2025-09-09 05:00:00,4.63,0.0,0,1158
2025-09-09 06:00:00,12.28,0.0,19,1695
2025-09-09 07:00:00,16.09,0.0,0,2111
2025-09-09 08:00:00,15.56,0.13,0,2282
2025-09-09 09:00:00,12.41,0.0,42,1986
2025-09-09 10:00:00,10.33,0.36,34,1893
2025-09-09 11:00:00,9.33,0.46,29,1337
2025-09-09 12:00:00,10.33,0.78,0,852
2025-09-09 13:00:00,12.87,0.51,27,1298
2025-09-09 14:00:00,8.81,0.67,0,1514
2025-09-09 15:00:00,13.51,0.0,24,2085
2025-09-09 16:00:00,17.64,0.0,6,2238
2025-09-09 17:00:00,11.05,0.0,48,2144
2025-09-09 18:00:00,7.2,0.0,13,2349
2025-09-09 19:00:00,7.2,0.0,28,1666
2025-09-09 20:00:00,13.57,0.0,28,1727
2025-09-09 21:00:00,11.06,0.0,20,1345
2025-09-09 22:00:00,13.87,0.46,25,1068
2025-09-09 23:00:00,9.63,0.0,30,931
2025-09-10 00:00:00,13.42,0.0,0,1260
2025-09-10 01:00:00,10.46,0.0,32,1028
2025-09-10 02:00:00,8.73,4.62,43,455
2025-09-10 03:00:00,9.73,0.62,32,1055
2025-09-10 04:00:00,7.34,0.0,13,1166
2025-09-10 05:00:00,16.9,0.35,26,1278
2025-09-10 06:00:00,10.64,0.0,13,1530
2025-09-10 07:00:00,12.86,0.0,19,2327
2025-09-10 08:00:00,9.32,0.0,0,2270
2025-09-10 09:00:00,7.77,0.54,56,1906
2025-09-10 10:00:00,10.23,0.0,70,1881
2025-09-10 11:00:00,14.23,2.59,4,1013
2025-09-10 12:00:00,9.37,4.0,42,258
2025-09-10 13:00:00,8.32,0.0,58,965
2025-09-10 14:00:00,11.4,0.0,0,1565
2025-09-10 15:00:00,12.43,0.0,0,1966
2025-09-10 16:00:00,15.86,0.0,60,2319
2025-09-10 17:00:00,11.99,0.0,22,2355
2025-09-10 18:00:00,12.86,0.0,9,1822
2025-09-10 19:00:00,13.09,0.0,23,2305
2025-09-10 20:00:00,7.47,0.0,13,1497
2025-09-10 21:00:00,8.04,0.9,96,1203
2025-09-10 22:00:00,7.68,1.3,9,1053
2025-09-10 23:00:00,6.93,0.0,30,982
2025-09-11 00:00:00,13.01,0.92,54,812
2025-09-11 01:00:00,11.49,0.0,54,779
2025-09-11 02:00:00,10.86,0.0,49,766
2025-09-11 03:00:00,2.85,0.0,11,919
2025-09-11 04:00:00,16.79,0.0,18,1056
2025-09-11 05:00:00,7.94,0.0,0,1618
2025-09-11 06:00:00,16.78,0.0,20,1841
2025-09-11 07:00:00,6.28,0.59,23,2227
2025-09-11 08:00:00,8.19,0.0,40,2082
2025-09-11 09:00:00,4.02,0.0,67,1800
2025-09-11 10:00:00,11.71,0.0,39,1795
2025-09-11 11:00:00,7.32,0.0,48,1245
2025-09-11 12:00:00,7.41,0.02,21,1237
2025-09-11 13:00:00,6.51,0.0,54,1402
2025-09-11 14:00:00,12.96,0.53,22,1709
2025-09-11 15:00:00,12.76,0.0,50,2045
2025-09-11 16:00:00,16.06,0.0,42,2278
2025-09-11 17:00:00,8.57,0.0,32,2089
2025-09-11 18:00:00,11.28,0.0,0,2335
2025-09-11 19:00:00,6.76,0.0,49,1864
2025-09-11 20:00:00,9.62,0.0,31,1463
2025-09-11 21:00:00,9.07,0.0,39,1199
2025-09-11 22:00:00,12.02,0.0,30,1143
2025-09-11 23:00:00,13.68,0.0,34,1230
2025-09-12 00:00:00,13.29,1.09,54,845
2025-09-12 01:00:00,7.79,0.0,10,967
2025-09-12 02:00:00,13.31,0.0,33,992
2025-09-12 03:00:00,10.19,0.0,2,1021
2025-09-12 04:00:00,9.34,0.0,36,940
2025-09-12 05:00:00,8.19,0.0,28,1447
2025-09-12 06:00:00,8.64,0.0,6,1591
2025-09-12 07:00:00,15.54,0.44,24,2098
2025-09-12 08:00:00,11.24,0.0,7,2198
2025-09-12 09:00:00,10.84,0.74,12,2113
2025-09-12 10:00:00,9.53,0.0,30,1650
2025-09-12 11:00:00,17.66,1.3,28,1179
2025-09-12 12:00:00,14.23,0.77,0,1294
2025-09-12 13:00:00,8.15,0.0,31,1156
2025-09-12 14:00:00,9.5,0.0,14,1604
2025-09-12 15:00:00,9.67,0.4,11,2017
2025-09-12 16:00:00,10.76,0.0,0,2065
2025-09-12 17:00:00,8.21,0.16,20,2150
2025-09-12 18:00:00,11.63,0.0,8,2103
2025-09-12 19:00:00,14.67,0.0,53,1895
2025-09-12 20:00:00,6.38,1.38,0,1389
2025-09-12 21:00:00,6.93,0.37,0,1398
2025-09-12 22:00:00,8.87,0.15,0,1062
2025-09-12 23:00:00,9.01,0.0,28,1194
2025-09-13 00:00:00,16.01,0.0,51,954
2025-09-13 01:00:00,13.01,0.0,34,755
2025-09-13 02:00:00,12.84,1.86,0,459
2025-09-13 03:00:00,9.22,0.0,11,738
2025-09-13 04:00:00,9.15,0.0,1,821
2025-09-13 05:00:00,5.65,2.04,34,882
2025-09-13 06:00:00,12.36,0.0,10,1249
2025-09-13 07:00:00,11.48,0.0,0,1696
2025-09-13 08:00:00,13.87,0.0,36,1580
2025-09-13 09:00:00,9.38,0.0,53,1371
2025-09-13 10:00:00,9.58,0.0,17,1159
2025-09-13 11:00:00,10.52,0.26,24,904
2025-09-13 12:00:00,12.69,0.0,0,1018
2025-09-13 13:00:00,5.6,0.0,0,805
2025-09-13 14:00:00,12.22,0.0,0,1316
2025-09-13 15:00:00,9.95,0.0,20,1509
2025-09-13 16:00:00,6.83,3.42,14,947
2025-09-13 17:00:00,3.76,0.0,35,1584
2025-09-13 18:00:00,9.6,0.0,16,1622
2025-09-13 19:00:00,14.35,2.06,46,1197
2025-09-13 20:00:00,15.03,2.11,43,795
2025-09-13 21:00:00,11.08,0.0,13,946
2025-09-13 22:00:00,15.9,0.0,0,925
2025-09-13 23:00:00,9.88,0.98,0,960
2025-09-14 00:00:00,12.56,0.0,57,663
2025-09-14 01:00:00,8.35,0.0,0,691
2025-09-14 02:00:00,8.16,0.0,0,561
2025-09-14 03:00:00,7.67,0.0,24,557
2025-09-14 04:00:00,3.52,0.43,0,608
2025-09-14 05:00:00,13.56,0.83,24,967
2025-09-14 06:00:00,7.78,0.0,13,990
2025-09-14 07:00:00,7.3,0.83,44,1158
2025-09-14 08:00:00,6.16,0.0,42,1176
2025-09-14 09:00:00,9.09,0.0,49,1565
2025-09-14 10:00:00,14.99,0.0,26,1286
2025-09-14 11:00:00,15.98,0.14,0,1128
2025-09-14 12:00:00,4.72,0.0,0,622
2025-09-14 13:00:00,8.64,0.0,8,1099
2025-09-14 14:00:00,6.6,0.0,71,1165
2025-09-14 15:00:00,12.67,0.31,15,1331
2025-09-14 16:00:00,10.56,0.0,25,1405
2025-09-14 17:00:00,7.79,0.0,59,1504
2025-09-14 18:00:00,9.92,4.31,28,1044
2025-09-14 19:00:00,8.27,0.0,3,1440
2025-09-14 20:00:00,14.54,0.0,39,1230
2025-09-14 21:00:00,11.34,0.0,11,1107
2025-09-14 22:00:00,11.71,0.0,28,725
2025-09-14 23:00:00,1.7,2.27,34,450
2025-09-15 00:00:00,9.19,0.0,9,925
2025-09-15 01:00:00,15.64,1.46,26,527
2025-09-15 02:00:00,13.37,0.01,61,894
2025-09-15 03:00:00,3.85,2.04,5,647
2025-09-15 04:00:00,8.45,0.0,54,1087
2025-09-15 05:00:00,5.79,0.34,6,1419
2025-09-15 06:00:00,14.53,0.0,66,1728
2025-09-15 07:00:00,10.13,0.0,0,2389
2025-09-15 08:00:00,7.09,0.0,11,2111
2025-09-15 09:00:00,9.5,0.0,59,1702
2025-09-15 10:00:00,1.57,0.65,60,1480
2025-09-15 11:00:00,6.14,0.0,42,1201
2025-09-15 12:00:00,9.5,3.22,0,639
2025-09-15 13:00:00,11.93,1.75,23,1092
2025-09-15 14:00:00,3.57,0.0,21,1370
2025-09-15 15:00:00,8.25,0.0,0,1791
2025-09-15 16:00:00,12.42,0.13,39,2313
2025-09-15 17:00:00,5.04,0.12,2,2175
2025-09-15 18:00:00,10.08,0.42,0,2069
2025-09-15 19:00:00,9.59,0.96,0,2015
2025-09-15 20:00:00,14.54,0.0,64,1517
2025-09-15 21:00:00,8.7,0.0,8,1152
2025-09-15 22:00:00,8.88,0.0,9,964
2025-09-15 23:00:00,11.96,0.0,0,1105
2025-09-16 00:00:00,5.1,0.47,55,548
2025-09-16 01:00:00,8.42,0.0,0,833
2025-09-16 02:00:00,7.72,0.3,0,908
2025-09-16 03:00:00,8.67,0.14,13,1167
2025-09-16 04:00:00,11.63,2.72,20,1022
2025-09-16 05:00:00,10.75,1.74,37,1238
2025-09-16 06:00:00,6.84,0.0,4,1710
2025-09-16 07:00:00,9.49,0.0,60,1899
2025-09-16 08:00:00,13.56,0.0,4,2350
2025-09-16 09:00:00,6.59,0.0,0,2304
2025-09-16 10:00:00,9.52,0.0,0,1778
2025-09-16 11:00:00,8.5,0.8,2,1231
2025-09-16 12:00:00,8.89,0.0,0,1146
2025-09-16 13:00:00,4.19,0.0,40,1157
2025-09-16 14:00:00,13.32,0.0,0,1745
2025-09-16 15:00:00,6.76,0.0,18,1722
2025-09-16 16:00:00,12.16,0.0,0,2245
2025-09-16 17:00:00,7.22,0.0,0,2289
2025-09-16 18:00:00,7.21,0.0,49,2065
2025-09-16 19:00:00,12.72,0.0,61,1680
2025-09-16 20:00:00,12.07,0.0,53,1523
2025-09-16 21:00:00,9.71,0.0,0,1282
2025-09-16 22:00:00,11.37,0.0,0,1195
2025-09-16 23:00:00,8.22,0.35,70,784
2025-09-17 00:00:00,8.75,1.77,14,932
2025-09-17 01:00:00,6.79,0.0,0,998
2025-09-17 02:00:00,11.49,0.63,48,655
2025-09-17 03:00:00,6.69,0.0,23,791
2025-09-17 04:00:00,13.23,0.0,35,1332
2025-09-17 05:00:00,7.83,0.0,0,1360
2025-09-17 06:00:00,8.84,0.0,13,1668
2025-09-17 07:00:00,11.05,0.19,45,2168
2025-09-17 08:00:00,8.85,0.0,5,2203
2025-09-17 09:00:00,7.88,0.17,52,1783
2025-09-17 10:00:00,8.68,0.0,0,1588
2025-09-17 11:00:00,11.46,0.0,18,1492
2025-09-17 12:00:00,6.79,0.15,62,1278
2025-09-17 13:00:00,8.4,0.0,0,1454
2025-09-17 14:00:00,8.81,0.0,28,1491
2025-09-17 15:00:00,11.37,0.85,35,1730
2025-09-17 16:00:00,8.47,1.05,23,1968
2025-09-17 17:00:00,14.2,0.0,15,2002
2025-09-17 18:00:00,8.3,0.33,0,2094
2025-09-17 19:00:00,8.06,0.0,26,1914
2025-09-17 20:00:00,8.26,0.0,18,1804
2025-09-17 21:00:00,4.82,0.0,0,1436
2025-09-17 22:00:00,5.66,0.0,48,1293
2025-09-17 23:00:00,7.18,0.0,0,1280
2025-09-18 00:00:00,11.87,0.0,0,1241
2025-09-18 01:00:00,8.37,0.04,6,983
2025-09-18 02:00:00,7.01,1.96,0,800
2025-09-18 03:00:00,12.14,0.0,14,842
2025-09-18 04:00:00,13.12,1.94,0,1017
2025-09-18 05:00:00,12.23,0.59,32,1396
2025-09-18 06:00:00,5.91,1.78,55,1340
2025-09-18 07:00:00,6.98,0.0,23,1798
2025-09-18 08:00:00,13.91,0.0,0,2531
2025-09-18 09:00:00,9.19,0.0,0,2151
2025-09-18 10:00:00,7.66,0.0,26,1919
2025-09-18 11:00:00,10.62,1.07,0,1403
2025-09-18 12:00:00,11.49,0.32,0,1360
2025-09-18 13:00:00,6.75,0.0,0,1475
2025-09-18 14:00:00,9.12,0.0,24,1462
2025-09-18 15:00:00,11.24,2.64,75,1395
2025-09-18 16:00:00,4.98,0.0,0,2021
2025-09-18 17:00:00,8.5,2.01,41,1770
2025-09-18 18:00:00,5.12,0.0,7,2317
2025-09-18 19:00:00,5.51,0.31,0,1814
2025-09-18 20:00:00,6.78,0.0,60,1514
2025-09-18 21:00:00,9.9,0.0,75,1023
2025-09-18 22:00:00,7.5,0.0,31,1200
2025-09-18 23:00:00,6.52,0.0,30,918
2025-09-19 00:00:00,8.31,0.02,22,1123
2025-09-19 01:00:00,4.71,0.0,17,811
2025-09-19 02:00:00,9.44,0.42,29,1101
2025-09-19 03:00:00,11.55,0.0,38,1152
2025-09-19 04:00:00,7.92,0.78,62,870
2025-09-19 05:00:00,7.55,0.0,8,1565
2025-09-19 06:00:00,9.28,0.0,24,1868
2025-09-19 07:00:00,2.07,0.01,18,2017
2025-09-19 08:00:00,9.77,0.0,46,2016
2025-09-19 09:00:00,17.46,0.0,81,2169
2025-09-19 10:00:00,7.79,0.94,47,1534
2025-09-19 11:00:00,7.8,0.0,41,1311
2025-09-19 12:00:00,10.39,0.0,43,1114
2025-09-19 13:00:00,13.09,5.08,52,689
2025-09-19 14:00:00,11.08,1.2,81,1207
2025-09-19 15:00:00,1.69,0.0,0,1576
2025-09-19 16:00:00,9.85,1.03,36,1718
2025-09-19 17:00:00,15.87,0.0,0,2381
2025-09-19 18:00:00,10.02,0.56,44,1661
2025-09-19 19:00:00,4.69,0.0,34,1866
2025-09-19 20:00:00,9.0,0.0,7,1660
2025-09-19 21:00:00,4.31,2.52,0,930
2025-09-19 22:00:00,11.85,0.0,20,1316
2025-09-19 23:00:00,5.29,4.89,26,341
2025-09-20 00:00:00,8.07,0.0,19,732
2025-09-20 01:00:00,5.27,0.0,5,387
2025-09-20 02:00:00,6.21,0.0,0,379
2025-09-20 03:00:00,12.3,0.0,19,740
2025-09-20 04:00:00,8.16,0.31,0,847
2025-09-20 05:00:00,6.17,0.0,41,1006
2025-09-20 06:00:00,4.41,0.0,19,1103
2025-09-20 07:00:00,2.23,1.13,0,1262
2025-09-20 08:00:00,4.09,0.0,25,1550
2025-09-20 09:00:00,8.18,0.0,31,1373
2025-09-20 10:00:00,10.79,0.05,61,1215
2025-09-20 11:00:00,6.16,0.56,44,642
2025-09-20 12:00:00,12.56,0.0,0,660
2025-09-20 13:00:00,5.69,0.0,56,722
2025-09-20 14:00:00,7.13,0.0,0,1214
2025-09-20 15:00:00,4.61,0.0,21,1126
2025-09-20 16:00:00,10.82,2.67,39,1218
2025-09-20 17:00:00,14.14,0.0,57,1383
2025-09-20 18:00:00,2.56,0.0,68,1185
2025-09-20 19:00:00,6.81,0.0,52,1230
2025-09-20 20:00:00,11.64,0.33,17,1006
2025-09-20 21:00:00,3.5,0.0,35,736
2025-09-20 22:00:00,9.55,0.72,26,342
2025-09-20 23:00:00,11.51,0.19,3,898
2025-09-21 00:00:00,7.77,0.0,18,655
2025-09-21 01:00:00,9.19,0.3,65,430
2025-09-21 02:00:00,12.82,0.36,37,932
2025-09-21 03:00:00,13.38,0.0,72,573
2025-09-21 04:00:00,7.35,0.91,0,633
2025-09-21 05:00:00,5.94,0.0,11,795
2025-09-21 06:00:00,4.78,0.07,31,1254
2025-09-21 07:00:00,10.47,0.0,39,1610
2025-09-21 08:00:00,3.42,0.0,18,1632
2025-09-21 09:00:00,6.78,0.58,40,1467
2025-09-21 10:00:00,7.84,0.0,40,1052
2025-09-21 11:00:00,6.03,0.0,0,1187
2025-09-21 12:00:00,8.37,0.0,39,723
2025-09-21 13:00:00,15.23,0.0,47,741
2025-09-21 14:00:00,7.17,0.0,28,990
2025-09-21 15:00:00,6.23,0.0,0,1338
2025-09-21 16:00:00,10.58,0.0,14,1406
2025-09-21 17:00:00,8.25,0.0,31,1510
2025-09-21 18:00:00,11.85,0.49,0,1558
2025-09-21 19:00:00,8.03,0.04,43,1285
2025-09-21 20:00:00,6.79,0.0,39,1114
2025-09-21 21:00:00,2.18,2.16,24,524
2025-09-21 22:00:00,2.68,0.0,21,600
2025-09-21 23:00:00,2.03,0.0,25,411
2025-09-22 00:00:00,8.36,0.21,20,915
2025-09-22 01:00:00,3.14,0.0,0,842
2025-09-22 02:00:00,10.99,0.0,10,1011
2025-09-22 03:00:00,7.32,0.0,22,697
2025-09-22 04:00:00,6.49,0.0,56,808
2025-09-22 05:00:00,4.69,0.0,38,1335
2025-09-22 06:00:00,9.09,0.0,57,1409
2025-09-22 07:00:00,4.81,0.82,0,1903
2025-09-22 08:00:00,4.27,0.0,11,2026
2025-09-22 09:00:00,10.79,0.0,72,1848
2025-09-22 10:00:00,8.29,1.07,2,1620
2025-09-22 11:00:00,6.52,0.0,1,1367
2025-09-22 12:00:00,9.15,2.69,14,899
2025-09-22 13:00:00,7.25,0.0,71,1023
2025-09-22 14:00:00,8.37,0.0,4,1463
2025-09-22 15:00:00,4.78,0.0,34,1923
2025-09-22 16:00:00,13.44,0.0,30,2116
2025-09-22 17:00:00,5.49,0.0,0,2234
2025-09-22 18:00:00,11.89,0.0,20,2075
2025-09-22 19:00:00,6.66,0.0,7,1914
2025-09-22 20:00:00,9.65,0.0,37,1190
2025-09-22 21:00:00,9.43,2.01,64,1145
2025-09-22 22:00:00,10.67,0.0,12,1107
2025-09-22 23:00:00,4.7,2.85,12,467
2025-09-23 00:00:00,10.14,0.55,83,639
2025-09-23 01:00:00,12.46,0.88,2,910
2025-09-23 02:00:00,6.14,1.63,0,762
2025-09-23 03:00:00,7.02,0.35,55,895
2025-09-23 04:00:00,5.35,0.0,19,910
2025-09-23 05:00:00,5.88,0.59,27,1353
2025-09-23 06:00:00,12.05,0.0,76,1571
2025-09-23 07:00:00,3.9,0.0,0,1934
2025-09-23 08:00:00,4.09,0.0,15,2100
2025-09-23 09:00:00,11.75,0.0,0,2225
2025-09-23 10:00:00,8.79,0.0,29,1685
2025-09-23 11:00:00,13.28,1.33,6,1219
2025-09-23 12:00:00,5.56,0.78,0,979
2025-09-23 13:00:00,7.3,0.0,39,1414
2025-09-23 14:00:00,4.93,0.0,21,1649
2025-09-23 15:00:00,7.35,0.0,0,1925
2025-09-23 16:00:00,1.59,0.0,0,2051
2025-09-23 17:00:00,8.97,0.72,25,2422
2025-09-23 18:00:00,7.89,0.0,0,2189
2025-09-23 19:00:00,6.74,1.22,26,1691
2025-09-23 20:00:00,5.75,0.95,54,1304
2025-09-23 21:00:00,4.23,0.0,37,1250
2025-09-23 22:00:00,9.1,0.02,5,733
2025-09-23 23:00:00,3.4,0.0,27,1078
2025-09-24 00:00:00,8.14,0.0,0,812
2025-09-24 01:00:00,12.83,0.0,24,915
2025-09-24 02:00:00,11.06,0.0,12,827
2025-09-24 03:00:00,2.09,0.67,0,770
2025-09-24 04:00:00,5.0,0.0,36,990
2025-09-24 05:00:00,7.87,0.0,0,1511
2025-09-24 06:00:00,6.4,0.0,0,1892
2025-09-24 07:00:00,2.41,0.0,0,2264
2025-09-24 08:00:00,7.76,0.0,8,2216
2025-09-24 09:00:00,6.58,0.0,53,1919
2025-09-24 10:00:00,12.35,0.0,39,1832
2025-09-24 11:00:00,5.85,3.53,23,768
2025-09-24 12:00:00,10.11,0.0,22,1008
2025-09-24 13:00:00,2.81,0.0,20,1161
2025-09-24 14:00:00,3.52,1.14,54,1270
2025-09-24 15:00:00,8.77,0.0,0,1605
2025-09-24 16:00:00,9.86,0.0,39,2224
2025-09-24 17:00:00,3.73,0.0,7,2175
2025-09-24 18:00:00,6.68,0.0,33,2152
2025-09-24 19:00:00,2.46,0.0,33,1514
2025-09-24 20:00:00,6.06,0.12,39,1374
2025-09-24 21:00:00,9.12,0.9,60,1020
2025-09-24 22:00:00,5.3,0.53,0,1022
2025-09-24 23:00:00,5.86,0.24,45,900
2025-09-25 00:00:00,2.91,0.4,19,948
2025-09-25 01:00:00,4.35,0.0,9,932
2025-09-25 02:00:00,11.57,0.0,71,809
2025-09-25 03:00:00,6.52,0.0,38,1251
2025-09-25 04:00:00,3.29,0.18,10,1005
2025-09-25 05:00:00,5.35,0.9,44,1025
2025-09-25 06:00:00,1.51,0.0,19,1336
2025-09-25 07:00:00,3.26,0.0,9,1999
2025-09-25 08:00:00,10.38,0.0,5,2343
2025-09-25 09:00:00,5.87,0.62,28,1754
2025-09-25 10:00:00,11.97,0.36,5,1830
2025-09-25 11:00:00,6.01,1.79,24,1107
2025-09-25 12:00:00,6.19,0.0,42,795
2025-09-25 13:00:00,8.22,0.0,23,1376
2025-09-25 14:00:00,-1.72,0.0,70,1266
2025-09-25 15:00:00,6.91,1.3,20,1512
2025-09-25 16:00:00,6.15,0.0,54,2125
2025-09-25 17:00:00,10.76,0.04,45,2299
2025-09-25 18:00:00,9.19,0.15,58,1849
2025-09-25 19:00:00,2.9,0.0,69,1709
2025-09-25 20:00:00,10.02,0.46,0,1592
2025-09-25 21:00:00,5.51,0.0,27,1230
2025-09-25 22:00:00,3.58,0.0,17,981
2025-09-25 23:00:00,6.89,0.0,23,974
2025-09-26 00:00:00,5.38,0.0,10,1060
2025-09-26 01:00:00,10.61,0.0,7,1074
2025-09-26 02:00:00,7.01,0.0,0,717
2025-09-26 03:00:00,6.61,0.0,23,676
2025-09-26 04:00:00,8.69,1.74,43,610
2025-09-26 05:00:00,9.27,0.0,8,1201
2025-09-26 06:00:00,8.34,0.0,12,1611
2025-09-26 07:00:00,10.25,0.0,3,2041
2025-09-26 08:00:00,7.82,0.0,0,2209
2025-09-26 09:00:00,6.49,0.34,14,1980
2025-09-26 10:00:00,9.71,0.0,29,1697
2025-09-26 11:00:00,5.72,0.0,52,1411
2025-09-26 12:00:00,6.09,0.0,0,891
2025-09-26 13:00:00,11.15,0.0,19,1386
2025-09-26 14:00:00,10.86,0.0,50,1578
2025-09-26 15:00:00,5.97,0.0,0,1676
2025-09-26 16:00:00,4.63,0.0,52,2047
2025-09-26 17:00:00,10.38,0.0,9,2290
2025-09-26 18:00:00,8.39,0.0,38,2050
2025-09-26 19:00:00,6.94,0.0,15,1499
2025-09-26 20:00:00,5.02,0.0,32,1615
2025-09-26 21:00:00,6.99,0.0,60,1226
2025-09-26 22:00:00,5.93,0.0,17,1146
2025-09-26 23:00:00,4.0,0.0,45,432
2025-09-27 00:00:00,6.07,0.21,27,527
2025-09-27 01:00:00,6.48,0.0,0,488
2025-09-27 02:00:00,4.56,0.0,16,816
2025-09-27 03:00:00,8.39,0.0,15,568
2025-09-27 04:00:00,9.55,0.0,0,1054
2025-09-27 05:00:00,8.59,0.0,32,1061
2025-09-27 06:00:00,4.85,0.0,37,1129
2025-09-27 07:00:00,7.95,0.0,40,1527
2025-09-27 08:00:00,5.92,0.0,56,1273
2025-09-27 09:00:00,1.98,0.45,44,1110
2025-09-27 10:00:00,7.7,0.0,5,1333
2025-09-27 11:00:00,6.12,6.04,10,77
2025-09-27 12:00:00,13.46,0.0,41,638
2025-09-27 13:00:00,10.05,0.0,30,869
2025-09-27 14:00:00,7.82,0.0,20,953
2025-09-27 15:00:00,6.43,0.0,0,1557
2025-09-27 16:00:00,6.17,0.0,7,1552
2025-09-27 17:00:00,2.67,0.0,35,1319
2025-09-27 18:00:00,0.47,0.0,0,1231
2025-09-27 19:00:00,3.06,1.62,0,1098
2025-09-27 20:00:00,5.54,0.0,37,1173
2025-09-27 21:00:00,-0.63,0.0,7,841
2025-09-27 22:00:00,4.05,0.0,32,568
2025-09-27 23:00:00,4.94,0.0,59,391
2025-09-28 00:00:00,4.73,0.0,0,608
2025-09-28 01:00:00,3.39,0.0,0,687
2025-09-28 02:00:00,4.35,2.62,13,258
2025-09-28 03:00:00,10.55,0.39,3,873
2025-09-28 04:00:00,7.36,0.0,19,849
2025-09-28 05:00:00,3.69,1.41,33,714
2025-09-28 06:00:00,5.17,0.0,28,1191
2025-09-28 07:00:00,5.29,0.0,21,1173
2025-09-28 08:00:00,3.07,0.0,46,1312
2025-09-28 09:00:00,3.07,0.0,37,1157
2025-09-28 10:00:00,8.41,1.35,15,1086
2025-09-28 11:00:00,4.12,0.0,36,709
2025-09-28 12:00:00,2.09,0.18,0,725
2025-09-28 13:00:00,5.25,0.0,47,786
2025-09-28 14:00:00,5.73,1.44,21,954
2025-09-28 15:00:00,-0.54,1.45,0,849
2025-09-28 16:00:00,5.25,3.07,10,1118
2025-09-28 17:00:00,7.98,0.64,46,1230
2025-09-28 18:00:00,6.73,1.17,1,1188
2025-09-28 19:00:00,12.06,0.0,30,1299
2025-09-28 20:00:00,9.13,0.0,42,1218
2025-09-28 21:00:00,9.72,0.0,21,810
2025-09-28 22:00:00,13.78,0.0,0,661
2025-09-28 23:00:00,7.65,0.0,18,583
2025-09-29 00:00:00,5.56,0.12,0,884
2025-09-29 01:00:00,7.99,0.0,8,1236
2025-09-29 02:00:00,3.39,0.0,0,987
2025-09-29 03:00:00,5.39,0.0,19,860
2025-09-29 04:00:00,3.13,0.0,0,1062
2025-09-29 05:00:00,6.26,0.0,22,1538
2025-09-29 06:00:00,3.11,4.97,48,935
2025-09-29 07:00:00,3.01,0.0,50,1869
2025-09-29 08:00:00,6.31,0.0,0,2139
2025-09-29 09:00:00,4.66,0.0,3,2116
2025-09-29 10:00:00,-0.71,0.0,41,1449
2025-09-29 11:00:00,0.7,0.0,38,1325
2025-09-29 12:00:00,1.63,0.0,5,1199
2025-09-29 13:00:00,2.42,0.0,8,1317
2025-09-29 14:00:00,6.31,0.0,22,1487
2025-09-29 15:00:00,5.73,0.0,0,1653
2025-09-29 16:00:00,8.27,0.0,33,2032
2025-09-29 17:00:00,7.33,0.83,47,1924
2025-09-29 18:00:00,8.29,0.0,10,2001
2025-09-29 19:00:00,6.89,1.1,0,1701
2025-09-29 20:00:00,5.7,0.0,55,1510
2025-09-29 21:00:00,8.37,0.0,25,1198
2025-09-29 22:00:00,7.83,0.0,38,884
2025-09-29 23:00:00,6.2,0.11,0,882
2025-09-30 00:00:00,8.58,2.2,0,970
2025-09-30 01:00:00,-2.27,1.47,30,676
2025-09-30 02:00:00,3.89,1.22,46,568
2025-09-30 03:00:00,3.85,0.0,0,1160
2025-09-30 04:00:00,8.22,0.0,17,1089
2025-09-30 05:00:00,9.48,0.0,0,1729
2025-09-30 06:00:00,0.41,0.0,2,1654
2025-09-30 07:00:00,9.0,0.0,14,2143
2025-09-30 08:00:00,1.25,0.0,32,2172
2025-09-30 09:00:00,1.34,0.0,0,2184
2025-09-30 10:00:00,4.06,0.0,53,1509
2025-09-30 11:00:00,3.81,0.0,16,1490
2025-09-30 12:00:00,0.09,0.0,52,844
2025-09-30 13:00:00,6.71,0.0,37,1186
2025-09-30 14:00:00,6.8,0.0,41,1489
2025-09-30 15:00:00,7.93,0.0,71,1870
2025-09-30 16:00:00,3.46,0.0,0,2011
2025-09-30 17:00:00,4.65,0.0,23,2355
2025-09-30 18:00:00,4.67,1.2,0,2118
2025-09-30 19:00:00,9.83,0.05,17,1875
2025-09-30 20:00:00,-3.74,0.28,38,1167
2025-09-30 21:00:00,1.89,0.0,48,1283
2025-09-30 22:00:00,4.78,4.01,10,311
2025-09-30 23:00:00,1.51,0.16,0,1044
2025-10-01 00:00:00,3.68,0.0,22,752
2025-10-01 01:00:00,4.08,0.08,0,1085
2025-10-01 02:00:00,2.49,0.0,6,701
2025-10-01 03:00:00,4.65,0.0,37,812
2025-10-01 04:00:00,6.34,0.23,32,1084
2025-10-01 05:00:00,3.75,0.0,41,1308
2025-10-01 06:00:00,3.1,0.19,12,1504
2025-10-01 07:00:00,3.96,0.0,45,1850
2025-10-01 08:00:00,4.44,0.0,20,2229
2025-10-01 09:00:00,-0.76,0.08,13,2022
2025-10-01 10:00:00,5.84,2.14,0,1374
2025-10-01 11:00:00,3.11,0.0,0,1211
2025-10-01 12:00:00,8.24,0.0,0,951
2025-10-01 13:00:00,6.23,0.24,25,1242
2025-10-01 14:00:00,7.97,0.0,0,1680
2025-10-01 15:00:00,1.43,0.06,0,1773
2025-10-01 16:00:00,3.35,0.0,10,1878
2025-10-01 17:00:00,0.73,0.0,27,2277
2025-10-01 18:00:00,2.34,0.0,30,1657
2025-10-01 19:00:00,8.22,0.0,19,1945
2025-10-01 20:00:00,8.92,1.09,18,1443
2025-10-01 21:00:00,1.02,0.52,7,1198
2025-10-01 22:00:00,3.09,0.0,36,884
2025-10-01 23:00:00,4.23,0.0,16,934
2025-10-02 00:00:00,5.91,0.0,18,949
2025-10-02 01:00:00,-1.12,0.0,46,737
2025-10-02 02:00:00,-0.65,0.0,40,528
2025-10-02 03:00:00,5.63,3.07,15,833
2025-10-02 04:00:00,-1.69,0.0,12,1061
2025-10-02 05:00:00,2.82,0.0,12,1273
2025-10-02 06:00:00,4.64,0.0,0,1675
2025-10-02 07:00:00,5.4,0.7,47,2065
2025-10-02 08:00:00,3.73,0.0,3,2016
2025-10-02 09:00:00,3.06,2.69,41,1433
2025-10-02 10:00:00,6.69,0.0,21,1769
2025-10-02 11:00:00,5.01,1.17,55,1140
2025-10-02 12:00:00,2.22,0.0,33,845
2025-10-02 13:00:00,4.27,0.0,43,1324
2025-10-02 14:00:00,5.31,0.0,5,1557
2025-10-02 15:00:00,9.31,1.92,0,1521
2025-10-02 16:00:00,6.52,0.09,24,2085
2025-10-02 17:00:00,7.8,0.0,0,2235
2025-10-02 18:00:00,2.32,0.0,8,1983
2025-10-02 19:00:00,2.58,0.0,0,1830
2025-10-02 20:00:00,3.45,0.0,0,1586
2025-10-02 21:00:00,3.73,0.0,35,1307
2025-10-02 22:00:00,1.13,0.0,33,985
2025-10-02 23:00:00,7.95,0.0,16,973
2025-10-03 00:00:00,6.5,0.0,28,930
2025-10-03 01:00:00,2.94,0.0,7,1055
2025-10-03 02:00:00,5.78,0.0,81,882
2025-10-03 03:00:00,4.52,0.0,28,875
2025-10-03 04:00:00,6.01,0.0,5,1107
2025-10-03 05:00:00,-0.18,0.24,42,1367
2025-10-03 06:00:00,3.42,0.0,51,1646
2025-10-03 07:00:00,3.68,0.0,1,2002
2025-10-03 08:00:00,5.73,0.0,0,2316
2025-10-03 09:00:00,1.97,0.82,0,1782
2025-10-03 10:00:00,-3.65,0.0,3,1577
2025-10-03 11:00:00,0.61,0.0,19,1484
2025-10-03 12:00:00,3.67,0.0,0,1166
2025-10-03 13:00:00,4.05,0.26,10,1430
2025-10-03 14:00:00,8.91,0.0,15,1539
2025-10-03 15:00:00,5.6,0.0,28,1698
2025-10-03 16:00:00,4.1,0.71,35,2045
2025-10-03 17:00:00,3.76,0.0,30,1810
2025-10-03 18:00:00,7.17,0.0,65,1980
2025-10-03 19:00:00,2.08,0.0,47,1818
2025-10-03 20:00:00,3.43,0.0,26,1526
2025-10-03 21:00:00,0.59,0.36,0,864
2025-10-03 22:00:00,8.11,0.0,3,946
2025-10-03 23:00:00,5.03,0.0,0,983
2025-10-04 00:00:00,1.43,1.89,24,395
2025-10-04 01:00:00,3.21,0.0,28,647
2025-10-04 02:00:00,5.08,0.0,42,581
2025-10-04 03:00:00,2.8,0.0,27,708
2025-10-04 04:00:00,1.95,0.0,46,691
2025-10-04 05:00:00,1.59,0.5,47,702
2025-10-04 06:00:00,4.57,0.0,0,1226
2025-10-04 07:00:00,2.48,0.0,7,1243
2025-10-04 08:00:00,2.19,0.0,20,1490
2025-10-04 09:00:00,-0.45,0.0,2,1180
2025-10-04 10:00:00,3.79,0.0,14,1180
2025-10-04 11:00:00,3.01,0.0,28,904
2025-10-04 12:00:00,2.59,0.0,17,656
2025-10-04 13:00:00,4.15,0.29,20,888
2025-10-04 14:00:00,5.8,0.0,0,1286
2025-10-04 15:00:00,5.66,1.16,33,919
2025-10-04 16:00:00,5.21,4.77,31,922
2025-10-04 17:00:00,2.83,0.32,1,1562
2025-10-04 18:00:00,1.85,0.0,0,1343
2025-10-04 19:00:00,0.42,0.0,51,1198
2025-10-04 20:00:00,1.77,0.0,64,847
2025-10-04 21:00:00,3.61,0.99,26,870
2025-10-04 22:00:00,1.19,0.0,11,306
2025-10-04 23:00:00,3.84,0.0,46,795
2025-10-05 00:00:00,0.36,0.0,32,368
2025-10-05 01:00:00,-1.73,0.0,15,540
2025-10-05 02:00:00,5.71,0.0,44,474
2025-10-05 03:00:00,1.83,0.0,0,855
2025-10-05 04:00:00,0.74,0.0,3,667
2025-10-05 05:00:00,-0.03,0.0,29,715
2025-10-05 06:00:00,4.52,0.0,23,1261
2025-10-05 07:00:00,7.38,0.0,36,1452
2025-10-05 08:00:00,2.04,1.52,50,1109
2025-10-05 09:00:00,2.61,0.0,0,1211
2025-10-05 10:00:00,6.47,0.97,21,863
2025-10-05 11:00:00,-2.18,1.32,68,702
2025-10-05 12:00:00,9.15,0.0,5,879
2025-10-05 13:00:00,10.59,0.0,2,990
2025-10-05 14:00:00,-4.86,0.0,0,979
2025-10-05 15:00:00,2.96,0.77,23,815
2025-10-05 16:00:00,1.1,0.0,35,1246
2025-10-05 17:00:00,2.46,0.0,35,1334
2025-10-05 18:00:00,2.0,0.0,0,1511
2025-10-05 19:00:00,5.69,0.0,20,1021
2025-10-05 20:00:00,2.92,0.13,26,1108
2025-10-05 21:00:00,0.52,0.0,21,1027
2025-10-05 22:00:00,2.74,0.0,0,494
2025-10-05 23:00:00,4.8,0.0,22,658
2025-10-06 00:00:00,-0.6,0.99,0,798
2025-10-06 01:00:00,-1.98,0.0,0,950
2025-10-06 02:00:00,8.93,0.0,37,625
2025-10-06 03:00:00,1.03,0.43,24,872
2025-10-06 04:00:00,2.54,0.0,35,957
2025-10-06 05:00:00,1.76,0.0,7,1223
2025-10-06 06:00:00,4.6,3.37,36,1474
2025-10-06 07:00:00,8.27,0.0,46,1930
2025-10-06 08:00:00,4.7,0.0,64,2075
2025-10-06 09:00:00,-1.6,0.0,40,1805
2025-10-06 10:00:00,-1.2,0.0,30,1548
2025-10-06 11:00:00,1.76,0.83,0,1254
2025-10-06 12:00:00,2.15,0.19,17,1119
2025-10-06 13:00:00,-2.21,0.0,0,1051
2025-10-06 14:00:00,5.41,0.0,0,1549
2025-10-06 15:00:00,-0.3,0.0,69,1621
2025-10-06 16:00:00,7.44,0.0,0,1857
2025-10-06 17:00:00,8.42,0.0,0,2063
2025-10-06 18:00:00,2.21,0.0,40,2054
2025-10-06 19:00:00,4.27,0.0,3,1730
2025-10-06 20:00:00,-0.74,0.0,39,1722
2025-10-06 21:00:00,4.83,0.61,0,1327
2025-10-06 22:00:00,1.46,0.8,9,989
2025-10-06 23:00:00,-0.31,0.0,50,1030
2025-10-07 00:00:00,1.79,0.23,0,962
2025-10-07 01:00:00,1.26,0.93,16,759
2025-10-07 02:00:00,1.68,0.0,27,641
2025-10-07 03:00:00,5.51,0.0,2,1080
2025-10-07 04:00:00,0.3,0.55,26,1101
2025-10-07 05:00:00,7.86,0.0,21,1243
2025-10-07 06:00:00,-1.32,0.0,34,1249
2025-10-07 07:00:00,7.51,0.0,66,1758
2025-10-07 08:00:00,-0.39,0.0,87,2136
2025-10-07 09:00:00,2.66,3.87,32,1450
2025-10-07 10:00:00,1.19,3.67,17,1339
2025-10-07 11:00:00,1.63,0.04,31,1209
2025-10-07 12:00:00,5.06,0.0,14,997
2025-10-07 13:00:00,7.16,2.56,0,1292
2025-10-07 14:00:00,6.23,0.0,19,1450
2025-10-07 15:00:00,1.44,0.0,47,1630
2025-10-07 16:00:00,3.21,0.0,0,2089
2025-10-07 17:00:00,0.31,0.0,0,2034
2025-10-07 18:00:00,-0.32,0.0,6,2070
2025-10-07 19:00:00,-0.78,0.46,29,1674
2025-10-07 20:00:00,1.35,0.0,80,1375
2025-10-07 21:00:00,3.41,0.0,0,1158
2025-10-07 22:00:00,-3.08,1.15,22,558
2025-10-07 23:00:00,2.52,0.0,20,804
2025-10-08 00:00:00,6.91,0.16,13,810
2025-10-08 01:00:00,5.73,0.0,19,946
2025-10-08 02:00:00,0.61,0.0,9,746
2025-10-08 03:00:00,-1.83,0.0,89,498
2025-10-08 04:00:00,3.74,0.0,39,837
2025-10-08 05:00:00,-4.59,0.0,9,1217
2025-10-08 06:00:00,5.69,0.24,50,1646
2025-10-08 07:00:00,1.72,0.0,27,1829
2025-10-08 08:00:00,7.86,0.0,22,2088
2025-10-08 09:00:00,-2.82,0.0,16,1940
2025-10-08 10:00:00,5.12,0.0,14,1664
2025-10-08 11:00:00,2.06,0.0,0,1446
2025-10-08 12:00:00,1.37,0.18,0,997
2025-10-08 13:00:00,-1.75,0.0,30,991
2025-10-08 14:00:00,4.15,0.0,15,1630
2025-10-08 15:00:00,4.39,0.0,42,1675
2025-10-08 16:00:00,7.72,0.0,0,1982
2025-10-08 17:00:00,5.39,0.0,0,2276
2025-10-08 18:00:00,0.58,0.0,40,2109
2025-10-08 19:00:00,-0.65,0.0,13,1728
2025-10-08 20:00:00,-1.74,0.15,42,1178
2025-10-08 21:00:00,6.78,0.0,21,1467
2025-10-08 22:00:00,0.03,1.52,67,756
2025-10-08 23:00:00,6.8,0.45,39,924
2025-10-09 00:00:00,3.65,0.0,31,792
2025-10-09 01:00:00,3.06,0.0,40,981
2025-10-09 02:00:00,1.15,0.49,13,644
2025-10-09 03:00:00,4.05,0.0,0,801
2025-10-09 04:00:00,2.02,0.12,29,1242
2025-10-09 05:00:00,0.96,0.86,69,902
2025-10-09 06:00:00,4.16,0.0,0,1789
2025-10-09 07:00:00,1.64,0.0,32,2081
2025-10-09 08:00:00,-0.32,0.0,0,2095
2025-10-09 09:00:00,3.87,0.0,20,1823
2025-10-09 10:00:00,1.88,0.0,22,1664
2025-10-09 11:00:00,3.54,0.92,39,1309
2025-10-09 12:00:00,0.71,0.0,26,1027
2025-10-09 13:00:00,-1.56,0.0,55,956
2025-10-09 14:00:00,7.28,0.9,49,1391
2025-10-09 15:00:00,6.71,0.0,15,1613
2025-10-09 16:00:00,4.72,0.0,48,1816
2025-10-09 17:00:00,0.91,0.45,12,1969
2025-10-09 18:00:00,1.17,0.94,8,1873
2025-10-09 19:00:00,6.22,0.0,0,1662
2025-10-09 20:00:00,1.01,0.0,53,1390
2025-10-09 21:00:00,0.17,0.0,13,1243
2025-10-09 22:00:00,7.69,0.0,0,1105
2025-10-09 23:00:00,1.93,3.53,34,159
2025-10-10 00:00:00,7.08,0.37,10,913
2025-10-10 01:00:00,-2.42,0.0,13,1050
2025-10-10 02:00:00,3.33,0.0,15,954
2025-10-10 03:00:00,7.99,0.0,12,1007
2025-10-10 04:00:00,1.87,0.0,89,818
2025-10-10 05:00:00,0.99,2.88,62,875
2025-10-10 06:00:00,-1.72,0.0,38,1520
2025-10-10 07:00:00,5.03,0.0,26,2049
2025-10-10 08:00:00,-0.53,0.0,49,1811
2025-10-10 09:00:00,1.49,0.0,26,1914
2025-10-10 10:00:00,-1.92,0.0,41,1417
2025-10-10 11:00:00,6.45,7.72,34,403
2025-10-10 12:00:00,5.24,0.0,24,779
2025-10-10 13:00:00,1.68,0.0,44,1075
2025-10-10 14:00:00,-1.68,2.7,10,1154
2025-10-10 15:00:00,6.39,0.53,22,1824
2025-10-10 16:00:00,0.68,0.0,0,1983
2025-10-10 17:00:00,-1.54,0.0,0,1744
2025-10-10 18:00:00,-3.51,1.5,0,1833
2025-10-10 19:00:00,-0.16,0.0,32,1893
2025-10-10 20:00:00,-2.58,1.99,39,974
2025-10-10 21:00:00,-0.09,0.0,48,1037
2025-10-10 22:00:00,4.01,0.0,0,1193
2025-10-10 23:00:00,0.65,0.0,31,987
2025-10-11 00:00:00,2.56,0.0,20,733
2025-10-11 01:00:00,-0.68,0.0,39,637
2025-10-11 02:00:00,1.68,0.0,4,393
2025-10-11 03:00:00,7.25,0.0,12,635
2025-10-11 04:00:00,0.44,0.0,0,788
2025-10-11 05:00:00,2.64,0.0,3,872
2025-10-11 06:00:00,-3.21,0.73,21,958
2025-10-11 07:00:00,6.05,0.13,25,1318
2025-10-11 08:00:00,0.06,0.0,0,1347
2025-10-11 09:00:00,4.64,0.0,8,1331
2025-10-11 10:00:00,1.12,0.0,24,893
2025-10-11 11:00:00,3.32,0.0,56,687
2025-10-11 12:00:00,3.5,0.0,0,736
2025-10-11 13:00:00,0.13,0.0,33,741
2025-10-11 14:00:00,4.76,0.12,6,1107
2025-10-11 15:00:00,-0.79,1.07,9,982
2025-10-11 16:00:00,3.82,0.0,0,1636
2025-10-11 17:00:00,0.32,0.0,0,1585
2025-10-11 18:00:00,2.54,0.0,9,1295
2025-10-11 19:00:00,0.1,0.0,47,1117
2025-10-11 20:00:00,1.64,0.0,2,1175
2025-10-11 21:00:00,-1.73,0.0,0,695
2025-10-11 22:00:00,2.23,0.0,26,571
2025-10-11 23:00:00,1.62,0.4,21,745
2025-10-12 00:00:00,-0.42,0.03,19,631
2025-10-12 01:00:00,1.04,0.0,27,695
2025-10-12 02:00:00,1.6,0.0,0,659
2025-10-12 03:00:00,-0.65,0.0,0,572
2025-10-12 04:00:00,0.81,0.0,45,427
2025-10-12 05:00:00,-1.82,2.96,17,453
2025-10-12 06:00:00,8.24,0.0,35,1308
2025-10-12 07:00:00,4.38,0.63,51,1372
2025-10-12 08:00:00,2.02,0.0,42,1504
2025-10-12 09:00:00,4.72,0.0,0,1491
2025-10-12 10:00:00,-4.74,1.54,18,1101
2025-10-12 11:00:00,-6.47,0.0,47,442
2025-10-12 12:00:00,0.0,0.0,34,658
2025-10-12 13:00:00,-2.93,0.0,25,586
2025-10-12 14:00:00,0.49,0.03,0,1205
2025-10-12 15:00:00,1.82,0.0,5,1121
2025-10-12 16:00:00,3.96,0.1,22,1488
2025-10-12 17:00:00,-2.21,0.0,0,1311
2025-10-12 18:00:00,2.4,0.0,40,1358
2025-10-12 19:00:00,1.24,1.59,18,959
2025-10-12 20:00:00,2.24,0.37,0,971
2025-10-12 21:00:00,-0.36,0.05,6,833
2025-10-12 22:00:00,5.35,0.7,13,792
2025-10-12 23:00:00,0.89,0.27,17,559
2025-10-13 00:00:00,6.24,0.0,56,961
2025-10-13 01:00:00,-1.46,0.21,35,886
2025-10-13 02:00:00,3.14,0.0,0,857
2025-10-13 03:00:00,0.74,0.0,0,1183
2025-10-13 04:00:00,-0.07,0.0,14,1095
2025-10-13 05:00:00,2.81,0.0,24,1184
2025-10-13 06:00:00,0.02,1.8,45,1372
2025-10-13 07:00:00,-7.07,0.09,64,1828
2025-10-13 08:00:00,-8.27,0.0,65,1898
2025-10-13 09:00:00,4.73,1.1,10,1875
2025-10-13 10:00:00,4.61,2.0,44,849
2025-10-13 11:00:00,6.58,0.0,31,1150
2025-10-13 12:00:00,0.86,0.0,0,1127
2025-10-13 13:00:00,-2.96,0.0,0,1010
2025-10-13 14:00:00,-0.34,0.7,24,1381
2025-10-13 15:00:00,0.95,0.0,0,1875
2025-10-13 16:00:00,-2.11,2.72,0,1602
2025-10-13 17:00:00,5.86,1.74,4,1695
2025-10-13 18:00:00,7.63,0.02,26,1933
2025-10-13 19:00:00,2.35,0.63,53,1687
2025-10-13 20:00:00,0.88,0.0,21,1594
2025-10-13 21:00:00,-2.97,0.0,7,842
2025-10-13 22:00:00,5.55,3.01,0,753
2025-10-13 23:00:00,1.14,0.0,32,671
2025-10-14 00:00:00,-0.24,0.0,21,822
2025-10-14 01:00:00,2.08,0.0,7,853
2025-10-14 02:00:00,-1.13,0.0,50,1082
2025-10-14 03:00:00,1.07,0.0,0,849
2025-10-14 04:00:00,-3.7,0.0,4,1104
2025-10-14 05:00:00,3.89,0.11,15,1407
2025-10-14 06:00:00,0.32,0.0,7,1556
2025-10-14 07:00:00,4.11,0.0,35,1936
2025-10-14 08:00:00,0.03,0.0,32,2006
2025-10-14 09:00:00,0.22,0.0,47,1732
2025-10-14 10:00:00,-3.01,0.44,33,1311
2025-10-14 11:00:00,2.91,0.0,18,1200
2025-10-14 12:00:00,-2.0,0.99,12,687
2025-10-14 13:00:00,-0.83,0.01,32,1045
2025-10-14 14:00:00,0.63,0.53,16,1333
2025-10-14 15:00:00,1.0,0.66,22,1651
2025-10-14 16:00:00,-4.49,3.08,34,1534
2025-10-14 17:00:00,-0.06,0.0,24,1993
2025-10-14 18:00:00,3.02,1.59,28,1666
2025-10-14 19:00:00,-0.5,0.0,1,1787
2025-10-14 20:00:00,-0.04,0.0,55,1447
2025-10-14 21:00:00,1.12,0.0,0,1142
2025-10-14 22:00:00,0.25,2.02,32,579
2025-10-14 23:00:00,-2.46,0.0,9,807
2025-10-15 00:00:00,0.24,0.0,48,738
2025-10-15 01:00:00,3.33,0.0,43,982
2025-10-15 02:00:00,-2.8,0.29,21,847
2025-10-15 03:00:00,-0.77,0.0,60,777
2025-10-15 04:00:00,-3.79,0.0,16,1196
2025-10-15 05:00:00,3.17,0.3,43,1170
2025-10-15 06:00:00,0.07,0.86,3,1683
2025-10-15 07:00:00,-2.2,0.76,31,1912
2025-10-15 08:00:00,0.63,2.21,0,1976
2025-10-15 09:00:00,-3.26,0.0,21,1881
2025-10-15 10:00:00,-2.75,0.33,20,1488
2025-10-15 11:00:00,-4.03,0.87,43,999
2025-10-15 12:00:00,-2.85,0.93,4,976
2025-10-15 13:00:00,4.42,0.1,98,941
2025-10-15 14:00:00,-1.85,0.0,0,1382
2025-10-15 15:00:00,1.75,0.0,27,1943
2025-10-15 16:00:00,-2.16,0.0,28,1975
2025-10-15 17:00:00,2.63,0.0,34,2174
2025-10-15 18:00:00,-2.73,0.0,8,1749
2025-10-15 19:00:00,0.47,0.0,27,1630
2025-10-15 20:00:00,0.51,0.04,7,1482
2025-10-15 21:00:00,7.33,0.0,68,1162
2025-10-15 22:00:00,2.24,0.76,5,781
2025-10-15 23:00:00,-1.43,2.06,17,727
2025-10-16 00:00:00,2.13,0.0,4,1029
2025-10-16 01:00:00,6.49,0.0,1,913
2025-10-16 02:00:00,-4.82,1.04,0,783
2025-10-16 03:00:00,-2.46,0.0,38,1080
2025-10-16 04:00:00,-0.64,0.0,4,1215
2025-10-16 05:00:00,-1.18,0.15,1,1178
2025-10-16 06:00:00,-0.93,0.0,0,1424
2025-10-16 07:00:00,-3.84,0.0,29,1845
2025-10-16 08:00:00,4.28,0.14,22,2403
2025-10-16 09:00:00,-4.2,0.9,22,1900
2025-10-16 10:00:00,-0.53,0.0,2,1579
2025-10-16 11:00:00,3.21,0.58,32,1383
2025-10-16 12:00:00,-0.02,0.98,4,1057
2025-10-16 13:00:00,-2.87,0.26,23,808
2025-10-16 14:00:00,-3.98,1.49,18,1322
2025-10-16 15:00:00,-0.62,0.89,0,1638
2025-10-16 16:00:00,-2.2,0.56,72,1612
2025-10-16 17:00:00,0.69,0.0,35,2022
2025-10-16 18:00:00,-4.13,0.98,26,1804
2025-10-16 19:00:00,2.51,0.47,29,1549
2025-10-16 20:00:00,0.42,0.0,72,1291
2025-10-16 21:00:00,0.64,0.0,49,1057
2025-10-16 22:00:00,4.39,0.0,30,1137
2025-10-16 23:00:00,-1.24,0.0,3,856
2025-10-17 00:00:00,-2.38,0.0,7,567
2025-10-17 01:00:00,-1.85,0.0,0,767
2025-10-17 02:00:00,-0.78,0.0,12,700
2025-10-17 03:00:00,-0.48,0.0,38,645
2025-10-17 04:00:00,-2.7,0.0,37,1070
2025-10-17 05:00:00,-6.28,0.0,37,1195
2025-10-17 06:00:00,-1.89,0.0,8,1412
2025-10-17 07:00:00,0.87,0.55,35,1626
2025-10-17 08:00:00,0.2,0.0,42,1975
2025-10-17 09:00:00,3.39,2.32,0,1515
2025-10-17 10:00:00,5.66,4.33,29,1066
2025-10-17 11:00:00,2.07,0.0,73,1144
2025-10-17 12:00:00,3.94,0.0,14,1093
2025-10-17 13:00:00,2.09,0.0,0,1272
2025-10-17 14:00:00,4.92,0.07,1,1401
2025-10-17 15:00:00,5.35,0.0,0,1827
2025-10-17 16:00:00,2.65,0.0,5,2185
2025-10-17 17:00:00,1.91,2.79,0,1470
2025-10-17 18:00:00,-0.82,0.0,44,1921
2025-10-17 19:00:00,-0.33,0.0,41,1486
2025-10-17 20:00:00,-1.22,0.0,30,1565
2025-10-17 21:00:00,1.66,0.04,52,1224
2025-10-17 22:00:00,-2.37,0.25,7,1049
2025-10-17 23:00:00,-0.78,0.0,23,746
2025-10-18 00:00:00,-7.55,0.0,76,353
2025-10-18 01:00:00,4.69,0.0,36,634
2025-10-18 02:00:00,-1.14,0.0,36,170
2025-10-18 03:00:00,0.89,1.69,2,444
2025-10-18 04:00:00,3.89,0.12,11,801
2025-10-18 05:00:00,0.42,0.34,0,617
2025-10-18 06:00:00,3.85,0.0,63,1098
2025-10-18 07:00:00,-4.21,0.0,0,1261
2025-10-18 08:00:00,6.71,0.0,44,1613
2025-10-18 09:00:00,2.78,0.0,36,1223
2025-10-18 10:00:00,0.15,0.0,0,1110
2025-10-18 11:00:00,3.79,0.0,50,855
2025-10-18 12:00:00,-3.99,0.47,15,155
2025-10-18 13:00:00,-1.35,0.0,0,741
2025-10-18 14:00:00,3.85,0.0,30,993
2025-10-18 15:00:00,-6.08,0.02,1,756
2025-10-18 16:00:00,1.2,0.0,16,1424
2025-10-18 17:00:00,1.12,0.0,9,1419
2025-10-18 18:00:00,5.43,0.0,0,1437
2025-10-18 19:00:00,-5.23,0.0,0,1204
2025-10-18 20:00:00,4.35,0.0,41,909
2025-10-18 21:00:00,-2.16,0.0,29,726
2025-10-18 22:00:00,-1.82,1.1,28,600
2025-10-18 23:00:00,-4.15,1.02,12,427
2025-10-19 00:00:00,-4.02,0.0,23,218
2025-10-19 01:00:00,0.46,0.0,3,591
2025-10-19 02:00:00,-4.09,1.51,3,351
2025-10-19 03:00:00,1.47,0.03,64,634
2025-10-19 04:00:00,-2.74,2.82,44,178
2025-10-19 05:00:00,-4.39,0.32,7,594
2025-10-19 06:00:00,-2.34,0.0,0,911
2025-10-19 07:00:00,0.26,0.01,0,1515
2025-10-19 08:00:00,-1.58,0.71,6,1328
2025-10-19 09:00:00,-0.65,0.0,24,1447
2025-10-19 10:00:00,1.34,0.21,24,1244
2025-10-19 11:00:00,2.49,0.0,25,733
2025-10-19 12:00:00,-1.68,0.0,30,494
2025-10-19 13:00:00,-3.89,0.0,0,735
2025-10-19 14:00:00,-0.52,0.0,59,943
2025-10-19 15:00:00,0.66,1.09,17,831
2025-10-19 16:00:00,-5.14,0.0,29,1273
2025-10-19 17:00:00,-3.42,0.31,5,1366
2025-10-19 18:00:00,-2.91,2.43,29,793
2025-10-19 19:00:00,-1.38,0.74,73,772
2025-10-19 20:00:00,-3.04,0.37,0,956
2025-10-19 21:00:00,1.37,0.0,0,1122
2025-10-19 22:00:00,-5.57,0.0,0,568
2025-10-19 23:00:00,-5.49,0.29,13,531
2025-10-20 00:00:00,-2.02,0.0,9,723
2025-10-20 01:00:00,-1.55,0.0,0,868
2025-10-20 02:00:00,-5.39,0.32,20,621
2025-10-20 03:00:00,-2.84,0.0,61,708
2025-10-20 04:00:00,-2.23,0.93,18,1181
2025-10-20 05:00:00,-2.2,0.0,19,1193
2025-10-20 06:00:00,-0.57,0.0,30,1304
2025-10-20 07:00:00,-3.01,0.0,38,1896
2025-10-20 08:00:00,3.41,1.17,56,2027
2025-10-20 09:00:00,0.44,0.0,28,1973
2025-10-20 10:00:00,-3.44,0.0,22,1472
2025-10-20 11:00:00,-0.74,0.0,0,1110
2025-10-20 12:00:00,-0.65,0.0,40,804
2025-10-20 13:00:00,2.62,0.0,1,1205
2025-10-20 14:00:00,-2.82,0.0,0,1353
2025-10-20 15:00:00,1.28,1.06,26,1498
2025-10-20 16:00:00,-0.9,0.0,60,2013
2025-10-20 17:00:00,3.45,0.0,40,2171
2025-10-20 18:00:00,2.85,0.29,21,2120
2025-10-20 19:00:00,-0.43,0.0,0,1620
2025-10-20 20:00:00,-1.81,0.0,60,1171
2025-10-20 21:00:00,0.5,0.83,20,1071
2025-10-20 22:00:00,-1.56,0.0,14,1025
2025-10-20 23:00:00,4.02,0.0,36,922
2025-10-21 00:00:00,-1.05,0.0,11,867
2025-10-21 01:00:00,-2.51,0.35,3,994
2025-10-21 02:00:00,-2.67,0.0,5,787
2025-10-21 03:00:00,-4.93,0.0,5,937
2025-10-21 04:00:00,0.38,0.0,0,1098
2025-10-21 05:00:00,-3.75,0.0,0,1207
2025-10-21 06:00:00,2.01,0.0,46,1636
2025-10-21 07:00:00,-5.17,0.0,39,1665
2025-10-21 08:00:00,-0.91,0.0,1,1918
2025-10-21 09:00:00,2.16,0.9,44,1824
2025-10-21 10:00:00,-7.75,0.0,30,1187
2025-10-21 11:00:00,4.77,0.0,14,1365
2025-10-21 12:00:00,-2.56,0.0,0,823
2025-10-21 13:00:00,-0.87,0.0,30,1332
2025-10-21 14:00:00,0.43,0.0,68,1260
2025-10-21 15:00:00,0.89,0.0,22,1910
2025-10-21 16:00:00,-0.47,0.63,47,1770
2025-10-21 17:00:00,1.7,0.0,17,2027
2025-10-21 18:00:00,0.27,0.0,45,2012
2025-10-21 19:00:00,3.99,0.26,18,1771
2025-10-21 20:00:00,0.28,0.0,0,1441
2025-10-21 21:00:00,4.6,0.0,4,1198
2025-10-21 22:00:00,1.41,0.0,25,935
2025-10-21 23:00:00,-6.71,1.78,49,841
2025-10-22 00:00:00,6.28,2.49,18,380
2025-10-22 01:00:00,-3.28,0.71,23,510
2025-10-22 02:00:00,2.93,0.0,7,1063
2025-10-22 03:00:00,-1.47,0.0,61,919
2025-10-22 04:00:00,1.63,0.0,60,796
2025-10-22 05:00:00,-3.62,0.0,5,940
2025-10-22 06:00:00,0.32,0.0,0,1775
2025-10-22 07:00:00,-2.31,2.24,0,1477
2025-10-22 08:00:00,3.18,0.0,37,1975
2025-10-22 09:00:00,-0.24,0.95,25,1773
2025-10-22 10:00:00,1.25,0.0,2,1456
2025-10-22 11:00:00,-8.05,0.0,29,1201
2025-10-22 12:00:00,-1.81,0.0,0,995
2025-10-22 13:00:00,-0.32,0.0,42,981
2025-10-22 14:00:00,-0.88,0.0,12,1297
2025-10-22 15:00:00,1.33,0.0,0,1939
2025-10-22 16:00:00,-2.65,0.0,13,1872
2025-10-22 17:00:00,-1.41,0.0,12,2111
2025-10-22 18:00:00,1.99,0.97,31,1827
2025-10-22 19:00:00,-8.39,0.0,51,1264
2025-10-22 20:00:00,0.21,0.0,50,1455
2025-10-22 21:00:00,-2.55,0.0,26,1253
2025-10-22 22:00:00,-4.29,0.24,17,1150
2025-10-22 23:00:00,-0.54,0.08,8,624
2025-10-23 00:00:00,1.87,0.0,0,441
2025-10-23 01:00:00,1.3,0.0,22,923
2025-10-23 02:00:00,-2.22,0.14,1,732
2025-10-23 03:00:00,0.81,0.0,53,615
2025-10-23 04:00:00,0.79,1.55,17,826
2025-10-23 05:00:00,-2.08,0.0,41,1074
2025-10-23 06:00:00,-3.89,0.0,10,1335
2025-10-23 07:00:00,-3.72,2.68,5,1528
2025-10-23 08:00:00,0.7,0.95,37,1972
2025-10-23 09:00:00,-1.94,0.0,29,1864
2025-10-23 10:00:00,-4.95,0.73,30,1395
2025-10-23 11:00:00,-6.87,0.0,20,1169
2025-10-23 12:00:00,0.68,0.39,42,662
2025-10-23 13:00:00,-3.45,1.56,38,870
2025-10-23 14:00:00,-0.82,0.0,0,1468
2025-10-23 15:00:00,1.9,2.35,16,1400
2025-10-23 16:00:00,-5.74,0.43,48,1628
2025-10-23 17:00:00,-1.95,0.0,0,1936
2025-10-23 18:00:00,-2.33,0.81,0,1803
2025-10-23 19:00:00,-0.68,0.88,19,1712
2025-10-23 20:00:00,1.9,0.0,35,1618
2025-10-23 21:00:00,-5.8,0.0,11,1270
2025-10-23 22:00:00,-0.1,0.0,54,690
2025-10-23 23:00:00,1.28,0.0,68,674
2025-10-24 00:00:00,-2.63,0.0,0,908
2025-10-24 01:00:00,-2.48,0.0,13,977
2025-10-24 02:00:00,-0.82,0.0,0,721
2025-10-24 03:00:00,-1.04,0.0,39,841
2025-10-24 04:00:00,-0.33,0.48,5,787
2025-10-24 05:00:00,-0.39,0.0,10,1261
2025-10-24 06:00:00,-5.02,1.1,51,1192
2025-10-24 07:00:00,0.9,0.0,0,1966
2025-10-24 08:00:00,1.43,0.59,0,1850
2025-10-24 09:00:00,-1.51,0.0,0,1676
2025-10-24 10:00:00,-6.56,0.0,54,1819
2025-10-24 11:00:00,-2.42,0.0,48,1126
2025-10-24 12:00:00,-1.49,0.0,15,1266
2025-10-24 13:00:00,-5.51,0.0,0,1321
2025-10-24 14:00:00,-3.15,0.0,43,1084
2025-10-24 15:00:00,-6.3,0.93,91,1400
2025-10-24 16:00:00,-0.25,0.48,16,1701
2025-10-24 17:00:00,-1.57,0.0,0,2005
2025-10-24 18:00:00,-7.01,0.0,53,1501
2025-10-24 19:00:00,-1.02,0.0,0,1502
2025-10-24 20:00:00,-2.24,0.0,13,1267
2025-10-24 21:00:00,-0.52,0.0,0,1109
2025-10-24 22:00:00,-3.25,0.33,15,907
2025-10-24 23:00:00,-4.48,1.71,0,506
2025-10-25 00:00:00,-4.64,0.0,54,425
2025-10-25 01:00:00,-3.94,0.0,0,683
2025-10-25 02:00:00,-2.27,0.0,42,511
2025-10-25 03:00:00,-1.88,1.87,20,316
2025-10-25 04:00:00,-2.9,0.0,26,646
2025-10-25 05:00:00,-3.6,0.68,36,442
2025-10-25 06:00:00,-3.38,0.0,21,1123
2025-10-25 07:00:00,5.2,0.0,6,1208
2025-10-25 08:00:00,-4.64,0.67,2,1470
2025-10-25 09:00:00,-4.0,0.0,35,1288
2025-10-25 10:00:00,7.55,0.35,0,1231
2025-10-25 11:00:00,-1.06,0.0,65,789
2025-10-25 12:00:00,-6.47,0.0,26,544
2025-10-25 13:00:00,0.2,0.0,14,676
2025-10-25 14:00:00,-5.06,0.02,29,715
2025-10-25 15:00:00,0.4,5.82,8,718
2025-10-25 16:00:00,-2.96,0.0,18,1278
2025-10-25 17:00:00,-3.65,0.0,0,1197
2025-10-25 18:00:00,2.5,1.14,32,1253
2025-10-25 19:00:00,-0.63,0.01,21,1177
2025-10-25 20:00:00,0.59,0.0,27,892
2025-10-25 21:00:00,-1.02,0.0,60,551
2025-10-25 22:00:00,-3.66,0.0,2,736
2025-10-25 23:00:00,-0.49,0.0,19,714
2025-10-26 00:00:00,1.05,0.64,0,565
2025-10-26 01:00:00,-2.18,0.0,37,488
2025-10-26 02:00:00,2.82,0.0,22,479
2025-10-26 03:00:00,-0.03,0.0,23,638
2025-10-26 04:00:00,-1.94,0.57,19,469
2025-10-26 05:00:00,-1.83,0.0,8,627
2025-10-26 06:00:00,-2.17,0.0,85,1037
2025-10-26 07:00:00,-6.33,0.18,24,1002
2025-10-26 08:00:00,-2.85,1.19,30,896
2025-10-26 09:00:00,-1.92,0.0,0,1465
2025-10-26 10:00:00,-3.83,0.0,45,691
2025-10-26 11:00:00,-1.57,0.0,20,732
2025-10-26 12:00:00,-2.52,0.06,34,427
2025-10-26 13:00:00,-0.26,3.68,45,174
2025-10-26 14:00:00,-0.59,0.0,20,1246
2025-10-26 15:00:00,-2.08,2.5,6,824
2025-10-26 16:00:00,-6.68,0.8,0,1199
2025-10-26 17:00:00,2.79,0.0,13,1534
2025-10-26 18:00:00,-3.01,0.0,6,1197
2025-10-26 19:00:00,-2.82,0.0,0,1290
2025-10-26 20:00:00,-3.61,0.0,59,864
2025-10-26 21:00:00,-4.05,0.0,47,761
2025-10-26 22:00:00,2.05,0.0,0,623
2025-10-26 23:00:00,1.58,0.0,27,660
2025-10-27 00:00:00,-1.5,0.0,3,827
2025-10-27 01:00:00,-3.15,0.0,32,904
2025-10-27 02:00:00,-0.97,0.0,3,772
2025-10-27 03:00:00,-2.61,0.0,10,1135
2025-10-27 04:00:00,-3.4,0.61,47,849
2025-10-27 05:00:00,-1.81,0.64,43,1041
2025-10-27 06:00:00,-4.15,0.0,61,1374
2025-10-27 07:00:00,-2.07,0.0,18,1860
2025-10-27 08:00:00,-2.22,0.0,0,1949
2025-10-27 09:00:00,-1.02,0.47,46,1856
2025-10-27 10:00:00,-4.69,0.0,46,1428
2025-10-27 11:00:00,-0.7,0.91,39,1325
2025-10-27 12:00:00,-5.55,0.0,4,867
2025-10-27 13:00:00,-4.55,0.0,0,1108
2025-10-27 14:00:00,-4.42,0.22,36,1221
2025-10-27 15:00:00,-6.05,0.0,1,1907
2025-10-27 16:00:00,0.22,0.0,15,1747
2025-10-27 17:00:00,-5.74,0.14,96,1789
2025-10-27 18:00:00,-4.93,0.0,76,1794
2025-10-27 19:00:00,0.94,0.0,43,1508
2025-10-27 20:00:00,-4.54,0.0,6,1735
2025-10-27 21:00:00,-3.39,0.78,5,909
2025-10-27 22:00:00,-5.87,1.75,41,644
2025-10-27 23:00:00,-0.33,0.0,60,1033
2025-10-28 00:00:00,-0.53,0.0,10,774
2025-10-28 01:00:00,-0.86,0.36,12,799
2025-10-28 02:00:00,-1.46,2.25,25,477
2025-10-28 03:00:00,-2.85,0.0,0,858
2025-10-28 04:00:00,-4.65,0.0,0,1101
2025-10-28 05:00:00,-5.52,0.43,0,1056
2025-10-28 06:00:00,0.79,0.79,37,1064
2025-10-28 07:00:00,-0.78,0.0,30,1851
2025-10-28 08:00:00,-5.16,0.0,52,1898
2025-10-28 09:00:00,-2.96,0.0,0,1910
2025-10-28 10:00:00,-3.98,0.0,0,1507
2025-10-28 11:00:00,-6.46,0.0,35,963
2025-10-28 12:00:00,-2.54,0.0,1,944
2025-10-28 13:00:00,-4.32,0.0,3,1369
2025-10-28 14:00:00,-5.93,0.0,49,1254
2025-10-28 15:00:00,-7.51,0.0,9,1697
2025-10-28 16:00:00,-7.77,0.81,12,1594
2025-10-28 17:00:00,-4.19,0.51,17,1872
2025-10-28 18:00:00,-3.33,0.0,19,1750
2025-10-28 19:00:00,-5.7,0.0,40,1752
2025-10-28 20:00:00,-1.12,0.0,0,1212
2025-10-28 21:00:00,-3.27,0.0,19,1159
2025-10-28 22:00:00,-1.34,0.0,52,942
2025-10-28 23:00:00,-3.62,0.0,77,754
2025-10-29 00:00:00,-5.68,0.0,0,442
2025-10-29 01:00:00,-2.98,0.0,32,466
2025-10-29 02:00:00,-7.11,0.77,19,649
2025-10-29 03:00:00,-1.7,0.04,21,707
2025-10-29 04:00:00,-6.13,0.0,4,830
2025-10-29 05:00:00,-0.56,0.81,42,1000
2025-10-29 06:00:00,-4.33,0.0,41,1297
2025-10-29 07:00:00,-0.13,0.76,87,1490
2025-10-29 08:00:00,-6.69,1.11,0,1837
2025-10-29 09:00:00,-5.35,0.0,0,1580
2025-10-29 10:00:00,-2.17,0.0,75,1339
2025-10-29 11:00:00,0.19,0.81,22,1017
2025-10-29 12:00:00,1.68,0.0,12,1017
2025-10-29 13:00:00,-3.19,4.26,28,911
2025-10-29 14:00:00,2.2,0.0,0,1342
2025-10-29 15:00:00,-4.19,0.0,33,1666
2025-10-29 16:00:00,-0.02,0.0,21,1964
2025-10-29 17:00:00,-6.14,0.0,50,1956
2025-10-29 18:00:00,-2.06,0.0,45,1826
2025-10-29 19:00:00,-10.34,0.21,47,1664
2025-10-29 20:00:00,-6.68,0.0,28,1386
2025-10-29 21:00:00,-1.92,0.0,64,1135
2025-10-29 22:00:00,-7.26,0.0,38,637
2025-10-29 23:00:00,-2.04,0.35,10,843
2025-10-30 00:00:00,-0.84,0.0,3,764
2025-10-30 01:00:00,-5.06,1.31,6,491
2025-10-30 02:00:00,-6.46,0.0,38,607
2025-10-30 03:00:00,-4.98,0.0,0,826
2025-10-30 04:00:00,-6.45,0.59,28,861
2025-10-30 05:00:00,-3.86,0.0,3,1323
2025-10-30 06:00:00,-3.25,1.43,0,1502
2025-10-30 07:00:00,-4.48,0.0,0,1901
2025-10-30 08:00:00,1.47,0.19,23,2031
2025-10-30 09:00:00,-5.72,0.0,43,1710
2025-10-30 10:00:00,0.62,0.1,7,1541
2025-10-30 11:00:00,-6.68,0.0,0,1040
2025-10-30 12:00:00,-3.34,3.88,100,243
2025-10-30 13:00:00,-0.01,0.31,52,1101
2025-10-30 14:00:00,-0.16,0.61,47,1492
2025-10-30 15:00:00,-4.82,0.0,64,1515
2025-10-30 16:00:00,-1.89,0.92,26,1672
2025-10-30 17:00:00,-2.29,2.06,20,1884
2025-10-30 18:00:00,-5.18,0.0,58,1503
2025-10-30 19:00:00,-1.71,0.0,57,1743
2025-10-30 20:00:00,2.03,0.0,39,1198
2025-10-30 21:00:00,-2.14,0.73,46,1074
2025-10-30 22:00:00,-1.86,0.0,0,925
2025-10-30 23:00:00,-1.54,0.0,17,910
2025-10-31 00:00:00,-8.18,0.0,67,891
2025-10-31 01:00:00,-2.41,0.0,44,616
2025-10-31 02:00:00,-6.84,0.0,0,626
2025-10-31 03:00:00,-5.56,0.0,11,814
2025-10-31 04:00:00,2.69,0.49,63,1089
2025-10-31 05:00:00,-4.55,0.23,35,1108
2025-10-31 06:00:00,-6.01,3.31,29,1054
2025-10-31 07:00:00,-0.34,0.03,29,1883
2025-10-31 08:00:00,-6.64,0.0,22,1786
2025-10-31 09:00:00,-5.14,0.0,11,1854
2025-10-31 10:00:00,-0.05,0.0,3,1530
2025-10-31 11:00:00,-3.66,0.0,49,1281
2025-10-31 12:00:00,-8.48,1.71,30,739
2025-10-31 13:00:00,-2.16,0.0,42,892
2025-10-31 14:00:00,-4.98,0.06,38,1250
2025-10-31 15:00:00,0.83,0.0,59,1705
2025-10-31 16:00:00,-5.61,0.25,35,1654
2025-10-31 17:00:00,-0.64,0.0,45,1820
2025-10-31 18:00:00,1.53,0.0,28,1879
2025-10-31 19:00:00,-6.35,0.56,0,1623
2025-10-31 20:00:00,-4.37,1.88,18,1263
2025-10-31 21:00:00,-2.63,0.0,39,1108
2025-10-31 22:00:00,-6.36,0.0,41,1187
2025-10-31 23:00:00,-2.98,0.0,60,663
2025-11-01 00:00:00,-4.7,2.79,13,263
2025-11-01 01:00:00,-4.76,0.87,30,200
2025-11-01 02:00:00,-3.88,0.0,21,725
2025-11-01 03:00:00,-3.81,0.0,65,630
2025-11-01 04:00:00,-3.53,0.0,34,683
2025-11-01 05:00:00,-5.82,0.0,34,464
2025-11-01 06:00:00,-5.69,0.0,23,1065
2025-11-01 07:00:00,-4.38,0.0,19,1112
2025-11-01 08:00:00,-4.16,0.02,0,1427
2025-11-01 09:00:00,-5.34,0.51,0,985
2025-11-01 10:00:00,-3.05,3.63,29,597
2025-11-01 11:00:00,-9.47,0.0,26,620
2025-11-01 12:00:00,-6.22,0.0,29,444
2025-11-01 13:00:00,-4.86,3.84,48,277
2025-11-01 14:00:00,-6.59,0.0,27,839
2025-11-01 15:00:00,0.86,0.0,16,1152
2025-11-01 16:00:00,-3.97,0.13,19,1354
2025-11-01 17:00:00,-3.49,0.0,30,1582
2025-11-01 18:00:00,-5.47,0.15,15,1273
2025-11-01 19:00:00,-4.07,0.4,51,735
2025-11-01 20:00:00,-7.67,0.0,24,617
2025-11-01 21:00:00,-4.53,0.0,31,704
2025-11-01 22:00:00,-6.84,0.0,4,737
2025-11-01 23:00:00,-4.86,0.0,51,481
2025-11-02 00:00:00,-11.93,0.0,60,362
2025-11-02 01:00:00,-7.64,0.0,0,469
2025-11-02 02:00:00,0.14,0.76,35,575
2025-11-02 03:00:00,-1.76,0.49,22,585
2025-11-02 04:00:00,-0.3,0.0,32,493
2025-11-02 05:00:00,-0.09,1.37,36,688
2025-11-02 06:00:00,-2.23,0.97,0,733
2025-11-02 07:00:00,-5.61,0.0,43,1222
2025-11-02 08:00:00,-7.37,0.0,52,1174
2025-11-02 09:00:00,-0.81,0.0,55,1230
2025-11-02 10:00:00,-4.06,0.0,1,1081
2025-11-02 11:00:00,3.23,0.0,24,903
2025-11-02 12:00:00,-5.35,0.02,11,797
2025-11-02 13:00:00,1.66,0.0,0,853
2025-11-02 14:00:00,-4.72,0.0,9,936
2025-11-02 15:00:00,-0.25,0.0,0,1381
2025-11-02 16:00:00,0.84,0.42,33,1526
2025-11-02 17:00:00,-7.32,0.0,0,1316
2025-11-02 18:00:00,-5.71,0.0,0,1207
2025-11-02 19:00:00,-7.35,0.0,12,1001
2025-11-02 20:00:00,-7.94,0.0,44,855
2025-11-02 21:00:00,-2.25,0.0,94,573
2025-11-02 22:00:00,-4.84,1.0,32,202
2025-11-02 23:00:00,-4.1,0.0,0,733
2025-11-03 00:00:00,-2.81,0.0,8,925
2025-11-03 01:00:00,-10.05,0.0,41,798
2025-11-03 02:00:00,-0.62,0.0,0,1060
2025-11-03 03:00:00,-5.53,0.82,52,662
2025-11-03 04:00:00,-2.88,0.0,32,965
2025-11-03 05:00:00,-2.62,0.35,22,1285
2025-11-03 06:00:00,-0.37,0.0,0,1440
2025-11-03 07:00:00,-4.79,0.12,48,1725
2025-11-03 08:00:00,-10.85,0.66,6,1839
2025-11-03 09:00:00,-4.31,0.0,29,1963
2025-11-03 10:00:00,-3.88,0.0,21,1440
2025-11-03 11:00:00,-7.58,0.0,0,1055
2025-11-03 12:00:00,-4.04,0.0,19,876
2025-11-03 13:00:00,-5.56,0.0,0,1193
2025-11-03 14:00:00,-8.51,0.0,8,1314
2025-11-03 15:00:00,-2.46,0.0,36,1452
2025-11-03 16:00:00,-6.17,0.0,42,1653
2025-11-03 17:00:00,-5.7,0.0,24,1986
2025-11-03 18:00:00,-5.87,0.0,3,1936
2025-11-03 19:00:00,-0.77,0.14,9,1721
2025-11-03 20:00:00,-4.6,0.0,8,1317
2025-11-03 21:00:00,-4.24,0.71,0,1172
2025-11-03 22:00:00,-5.8,1.05,27,820
2025-11-03 23:00:00,-3.09,1.36,0,774
2025-11-04 00:00:00,-0.65,0.0,27,856
2025-11-04 01:00:00,-2.76,1.94,0,820
2025-11-04 02:00:00,-2.64,0.0,0,698
2025-11-04 03:00:00,-2.88,0.0,42,736
2025-11-04 04:00:00,-8.84,0.0,26,804
2025-11-04 05:00:00,-7.33,0.0,0,1334
2025-11-04 06:00:00,-5.32,0.45,11,1407
2025-11-04 07:00:00,-6.88,0.0,32,1679
2025-11-04 08:00:00,-7.89,0.0,10,1948
2025-11-04 09:00:00,-10.32,0.0,16,1783
2025-11-04 10:00:00,-8.74,0.0,31,1590
2025-11-04 11:00:00,-5.47,0.3,26,1044
2025-11-04 12:00:00,-4.91,0.0,0,864
2025-11-04 13:00:00,-7.08,0.0,26,926
2025-11-04 14:00:00,-4.46,1.24,18,1168
2025-11-04 15:00:00,-6.0,0.66,68,1817
2025-11-04 16:00:00,-1.43,0.0,22,1993
2025-11-04 17:00:00,-5.19,0.16,28,2030
2025-11-04 18:00:00,-2.61,0.54,32,1839
2025-11-04 19:00:00,-4.09,0.0,17,1687
2025-11-04 20:00:00,-8.91,0.0,7,1430
2025-11-04 21:00:00,-4.97,0.0,37,1142
2025-11-04 22:00:00,-8.41,0.0,37,884
2025-11-04 23:00:00,-5.02,0.24,77,680
2025-11-05 00:00:00,-7.15,0.0,44,624
2025-11-05 01:00:00,-3.77,0.0,44,785
2025-11-05 02:00:00,-8.95,0.0,43,672
2025-11-05 03:00:00,-4.87,0.0,8,1131
2025-11-05 04:00:00,-3.2,0.0,0,1134
2025-11-05 05:00:00,-2.2,1.11,0,1006
2025-11-05 06:00:00,-7.21,0.0,43,1259
2025-11-05 07:00:00,-4.86,0.07,61,1697
2025-11-05 08:00:00,-4.37,1.39,44,1630
2025-11-05 09:00:00,-0.28,0.0,21,1845
2025-11-05 10:00:00,-9.36,0.0,67,1205
2025-11-05 11:00:00,-7.65,1.37,14,915
2025-11-05 12:00:00,3.5,0.0,0,1043
2025-11-05 13:00:00,-5.74,0.0,32,1082
2025-11-05 14:00:00,-10.59,0.0,58,1165
2025-11-05 15:00:00,-6.67,0.0,4,1528
2025-11-05 16:00:00,-13.22,1.42,0,1808
2025-11-05 17:00:00,-4.2,1.02,26,1920
2025-11-05 18:00:00,-2.49,0.0,45,1803
2025-11-05 19:00:00,-7.65,0.55,0,1458
2025-11-05 20:00:00,-6.33,0.0,50,1068
2025-11-05 21:00:00,-2.15,0.0,0,963
2025-11-05 22:00:00,-10.17,0.05,43,936
2025-11-05 23:00:00,-8.88,4.33,0,416
2025-11-06 00:00:00,-5.82,0.16,0,680
2025-11-06 01:00:00,-7.39,0.0,41,869
2025-11-06 02:00:00,-6.01,0.0,56,765
2025-11-06 03:00:00,-8.92,0.71,25,680
2025-11-06 04:00:00,-4.49,0.0,86,917
2025-11-06 05:00:00,-5.58,1.22,0,1124
2025-11-06 06:00:00,-3.48,0.8,0,1489
2025-11-06 07:00:00,-4.53,1.39,18,1652
2025-11-06 08:00:00,-4.51,0.0,17,1984
2025-11-06 09:00:00,-9.47,0.0,33,1523
2025-11-06 10:00:00,-3.65,0.0,7,1435
2025-11-06 11:00:00,-6.12,0.0,40,1349
2025-11-06 12:00:00,-5.63,0.0,39,756
2025-11-06 13:00:00,-1.99,0.0,66,790
2025-11-06 14:00:00,-7.29,0.69,13,1375
2025-11-06 15:00:00,-1.08,0.0,34,1714
2025-11-06 16:00:00,-0.8,0.56,41,1888
2025-11-06 17:00:00,-2.87,0.0,25,1985
2025-11-06 18:00:00,-8.07,0.52,20,1909
2025-11-06 19:00:00,-11.69,0.58,0,1732
2025-11-06 20:00:00,-1.9,1.03,28,1187
2025-11-06 21:00:00,-4.8,0.0,41,1146
2025-11-06 22:00:00,-7.37,0.26,24,1001
2025-11-06 23:00:00,-1.61,0.0,6,820
2025-11-07 00:00:00,-7.93,0.0,0,961
2025-11-07 01:00:00,-6.61,0.14,37,836
2025-11-07 02:00:00,-3.77,0.0,27,597
2025-11-07 03:00:00,-8.68,0.0,61,894
2025-11-07 04:00:00,-5.67,0.0,0,783
2025-11-07 05:00:00,-2.07,1.08,14,982
2025-11-07 06:00:00,-4.71,1.35,0,1479
2025-11-07 07:00:00,-1.6,0.0,52,1975
2025-11-07 08:00:00,-1.94,0.36,57,1928
2025-11-07 09:00:00,-5.32,0.39,74,1593
2025-11-07 10:00:00,-12.35,0.0,39,1316
2025-11-07 11:00:00,-8.66,0.0,46,994
2025-11-07 12:00:00,-3.05,0.0,37,1033
2025-11-07 13:00:00,-9.99,1.05,40,798
2025-11-07 14:00:00,-6.32,0.0,27,1227
2025-11-07 15:00:00,-4.33,0.36,41,1365
2025-11-07 16:00:00,-0.93,0.0,79,1750
2025-11-07 17:00:00,-7.07,0.0,31,1915
2025-11-07 18:00:00,-7.27,0.48,27,1628
2025-11-07 19:00:00,-5.5,0.91,31,1265
2025-11-07 20:00:00,-4.29,0.04,22,1492
2025-11-07 21:00:00,-5.8,0.0,32,919
2025-11-07 22:00:00,-2.19,0.0,21,776
2025-11-07 23:00:00,-7.74,1.09,55,801
2025-11-08 00:00:00,-5.19,0.67,52,446
2025-11-08 01:00:00,-4.21,0.0,80,511
2025-11-08 02:00:00,-6.75,1.73,26,310
2025-11-08 03:00:00,-3.03,0.0,33,698
2025-11-08 04:00:00,-5.1,0.0,32,686
2025-11-08 05:00:00,-3.18,0.0,31,704
2025-11-08 06:00:00,-4.97,0.0,55,766
2025-11-08 07:00:00,-4.42,0.63,0,1009
2025-11-08 08:00:00,-7.45,2.12,38,968
2025-11-08 09:00:00,-7.44,0.0,76,912
2025-11-08 10:00:00,-1.87,0.0,60,838
2025-11-08 11:00:00,-3.64,1.0,57,551
2025-11-08 12:00:00,-8.62,4.56,47,129
2025-11-08 13:00:00,-5.01,0.0,11,514
2025-11-08 14:00:00,-12.67,0.0,8,797
2025-11-08 15:00:00,-7.27,0.0,8,899
2025-11-08 16:00:00,-2.66,0.0,0,1246
2025-11-08 17:00:00,-5.92,0.0,50,1370
2025-11-08 18:00:00,-5.19,0.72,63,956
2025-11-08 19:00:00,-14.6,0.0,37,869
2025-11-08 20:00:00,-6.72,0.14,46,808
2025-11-08 21:00:00,-4.53,0.0,34,786
2025-11-08 22:00:00,-4.15,1.94,40,251
2025-11-08 23:00:00,-2.66,0.0,0,774
2025-11-09 00:00:00,-6.38,0.0,34,363
2025-11-09 01:00:00,-6.25,0.0,16,534
2025-11-09 02:00:00,-9.75,0.06,26,368
2025-11-09 03:00:00,-6.36,0.58,32,501
2025-11-09 04:00:00,-9.53,0.0,9,827
2025-11-09 05:00:00,-11.29,0.5,0,594
2025-11-09 06:00:00,-9.01,0.0,8,945
2025-11-09 07:00:00,-1.22,0.11,0,1238
2025-11-09 08:00:00,-6.56,1.51,0,1067
2025-11-09 09:00:00,-5.09,0.0,1,1153
2025-11-09 10:00:00,-7.29,0.0,0,987
2025-11-09 11:00:00,-11.12,0.0,40,507
2025-11-09 12:00:00,-2.94,0.68,4,465
2025-11-09 13:00:00,-12.27,0.0,0,196
2025-11-09 14:00:00,-7.41,0.53,17,984
2025-11-09 15:00:00,-5.91,0.0,0,1340
2025-11-09 16:00:00,-5.06,0.0,63,1253
2025-11-09 17:00:00,-7.93,1.45,30,953
2025-11-09 18:00:00,-11.26,0.0,0,1018
2025-11-09 19:00:00,-8.15,0.33,41,737
2025-11-09 20:00:00,-8.0,0.19,29,888
2025-11-09 21:00:00,-8.07,0.25,21,808
2025-11-09 22:00:00,-2.84,0.0,66,552
2025-11-09 23:00:00,-9.39,0.13,2,596
2025-11-10 00:00:00,-5.04,0.0,53,749
2025-11-10 01:00:00,-5.47,0.0,17,647
2025-11-10 02:00:00,-3.07,0.42,26,873
2025-11-10 03:00:00,-6.35,0.0,8,943
2025-11-10 04:00:00,-3.57,0.0,10,823
2025-11-10 05:00:00,-6.46,0.75,16,1162
2025-11-10 06:00:00,-4.64,2.28,0,1252
2025-11-10 07:00:00,-10.46,0.0,36,1691
2025-11-10 08:00:00,-13.86,0.76,30,1797
2025-11-10 09:00:00,-4.82,0.0,0,1934
2025-11-10 10:00:00,-4.65,0.0,43,1583
2025-11-10 11:00:00,-4.52,0.07,63,946
2025-11-10 12:00:00,-7.52,0.27,10,948
2025-11-10 13:00:00,-1.48,0.0,7,1011
2025-11-10 14:00:00,-7.33,1.92,55,993
2025-11-10 15:00:00,-4.69,1.52,37,1420
2025-11-10 16:00:00,-4.16,0.0,24,2032
2025-11-10 17:00:00,-0.79,0.0,47,1996
2025-11-10 18:00:00,-6.9,1.96,34,1564
2025-11-10 19:00:00,-7.91,0.0,63,1719
2025-11-10 20:00:00,-10.44,0.0,26,1198
2025-11-10 21:00:00,-1.29,0.63,38,974
2025-11-10 22:00:00,-4.68,0.0,54,593
2025-11-10 23:00:00,-4.59,0.73,0,750
2025-11-11 00:00:00,3.21,0.0,56,673
2025-11-11 01:00:00,-5.17,0.0,15,729
2025-11-11 02:00:00,-10.05,2.06,40,438
2025-11-11 03:00:00,-6.73,2.1,69,279
2025-11-11 04:00:00,-9.07,0.33,20,704
2025-11-11 05:00:00,-7.33,0.0,16,902
2025-11-11 06:00:00,-7.35,0.0,26,1382
2025-11-11 07:00:00,-7.9,0.0,0,1705
2025-11-11 08:00:00,-10.32,0.38,82,2037
2025-11-11 09:00:00,-1.36,0.0,26,2094
2025-11-11 10:00:00,-5.25,0.0,68,1588
2025-11-11 11:00:00,-6.82,0.0,19,947
2025-11-11 12:00:00,-3.87,0.56,28,829
2025-11-11 13:00:00,-4.73,0.08,51,860
2025-11-11 14:00:00,-5.31,0.0,0,1646
2025-11-11 15:00:00,-4.09,1.34,25,1608
2025-11-11 16:00:00,-5.74,0.0,50,1673
2025-11-11 17:00:00,-4.13,0.4,22,1998
2025-11-11 18:00:00,-3.88,0.09,15,1700
2025-11-11 19:00:00,-5.65,0.0,55,1549
2025-11-11 20:00:00,-6.8,0.0,62,1217
2025-11-11 21:00:00,-1.55,0.0,66,1158
2025-11-11 22:00:00,-7.58,1.9,10,810
2025-11-11 23:00:00,-4.97,0.0,13,840
2025-11-12 00:00:00,-5.09,0.9,16,620
2025-11-12 01:00:00,-8.16,0.0,46,204
2025-11-12 02:00:00,-8.75,0.0,0,969
2025-11-12 03:00:00,-7.39,0.16,0,700
2025-11-12 04:00:00,-7.81,0.0,10,912
2025-11-12 05:00:00,-10.71,0.0,4,1415
2025-11-12 06:00:00,-8.29,0.0,50,1225
2025-11-12 07:00:00,-5.53,0.55,48,1714
2025-11-12 08:00:00,-2.53,0.0,16,2101
2025-11-12 09:00:00,-4.67,0.06,23,1986
2025-11-12 10:00:00,-14.13,0.0,0,1404
2025-11-12 11:00:00,-4.41,0.0,16,1334
2025-11-12 12:00:00,-8.01,1.85,59,517
2025-11-12 13:00:00,-4.97,0.28,15,1149
2025-11-12 14:00:00,-6.37,1.4,0,1262
2025-11-12 15:00:00,-6.91,0.0,62,1523
2025-11-12 16:00:00,-6.64,0.0,0,1952
2025-11-12 17:00:00,-6.4,0.0,66,1750
2025-11-12 18:00:00,-2.3,3.4,100,1322
2025-11-12 19:00:00,-6.39,0.67,25,1357
2025-11-12 20:00:00,-3.07,1.42,59,1072
2025-11-12 21:00:00,-3.51,0.0,0,1317
2025-11-12 22:00:00,-4.33,0.0,0,1029
2025-11-12 23:00:00,-11.69,0.0,8,789
2025-11-13 00:00:00,-3.17,0.52,48,438
2025-11-13 01:00:00,-7.89,0.0,28,741
2025-11-13 02:00:00,-4.37,0.2,23,737
2025-11-13 03:00:00,-9.43,0.0,0,856
2025-11-13 04:00:00,-10.07,0.0,25,1028
2025-11-13 05:00:00,-0.59,0.0,12,1178
2025-11-13 06:00:00,-9.39,0.01,5,1419
2025-11-13 07:00:00,-3.08,2.36,3,1750
2025-11-13 08:00:00,-6.16,0.0,33,1858
2025-11-13 09:00:00,-7.78,0.5,10,1771
2025-11-13 10:00:00,-6.65,1.0,28,1060
2025-11-13 11:00:00,-10.42,0.0,0,1069
2025-11-13 12:00:00,-6.56,0.0,41,1038
2025-11-13 13:00:00,-9.76,0.0,34,1043
2025-11-13 14:00:00,-7.7,0.18,22,1412
2025-11-13 15:00:00,-3.74,0.0,32,1777
2025-11-13 16:00:00,-5.75,0.0,51,2006
2025-11-13 17:00:00,-10.96,0.0,0,1888
2025-11-13 18:00:00,-3.96,0.0,30,2019
2025-11-13 19:00:00,-6.54,0.27,0,1947
2025-11-13 20:00:00,-8.14,0.0,30,1282
2025-11-13 21:00:00,-4.28,0.0,21,919
2025-11-13 22:00:00,-7.02,0.0,27,791
2025-11-13 23:00:00,-10.01,2.12,49,499
2025-11-14 00:00:00,-1.15,0.0,49,521
2025-11-14 01:00:00,-6.75,0.77,55,459
2025-11-14 02:00:00,-6.94,0.0,18,694
2025-11-14 03:00:00,-7.91,0.0,46,727
2025-11-14 04:00:00,-3.16,0.0,41,1157
2025-11-14 05:00:00,-8.27,0.0,19,1202
2025-11-14 06:00:00,-11.33,0.0,31,1227
2025-11-14 07:00:00,-8.73,0.0,25,2316
2025-11-14 08:00:00,-2.72,0.0,63,1931
2025-11-14 09:00:00,-4.2,0.0,49,1561
2025-11-14 10:00:00,-7.46,0.79,20,1223
2025-11-14 11:00:00,-2.58,0.86,18,945
2025-11-14 12:00:00,-4.45,0.1,52,662
2025-11-14 13:00:00,-7.5,0.0,62,1046
2025-11-14 14:00:00,-7.2,0.0,36,914
2025-11-14 15:00:00,-5.71,0.0,45,1725
2025-11-14 16:00:00,-9.19,0.0,61,1860
2025-11-14 17:00:00,-6.68,0.04,24,1884
2025-11-14 18:00:00,-5.77,0.0,30,1987
2025-11-14 19:00:00,-11.76,0.0,40,1353
2025-11-14 20:00:00,-7.27,0.0,18,1206
2025-11-14 21:00:00,-7.61,0.0,71,1032
2025-11-14 22:00:00,-3.61,1.14,17,779
2025-11-14 23:00:00,-12.23,0.0,30,606
2025-11-15 00:00:00,-8.02,0.0,77,301
2025-11-15 01:00:00,-8.32,0.0,0,652
2025-11-15 02:00:00,-3.99,1.35,34,489
2025-11-15 03:00:00,-7.01,0.0,12,557
2025-11-15 04:00:00,-1.49,1.37,29,409
2025-11-15 05:00:00,-4.89,0.0,0,862
2025-11-15 06:00:00,-8.11,0.0,19,818
2025-11-15 07:00:00,-6.16,0.12,29,1328
2025-11-15 08:00:00,-7.94,0.0,35,1373
2025-11-15 09:00:00,-4.3,0.0,51,1434
2025-11-15 10:00:00,-10.87,0.0,0,823
2025-11-15 11:00:00,-9.35,0.0,26,541
2025-11-15 12:00:00,-5.51,0.33,24,610
2025-11-15 13:00:00,-3.2,0.0,27,683
2025-11-15 14:00:00,-13.48,0.0,29,877
2025-11-15 15:00:00,-2.75,0.0,8,1326
2025-11-15 16:00:00,-7.29,0.0,0,1493
2025-11-15 17:00:00,-12.53,0.0,34,1181
2025-11-15 18:00:00,-15.88,0.0,4,1242
2025-11-15 19:00:00,-11.46,0.0,39,877
2025-11-15 20:00:00,-6.93,0.0,5,914
2025-11-15 21:00:00,-7.07,0.0,46,618
2025-11-15 22:00:00,-4.97,0.27,27,527
2025-11-15 23:00:00,-8.52,0.0,29,707
2025-11-16 00:00:00,-10.37,0.0,23,201
2025-11-16 01:00:00,-8.29,0.0,19,429
2025-11-16 02:00:00,-6.95,0.0,23,456
2025-11-16 03:00:00,-6.35,0.0,59,505
2025-11-16 04:00:00,-9.41,0.0,0,409
2025-11-16 05:00:00,-4.34,0.14,13,713
2025-11-16 06:00:00,-8.91,2.5,55,471
2025-11-16 07:00:00,-9.66,1.13,50,636
2025-11-16 08:00:00,-8.67,0.0,63,1336
2025-11-16 09:00:00,-3.82,2.87,28,667
2025-11-16 10:00:00,-7.45,0.26,0,732
2025-11-16 11:00:00,-9.13,0.94,1,743
2025-11-16 12:00:00,-4.27,0.0,22,550
2025-11-16 13:00:00,-0.62,0.0,48,676
2025-11-16 14:00:00,-6.42,0.21,23,792
2025-11-16 15:00:00,-3.35,0.0,21,1258
2025-11-16 16:00:00,-3.94,0.0,39,1150
2025-11-16 17:00:00,-8.86,0.0,30,1319
2025-11-16 18:00:00,-6.97,0.0,18,1064
2025-11-16 19:00:00,-10.89,0.48,4,1016
2025-11-16 20:00:00,-7.66,0.87,53,800
2025-11-16 21:00:00,-8.93,1.03,55,652
2025-11-16 22:00:00,-8.26,0.0,3,358
2025-11-16 23:00:00,-9.3,0.75,19,328
2025-11-17 00:00:00,-8.08,0.0,46,879
2025-11-17 01:00:00,-5.62,0.0,1,913
2025-11-17 02:00:00,-7.57,0.18,39,642
2025-11-17 03:00:00,-12.81,0.56,21,621
2025-11-17 04:00:00,-9.45,0.0,0,934
2025-11-17 05:00:00,-11.77,0.0,74,892
2025-11-17 06:00:00,-6.48,2.15,21,1296
2025-11-17 07:00:00,-5.7,0.22,42,1827
2025-11-17 08:00:00,-6.44,0.0,1,1845
2025-11-17 09:00:00,-9.58,0.21,68,1582
2025-11-17 10:00:00,-6.47,0.0,78,1299
2025-11-17 11:00:00,-8.62,3.61,0,670
2025-11-17 12:00:00,-10.63,0.0,25,862
2025-11-17 13:00:00,-4.99,0.0,63,1036
2025-11-17 14:00:00,-4.76,0.0,18,1260
2025-11-17 15:00:00,-4.37,2.2,40,1541
2025-11-17 16:00:00,-9.04,0.16,0,1852
2025-11-17 17:00:00,-3.68,0.0,10,2231
2025-11-17 18:00:00,-8.7,0.0,37,2003
2025-11-17 19:00:00,-5.25,0.0,15,1507
2025-11-17 20:00:00,-8.75,0.0,20,1227
2025-11-17 21:00:00,-7.89,0.0,0,1034
2025-11-17 22:00:00,-14.48,0.0,46,770
2025-11-17 23:00:00,-8.12,0.0,0,917
2025-11-18 00:00:00,-7.1,0.05,68,639
2025-11-18 01:00:00,-8.61,0.0,13,639
2025-11-18 02:00:00,-2.11,4.2,50,477
2025-11-18 03:00:00,-10.87,0.0,47,603
2025-11-18 04:00:00,-9.07,0.0,5,992
2025-11-18 05:00:00,-10.09,0.0,15,1081
2025-11-18 06:00:00,-9.07,1.99,18,1195
2025-11-18 07:00:00,-4.28,1.79,20,1731
2025-11-18 08:00:00,-2.94,0.0,0,2273
2025-11-18 09:00:00,-9.48,0.0,43,1770
2025-11-18 10:00:00,-9.55,0.0,13,1379
2025-11-18 11:00:00,-10.85,0.24,27,1230
2025-11-18 12:00:00,-3.46,0.0,55,942
2025-11-18 13:00:00,-4.01,0.0,44,1086
2025-11-18 14:00:00,-7.7,0.0,14,1468
2025-11-18 15:00:00,-11.57,0.0,56,1523
2025-11-18 16:00:00,-11.3,0.0,46,2088
2025-11-18 17:00:00,-6.87,0.28,12,1940
2025-11-18 18:00:00,-5.73,0.0,17,2047
2025-11-18 19:00:00,-13.58,0.0,55,1512
2025-11-18 20:00:00,-8.34,0.0,49,1306
2025-11-18 21:00:00,-2.52,0.0,0,1122
2025-11-18 22:00:00,-8.03,0.32,5,817
2025-11-18 23:00:00,-2.91,0.24,47,840
2025-11-19 00:00:00,-5.59,0.0,1,661
2025-11-19 01:00:00,-10.79,0.0,50,527
2025-11-19 02:00:00,-8.41,0.39,79,553
2025-11-19 03:00:00,-7.92,0.0,39,898
2025-11-19 04:00:00,-10.39,0.0,7,876
2025-11-19 05:00:00,-10.45,0.0,35,1051
2025-11-19 06:00:00,-3.02,0.0,56,1310
2025-11-19 07:00:00,-10.47,0.0,33,1971
2025-11-19 08:00:00,-4.3,2.49,42,1808
2025-11-19 09:00:00,-8.85,0.0,10,1974
2025-11-19 10:00:00,-7.61,0.0,12,1274
2025-11-19 11:00:00,-5.85,0.0,53,1124
2025-11-19 12:00:00,-9.33,1.99,12,500
2025-11-19 13:00:00,-5.83,0.02,0,1228
2025-11-19 14:00:00,-13.68,1.51,22,1082
2025-11-19 15:00:00,-6.22,0.0,38,1666
2025-11-19 16:00:00,-14.94,0.0,57,1568
2025-11-19 17:00:00,-8.22,0.0,71,1689
2025-11-19 18:00:00,-4.97,1.31,32,1620
2025-11-19 19:00:00,-5.67,0.0,47,1628
2025-11-19 20:00:00,-11.43,0.0,33,1196
2025-11-19 21:00:00,-11.05,0.87,39,898
2025-11-19 22:00:00,-9.6,0.0,25,696
2025-11-19 23:00:00,-6.98,0.0,40,752
2025-11-20 00:00:00,-13.79,0.0,12,832
2025-11-20 01:00:00,-7.73,0.0,80,641
2025-11-20 02:00:00,-6.76,0.0,0,835
2025-11-20 03:00:00,-8.54,0.0,45,761
2025-11-20 04:00:00,-6.11,1.76,39,582
2025-11-20 05:00:00,-7.02,0.0,40,1312
2025-11-20 06:00:00,-9.32,0.05,1,1518
2025-11-20 07:00:00,-13.5,4.18,0,1277
2025-11-20 08:00:00,-7.29,0.0,46,1996
2025-11-20 09:00:00,-10.55,2.07,64,1553
2025-11-20 10:00:00,-9.43,1.24,36,1079
2025-11-20 11:00:00,-6.25,3.41,51,672
2025-11-20 12:00:00,-3.44,2.77,19,925
2025-11-20 13:00:00,-7.8,1.04,39,1123
2025-11-20 14:00:00,-6.03,0.0,61,1240
2025-11-20 15:00:00,-12.02,0.0,23,1639
2025-11-20 16:00:00,-6.95,0.0,60,1736
2025-11-20 17:00:00,-7.87,1.37,0,1868
2025-11-20 18:00:00,-4.0,0.0,15,1851
2025-11-20 19:00:00,-9.31,0.58,44,1398
2025-11-20 20:00:00,-8.42,0.0,78,1103
2025-11-20 21:00:00,-4.51,0.18,31,1295
2025-11-20 22:00:00,-7.97,0.0,5,838
2025-11-20 23:00:00,-11.02,2.4,78,489
2025-11-21 00:00:00,-0.19,1.9,28,522
2025-11-21 01:00:00,-11.08,0.0,48,533
2025-11-21 02:00:00,-8.03,0.0,23,770
2025-11-21 03:00:00,-6.8,2.5,34,269
2025-11-21 04:00:00,-7.04,0.0,17,988
2025-11-21 05:00:00,-8.41,0.0,87,948
2025-11-21 06:00:00,-8.39,0.0,61,1291
2025-11-21 07:00:00,-8.55,0.0,75,1570
2025-11-21 08:00:00,-11.19,2.05,11,1941
2025-11-21 09:00:00,-1.39,1.35,0,1768
2025-11-21 10:00:00,-8.5,0.0,24,1430
2025-11-21 11:00:00,-6.05,0.0,94,1112
2025-11-21 12:00:00,-8.84,0.78,23,645
2025-11-21 13:00:00,-8.9,0.0,57,1121
2025-11-21 14:00:00,-9.21,3.38,5,909
2025-11-21 15:00:00,-12.49,0.0,10,1362
2025-11-21 16:00:00,-8.32,0.0,29,1749
2025-11-21 17:00:00,-9.06,0.0,84,1644
2025-11-21 18:00:00,-4.33,0.97,58,1719
2025-11-21 19:00:00,-11.43,0.0,0,1481
2025-11-21 20:00:00,-9.57,0.0,48,1103
2025-11-21 21:00:00,-10.54,0.0,2,1089
2025-11-21 22:00:00,-3.51,0.48,14,902
2025-11-21 23:00:00,-10.45,0.0,44,862
2025-11-22 00:00:00,-6.3,0.0,66,526
2025-11-22 01:00:00,-5.07,0.0,65,394
2025-11-22 02:00:00,-8.42,0.0,40,464
2025-11-22 03:00:00,-12.12,0.07,40,160
2025-11-22 04:00:00,-12.08,0.47,65,433
2025-11-22 05:00:00,-5.41,0.0,0,839
2025-11-22 06:00:00,-11.77,1.34,77,740
2025-11-22 07:00:00,-6.81,0.38,13,1113
2025-11-22 08:00:00,-7.64,0.0,38,1197
2025-11-22 09:00:00,-6.85,0.0,19,1149
2025-11-22 10:00:00,-6.57,0.0,2,1196
2025-11-22 11:00:00,-10.79,2.78,43,321
2025-11-22 12:00:00,-10.91,1.11,37,122
2025-11-22 13:00:00,-5.84,0.78,29,675
2025-11-22 14:00:00,-9.87,0.03,28,727
2025-11-22 15:00:00,-16.24,0.2,69,945
2025-11-22 16:00:00,-6.04,0.0,86,1177
2025-11-22 17:00:00,-11.09,0.51,63,1250
2025-11-22 18:00:00,-6.58,0.0,38,1334
2025-11-22 19:00:00,-3.81,1.8,0,1057
2025-11-22 20:00:00,-7.93,1.22,47,797
2025-11-22 21:00:00,-5.0,4.48,48,229
2025-11-22 22:00:00,-7.52,0.36,51,349
2025-11-22 23:00:00,-3.22,0.55,3,357
2025-11-23 00:00:00,-11.31,0.0,53,198
2025-11-23 01:00:00,-8.15,0.0,71,430
2025-11-23 02:00:00,-6.11,0.0,7,182
2025-11-23 03:00:00,-8.7,0.0,49,397
2025-11-23 04:00:00,-4.67,0.0,11,573
2025-11-23 05:00:00,-9.42,0.19,29,811
2025-11-23 06:00:00,-1.92,0.0,8,1037
2025-11-23 07:00:00,-1.76,1.33,23,1047
2025-11-23 08:00:00,-7.28,0.0,23,1457
2025-11-23 09:00:00,-6.47,0.0,42,1136
2025-11-23 10:00:00,-4.55,0.27,54,855
2025-11-23 11:00:00,-11.69,0.86,62,391
2025-11-23 12:00:00,-12.06,0.0,15,532
2025-11-23 13:00:00,-4.36,0.0,41,630
2025-11-23 14:00:00,-7.3,0.0,4,834
2025-11-23 15:00:00,-8.8,0.61,29,1139
2025-11-23 16:00:00,-8.09,0.27,33,1151
2025-11-23 17:00:00,-15.28,0.0,9,1119
2025-11-23 18:00:00,-8.7,0.12,46,989
2025-11-23 19:00:00,-10.38,0.0,28,1015
2025-11-23 20:00:00,-5.37,0.0,36,768
2025-11-23 21:00:00,-5.14,0.0,62,570
2025-11-23 22:00:00,-6.4,0.79,21,352
2025-11-23 23:00:00,-6.94,0.37,53,410
2025-11-24 00:00:00,-12.75,0.65,68,280
2025-11-24 01:00:00,-6.49,0.0,67,697
2025-11-24 02:00:00,-6.37,0.0,27,654
2025-11-24 03:00:00,-4.52,0.92,8,828
2025-11-24 04:00:00,-1.91,0.0,14,1045
2025-11-24 05:00:00,-13.34,1.56,0,895
2025-11-24 06:00:00,-9.43,0.0,49,1494
2025-11-24 07:00:00,-10.49,0.3,51,1878
2025-11-24 08:00:00,-7.74,0.0,35,2092
2025-11-24 09:00:00,-8.22,0.0,0,1649
2025-11-24 10:00:00,-8.96,0.17,23,1329
2025-11-24 11:00:00,-5.18,0.0,67,989
2025-11-24 12:00:00,-11.56,0.0,47,856
2025-11-24 13:00:00,-11.38,0.0,52,863
2025-11-24 14:00:00,-11.33,0.0,100,1019
2025-11-24 15:00:00,-9.34,0.0,40,1440
2025-11-24 16:00:00,-11.95,0.0,0,1869
2025-11-24 17:00:00,-8.41,0.02,5,2051
2025-11-24 18:00:00,-8.76,0.0,40,1625
2025-11-24 19:00:00,-10.62,5.37,33,822
2025-11-24 20:00:00,-5.64,0.86,28,960
2025-11-24 21:00:00,-8.44,0.0,28,693
2025-11-24 22:00:00,-5.07,1.52,13,819
2025-11-24 23:00:00,-8.85,0.0,42,765
2025-11-25 00:00:00,-8.46,3.08,67,261
2025-11-25 01:00:00,-10.08,0.0,76,790
2025-11-25 02:00:00,-8.41,3.67,75,50
2025-11-25 03:00:00,-6.25,0.0,9,520
2025-11-25 04:00:00,-9.62,0.59,32,597
2025-11-25 05:00:00,-6.84,0.0,25,819
2025-11-25 06:00:00,-10.83,0.24,47,1244
2025-11-25 07:00:00,-6.11,0.46,31,1829
2025-11-25 08:00:00,-10.13,0.0,27,1937
2025-11-25 09:00:00,-5.84,0.0,69,1874
2025-11-25 10:00:00,-8.21,0.92,35,1364
2025-11-25 11:00:00,-3.83,1.42,36,912
2025-11-25 12:00:00,-11.85,3.2,43,313
2025-11-25 13:00:00,-12.82,0.0,49,981
2025-11-25 14:00:00,-10.24,0.0,50,1001
2025-11-25 15:00:00,-12.54,0.0,71,987
2025-11-25 16:00:00,-12.54,0.0,0,1872
2025-11-25 17:00:00,-6.53,0.0,41,1954
2025-11-25 18:00:00,-8.4,0.0,30,2040
2025-11-25 19:00:00,-9.83,1.58,25,1473
2025-11-25 20:00:00,-9.55,0.65,52,1187
2025-11-25 21:00:00,-10.18,0.0,65,884
2025-11-25 22:00:00,-3.44,0.0,18,834
2025-11-25 23:00:00,-10.6,2.56,75,282
2025-11-26 00:00:00,-12.48,0.49,0,756
2025-11-26 01:00:00,-6.13,0.0,48,748
2025-11-26 02:00:00,-9.16,0.04,11,849
2025-11-26 03:00:00,-2.4,0.24,17,838
2025-11-26 04:00:00,-10.1,0.0,35,688
2025-11-26 05:00:00,-5.98,0.49,23,1236
2025-11-26 06:00:00,-5.27,0.0,0,1686
2025-11-26 07:00:00,-10.08,0.83,48,1635
2025-11-26 08:00:00,-10.75,0.0,52,1912
2025-11-26 09:00:00,-6.29,0.0,29,1874
2025-11-26 10:00:00,-6.79,0.0,27,1394
2025-11-26 11:00:00,-12.75,0.42,24,943
2025-11-26 12:00:00,-11.9,0.74,0,640
2025-11-26 13:00:00,-16.13,0.64,0,855
2025-11-26 14:00:00,-6.73,0.0,53,1405
2025-11-26 15:00:00,-9.3,0.0,60,1622
2025-11-26 16:00:00,-9.0,0.84,48,1752
2025-11-26 17:00:00,-13.59,0.0,42,1946
2025-11-26 18:00:00,-11.81,0.0,53,1673
2025-11-26 19:00:00,-9.95,0.0,51,1348
2025-11-26 20:00:00,-10.53,0.0,13,1261
2025-11-26 21:00:00,-8.16,0.0,39,1000
2025-11-26 22:00:00,-6.77,0.0,26,977
2025-11-26 23:00:00,-1.71,0.25,26,900
2025-11-27 00:00:00,-8.7,0.13,62,740
2025-11-27 01:00:00,-5.29,0.0,73,363
2025-11-27 02:00:00,-11.13,0.0,0,603
2025-11-27 03:00:00,-13.66,0.08,27,640
2025-11-27 04:00:00,-9.69,0.0,26,905
2025-11-27 05:00:00,-13.43,0.0,62,1235
2025-11-27 06:00:00,-8.59,0.84,0,1249
2025-11-27 07:00:00,-10.98,0.0,0,1692
2025-11-27 08:00:00,-14.5,0.0,54,1716
2025-11-27 09:00:00,-3.43,0.0,58,1685
2025-11-27 10:00:00,-10.25,0.57,0,1269
2025-11-27 11:00:00,-13.55,0.01,30,1010
2025-11-27 12:00:00,-5.94,0.0,72,940
2025-11-27 13:00:00,-10.82,0.1,6,1040
2025-11-27 14:00:00,-5.37,0.0,36,1195
2025-11-27 15:00:00,-10.84,0.0,46,1481
2025-11-27 16:00:00,-10.26,0.0,0,1707
2025-11-27 17:00:00,-7.6,0.0,19,2086
2025-11-27 18:00:00,-6.86,0.0,0,2109
2025-11-27 19:00:00,-6.33,0.0,29,1386
2025-11-27 20:00:00,-8.91,0.0,14,1339
2025-11-27 21:00:00,-7.05,0.0,39,919
2025-11-27 22:00:00,-6.4,0.0,49,849
2025-11-27 23:00:00,-8.04,0.0,68,668
2025-11-28 00:00:00,-9.18,0.0,92,358
2025-11-28 01:00:00,-13.09,0.0,39,765
2025-11-28 02:00:00,-6.96,0.0,26,704
2025-11-28 03:00:00,-8.63,0.0,24,678
2025-11-28 04:00:00,-9.99,0.0,10,882
2025-11-28 05:00:00,-4.92,0.0,45,982
2025-11-28 06:00:00,-13.04,0.0,21,1351
2025-11-28 07:00:00,-3.82,0.33,47,1509
2025-11-28 08:00:00,-8.82,0.0,11,1617
2025-11-28 09:00:00,-7.8,1.43,22,1487
2025-11-28 10:00:00,-9.94,0.0,45,1303
2025-11-28 11:00:00,-13.75,0.0,31,754
2025-11-28 12:00:00,-9.17,0.0,0,827
2025-11-28 13:00:00,-7.75,0.0,33,953
2025-11-28 14:00:00,-6.72,0.77,14,1238
2025-11-28 15:00:00,-9.35,0.0,63,1582
2025-11-28 16:00:00,-15.33,0.0,58,1899
2025-11-28 17:00:00,-13.38,0.0,0,1960
2025-11-28 18:00:00,-2.6,1.32,54,1563
2025-11-28 19:00:00,-12.03,0.0,44,1589
2025-11-28 20:00:00,-4.47,0.0,0,1597
2025-11-28 21:00:00,-11.56,0.93,56,657
2025-11-28 22:00:00,-9.3,0.0,2,742
2025-11-28 23:00:00,-6.88,0.0,62,510
2025-11-29 00:00:00,-11.32,0.0,18,305
2025-11-29 01:00:00,-4.09,0.0,0,583
2025-11-29 02:00:00,-8.64,0.25,87,472
2025-11-29 03:00:00,-7.48,1.17,0,499
2025-11-29 04:00:00,-9.67,0.0,14,584
2025-11-29 05:00:00,-6.89,0.18,19,705
2025-11-29 06:00:00,-4.13,0.0,23,1046
2025-11-29 07:00:00,-9.26,0.13,52,1135
2025-11-29 08:00:00,-3.67,0.0,36,1484
2025-11-29 09:00:00,-10.7,0.0,59,1048
2025-11-29 10:00:00,-6.57,0.44,44,897
2025-11-29 11:00:00,-7.4,0.0,0,694
2025-11-29 12:00:00,-12.07,0.0,48,442
2025-11-29 13:00:00,-8.22,0.0,40,584
2025-11-29 14:00:00,-8.84,0.7,19,578
2025-11-29 15:00:00,-11.42,1.3,86,822
2025-11-29 16:00:00,-7.79,0.7,50,1272
2025-11-29 17:00:00,-8.42,0.27,58,1149
2025-11-29 18:00:00,-9.08,0.0,59,1157
2025-11-29 19:00:00,-9.07,0.21,24,1111
2025-11-29 20:00:00,-9.13,0.0,50,741
2025-11-29 21:00:00,-9.97,0.0,42,616
2025-11-29 22:00:00,-8.44,0.97,20,389
2025-11-29 23:00:00,-10.8,0.0,4,391
2025-11-30 00:00:00,-1.0,0.0,35,578
2025-11-30 01:00:00,-13.2,0.35,49,325
2025-11-30 02:00:00,-10.72,0.0,35,497
2025-11-30 03:00:00,-10.49,1.01,30,288
2025-11-30 04:00:00,-2.85,4.24,35,50
2025-11-30 05:00:00,-12.93,0.0,28,768
2025-11-30 06:00:00,-7.69,0.0,73,733
2025-11-30 07:00:00,-8.22,0.0,41,1018
2025-11-30 08:00:00,-7.97,0.0,23,1189
2025-11-30 09:00:00,-5.26,1.06,0,880
2025-11-30 10:00:00,-5.32,0.0,30,929
2025-11-30 11:00:00,-10.32,0.0,20,754
2025-11-30 12:00:00,-8.39,3.94,19,50
2025-11-30 13:00:00,-14.56,0.32,58,637
2025-11-30 14:00:00,-8.67,0.18,37,952
2025-11-30 15:00:00,-11.35,0.15,0,1136
2025-11-30 16:00:00,-9.53,0.33,50,810
2025-11-30 17:00:00,-14.03,0.0,0,1419
2025-11-30 18:00:00,-7.76,0.0,52,1110
2025-11-30 19:00:00,-14.06,0.94,23,1065
2025-11-30 20:00:00,-8.52,0.0,37,712
2025-11-30 21:00:00,-12.65,0.0,34,546
2025-11-30 22:00:00,-11.52,0.0,31,481
2025-11-30 23:00:00,-5.51,0.0,40,344
2025-12-01 00:00:00,-7.31,0.08,37,483
2025-12-01 01:00:00,-5.62,0.0,82,321
2025-12-01 02:00:00,-4.39,0.86,41,1080
2025-12-01 03:00:00,-11.39,0.0,41,472
2025-12-01 04:00:00,-4.57,0.0,17,741
2025-12-01 05:00:00,-13.47,0.0,45,1108
2025-12-01 06:00:00,-6.83,0.0,10,1359
2025-12-01 07:00:00,-10.55,0.52,64,1460
2025-12-01 08:00:00,-11.86,0.0,0,1605
2025-12-01 09:00:00,-7.23,0.92,14,1829
2025-12-01 10:00:00,-6.24,0.0,0,1437
2025-12-01 11:00:00,-6.32,0.0,46,1223
2025-12-01 12:00:00,-8.43,0.0,25,890
2025-12-01 13:00:00,-8.67,0.0,52,1036
2025-12-01 14:00:00,-7.49,1.28,11,1176
2025-12-01 15:00:00,-8.16,0.0,48,1576
2025-12-01 16:00:00,-7.45,0.08,50,1741
2025-12-01 17:00:00,-8.46,0.0,40,1865
2025-12-01 18:00:00,-6.54,0.07,36,1754
2025-12-01 19:00:00,-13.95,0.0,39,1759
2025-12-01 20:00:00,-9.46,0.0,12,1304
2025-12-01 21:00:00,-13.22,0.0,8,727
2025-12-01 22:00:00,-8.24,0.1,49,879
2025-12-01 23:00:00,-4.14,0.0,26,748
2025-12-02 00:00:00,-10.59,0.0,47,644
2025-12-02 01:00:00,-8.78,0.4,74,539
2025-12-02 02:00:00,-6.9,2.19,24,710
2025-12-02 03:00:00,-15.37,1.11,21,500
2025-12-02 04:00:00,-10.73,0.0,28,974
2025-12-02 05:00:00,-8.07,1.7,37,1020
2025-12-02 06:00:00,-17.86,1.55,51,933
2025-12-02 07:00:00,-12.1,0.42,35,1759
2025-12-02 08:00:00,-5.86,0.0,88,1816
2025-12-02 09:00:00,-6.16,0.56,46,1614
2025-12-02 10:00:00,-8.04,0.0,55,1281
2025-12-02 11:00:00,-6.52,0.26,35,1236
2025-12-02 12:00:00,-8.52,0.0,61,1196
2025-12-02 13:00:00,-7.5,0.0,31,973
2025-12-02 14:00:00,-10.11,0.18,20,1345
2025-12-02 15:00:00,-8.82,0.0,58,1628
2025-12-02 16:00:00,-11.06,0.0,34,1778
2025-12-02 17:00:00,-5.38,0.0,42,2218
2025-12-02 18:00:00,-4.6,0.0,60,2205
2025-12-02 19:00:00,-5.03,0.7,39,1513
2025-12-02 20:00:00,-10.39,0.67,32,1469
2025-12-02 21:00:00,-12.03,0.0,22,958
2025-12-02 22:00:00,-5.34,1.39,62,569
2025-12-02 23:00:00,-7.53,0.55,27,721
2025-12-03 00:00:00,-8.27,0.0,35,831
2025-12-03 01:00:00,-11.16,1.87,43,412
2025-12-03 02:00:00,-7.98,3.56,43,386
2025-12-03 03:00:00,-12.51,0.41,61,631
2025-12-03 04:00:00,-7.35,0.0,34,1086
2025-12-03 05:00:00,-5.12,0.0,71,1175
2025-12-03 06:00:00,-4.36,0.0,30,1769
2025-12-03 07:00:00,-7.13,0.22,45,1690
2025-12-03 08:00:00,-13.4,0.0,31,1892
2025-12-03 09:00:00,-8.66,2.29,88,1452
2025-12-03 10:00:00,-2.84,0.87,27,1360
2025-12-03 11:00:00,-11.86,0.0,30,941
2025-12-03 12:00:00,-9.43,0.0,39,910
2025-12-03 13:00:00,-5.02,1.09,29,1088
2025-12-03 14:00:00,-7.41,1.23,44,1196
2025-12-03 15:00:00,-1.82,0.0,67,1821
2025-12-03 16:00:00,-11.46,0.39,40,1634
2025-12-03 17:00:00,-12.23,0.0,41,1865
2025-12-03 18:00:00,-5.58,0.14,30,1760
2025-12-03 19:00:00,-12.84,0.0,23,1614
2025-12-03 20:00:00,-9.85,0.28,39,1337
2025-12-03 21:00:00,-9.45,0.0,36,1233
2025-12-03 22:00:00,-6.15,0.38,65,642
2025-12-03 23:00:00,-7.41,1.35,12,730
2025-12-04 00:00:00,-7.97,1.01,73,718
2025-12-04 01:00:00,-10.55,0.39,33,495
2025-12-04 02:00:00,-5.7,0.09,40,567
2025-12-04 03:00:00,2.74,0.0,10,774
2025-12-04 04:00:00,-7.27,0.0,51,953
2025-12-04 05:00:00,-9.04,0.0,13,1057
2025-12-04 06:00:00,-13.24,0.0,46,1457
2025-12-04 07:00:00,-11.25,0.0,43,1748
2025-12-04 08:00:00,-9.98,0.0,28,2231
2025-12-04 09:00:00,-10.95,0.0,0,1980
2025-12-04 10:00:00,-9.39,0.74,91,1157
2025-12-04 11:00:00,-4.01,0.0,10,1196
2025-12-04 12:00:00,-5.6,1.32,43,857
2025-12-04 13:00:00,-9.82,0.0,18,926
2025-12-04 14:00:00,-12.97,0.0,63,1372
2025-12-04 15:00:00,-5.33,0.14,27,1648
2025-12-04 16:00:00,-9.49,0.0,18,2022
2025-12-04 17:00:00,-14.52,1.27,51,1685
2025-12-04 18:00:00,-7.21,0.0,5,1895
2025-12-04 19:00:00,-6.27,0.0,26,1591
2025-12-04 20:00:00,-16.62,0.0,54,1412
2025-12-04 21:00:00,-11.82,0.0,74,892
2025-12-04 22:00:00,-9.67,0.03,12,1334
2025-12-04 23:00:00,-7.14,1.71,21,641
2025-12-05 00:00:00,-10.97,1.17,46,388
2025-12-05 01:00:00,-11.92,0.0,0,505
2025-12-05 02:00:00,-7.24,0.0,71,839
2025-12-05 03:00:00,-10.83,0.29,12,710
2025-12-05 04:00:00,-7.8,0.0,26,1022
2025-12-05 05:00:00,-12.76,1.7,44,1162
2025-12-05 06:00:00,-13.48,0.0,38,1495
2025-12-05 07:00:00,-7.16,0.0,13,1948
2025-12-05 08:00:00,-8.67,0.56,80,1999
2025-12-05 09:00:00,-6.66,0.0,0,2047
2025-12-05 10:00:00,-11.02,0.0,9,1320
2025-12-05 11:00:00,-11.81,0.0,21,1286
2025-12-05 12:00:00,-5.34,0.0,13,963
2025-12-05 13:00:00,-13.99,0.0,68,1130
2025-12-05 14:00:00,-5.67,0.33,0,1473
2025-12-05 15:00:00,-5.46,0.0,76,1767
2025-12-05 16:00:00,-6.84,0.23,30,1865
2025-12-05 17:00:00,-11.49,0.07,3,1786
2025-12-05 18:00:00,-11.87,0.0,0,1987
2025-12-05 19:00:00,-10.05,0.0,32,1756
2025-12-05 20:00:00,-13.31,0.0,19,1210
2025-12-05 21:00:00,-12.31,0.0,43,960
2025-12-05 22:00:00,-7.49,0.3,26,566
2025-12-05 23:00:00,-7.47,0.0,61,719
2025-12-06 00:00:00,-12.65,0.0,34,181
2025-12-06 01:00:00,-7.47,0.0,27,522
2025-12-06 02:00:00,-8.14,0.17,62,404
2025-12-06 03:00:00,-4.97,0.17,43,472
2025-12-06 04:00:00,-7.79,0.81,57,589
2025-12-06 05:00:00,-6.32,0.4,66,656
2025-12-06 06:00:00,-8.07,0.0,30,988
2025-12-06 07:00:00,-6.56,2.97,38,896
2025-12-06 08:00:00,-13.36,0.0,59,1087
2025-12-06 09:00:00,-9.86,0.0,0,1374
2025-12-06 10:00:00,-9.62,0.0,35,800
2025-12-06 11:00:00,-10.23,0.0,32,739
2025-12-06 12:00:00,-8.17,0.0,47,686
2025-12-06 13:00:00,-7.59,0.0,17,564
2025-12-06 14:00:00,-8.32,0.0,65,596
2025-12-06 15:00:00,-10.03,0.0,19,912
2025-12-06 16:00:00,-11.71,0.0,26,1446
2025-12-06 17:00:00,-6.21,0.02,21,1263
2025-12-06 18:00:00,-8.45,0.21,68,962
2025-12-06 19:00:00,-12.55,0.0,0,1110
2025-12-06 20:00:00,-10.08,0.0,82,341
2025-12-06 21:00:00,-14.73,0.0,74,353
2025-12-06 22:00:00,-9.39,0.0,23,742
2025-12-06 23:00:00,-10.09,0.0,63,251
2025-12-07 00:00:00,-11.29,0.0,41,326
2025-12-07 01:00:00,-4.81,0.0,79,426
2025-12-07 02:00:00,-13.04,0.0,62,346
2025-12-07 03:00:00,-7.45,0.47,93,223
2025-12-07 04:00:00,-3.01,0.07,0,755
2025-12-07 05:00:00,-6.34,0.0,43,919
2025-12-07 06:00:00,-9.66,0.0,0,849
2025-12-07 07:00:00,-12.97,0.0,25,1071
2025-12-07 08:00:00,-13.65,0.0,94,1078
2025-12-07 09:00:00,-10.8,2.69,50,897
2025-12-07 10:00:00,-11.63,0.0,63,848
2025-12-07 11:00:00,-11.73,1.55,51,415
2025-12-07 12:00:00,-10.55,0.0,49,258
2025-12-07 13:00:00,-9.87,0.0,25,500
2025-12-07 14:00:00,-8.11,0.0,20,903
2025-12-07 15:00:00,-13.28,0.0,24,927
2025-12-07 16:00:00,-11.61,0.0,0,1197
2025-12-07 17:00:00,-10.05,2.61,36,942
2025-12-07 18:00:00,-10.15,0.0,44,1506
2025-12-07 19:00:00,-4.06,0.0,22,1071
2025-12-07 20:00:00,-8.87,0.0,35,1030
2025-12-07 21:00:00,-14.41,0.35,51,680
2025-12-07 22:00:00,-8.31,1.7,60,395
2025-12-07 23:00:00,-7.93,0.8,8,313
2025-12-08 00:00:00,-10.01,0.0,19,735
2025-12-08 01:00:00,-13.27,2.35,57,255
2025-12-08 02:00:00,-4.36,0.0,53,1027
2025-12-08 03:00:00,-12.84,0.0,72,680
2025-12-08 04:00:00,-7.65,0.0,71,789
2025-12-08 05:00:00,-9.03,0.54,99,1171
2025-12-08 06:00:00,-7.83,0.0,31,1451
2025-12-08 07:00:00,-4.51,0.0,78,1888
2025-12-08 08:00:00,-7.95,1.28,15,1979
2025-12-08 09:00:00,-11.31,0.0,98,1717
2025-12-08 10:00:00,-6.32,1.31,50,1314
2025-12-08 11:00:00,-11.53,3.77,52,706
2025-12-08 12:00:00,-9.14,0.0,63,724
2025-12-08 13:00:00,-13.51,0.58,5,1134
2025-12-08 14:00:00,-12.73,0.0,12,1273
2025-12-08 15:00:00,-9.48,0.0,41,1796
2025-12-08 16:00:00,-8.53,0.28,47,1977
2025-12-08 17:00:00,-14.74,1.19,90,1717
2025-12-08 18:00:00,-8.14,1.61,15,1729
2025-12-08 19:00:00,-12.09,0.0,77,1653
2025-12-08 20:00:00,-5.79,0.0,32,1456
2025-12-08 21:00:00,-10.69,0.67,31,505
2025-12-08 22:00:00,-13.0,0.0,34,698
2025-12-08 23:00:00,-9.41,1.2,31,652
2025-12-09 00:00:00,-12.44,0.0,51,653
2025-12-09 01:00:00,-5.89,0.0,29,858
2025-12-09 02:00:00,-9.69,0.19,4,958
2025-12-09 03:00:00,-10.15,0.0,32,824
2025-12-09 04:00:00,-7.92,0.0,50,565
2025-12-09 05:00:00,-12.71,2.5,4,848
2025-12-09 06:00:00,-13.56,2.49,53,1241
2025-12-09 07:00:00,-8.47,0.0,68,1786
2025-12-09 08:00:00,-12.99,0.0,76,1867
2025-12-09 09:00:00,-12.99,0.0,47,1676
2025-12-09 10:00:00,-7.18,0.0,0,1706
2025-12-09 11:00:00,-8.12,0.0,55,1037
2025-12-09 12:00:00,-13.45,0.0,63,831
2025-12-09 13:00:00,-11.55,0.61,21,1030
2025-12-09 14:00:00,-12.4,0.0,37,1274
2025-12-09 15:00:00,-4.36,0.0,51,1734
2025-12-09 16:00:00,-6.97,0.0,84,1843
2025-12-09 17:00:00,-10.96,0.0,33,2134
2025-12-09 18:00:00,-7.96,0.0,61,1939
2025-12-09 19:00:00,-13.76,0.0,47,1679
2025-12-09 20:00:00,-11.71,1.61,44,963
2025-12-09 21:00:00,-9.38,0.0,72,858
2025-12-09 22:00:00,-8.34,0.22,18,897
2025-12-09 23:00:00,-9.99,0.13,45,825
2025-12-10 00:00:00,-9.0,0.0,40,762
2025-12-10 01:00:00,-9.51,1.31,2,497
2025-12-10 02:00:00,-10.24,1.02,70,610
2025-12-10 03:00:00,-10.64,0.0,60,591
2025-12-10 04:00:00,-11.03,0.0,40,925
2025-12-10 05:00:00,-9.05,0.33,33,1118
2025-12-10 06:00:00,-8.51,0.0,39,1442
2025-12-10 07:00:00,-9.15,0.0,57,1708
2025-12-10 08:00:00,-13.28,0.34,41,1882
2025-12-10 09:00:00,-12.74,0.0,23,1809
2025-12-10 10:00:00,-8.55,0.0,26,1353
2025-12-10 11:00:00,-5.33,0.0,39,1245
2025-12-10 12:00:00,-9.29,1.88,16,841
2025-12-10 13:00:00,-10.98,0.0,48,1119
2025-12-10 14:00:00,-9.07,0.0,20,1396
2025-12-10 15:00:00,-13.16,0.42,16,1492
2025-12-10 16:00:00,-5.82,0.0,100,1817
2025-12-10 17:00:00,-9.19,0.77,88,1761
2025-12-10 18:00:00,-11.76,0.0,43,1841
2025-12-10 19:00:00,-10.25,0.0,61,1690
2025-12-10 20:00:00,-11.33,0.0,65,1212
2025-12-10 21:00:00,-5.81,0.14,38,823
2025-12-10 22:00:00,-10.35,0.0,46,940
2025-12-10 23:00:00,-9.28,0.0,33,825
2025-12-11 00:00:00,-8.08,0.29,71,626
2025-12-11 01:00:00,-12.02,0.0,72,417
2025-12-11 02:00:00,-9.22,1.88,79,279
2025-12-11 03:00:00,-8.97,1.83,47,411
2025-12-11 04:00:00,-14.46,0.0,94,589
2025-12-11 05:00:00,-9.04,2.25,38,769
2025-12-11 06:00:00,-9.93,0.0,91,1184
2025-12-11 07:00:00,-9.41,0.0,28,2138
2025-12-11 08:00:00,-9.69,4.52,7,1693
2025-12-11 09:00:00,-9.02,0.0,91,1757
2025-12-11 10:00:00,-5.78,0.0,56,1476
2025-12-11 11:00:00,-13.33,0.22,53,1242
2025-12-11 12:00:00,-10.82,0.24,31,1050
2025-12-11 13:00:00,-7.8,0.02,19,999
2025-12-11 14:00:00,-8.35,0.0,21,1394
2025-12-11 15:00:00,-8.42,0.87,43,1491
2025-12-11 16:00:00,-1.54,0.0,36,1953
2025-12-11 17:00:00,-7.95,0.0,0,2043
2025-12-11 18:00:00,-6.4,0.0,82,1814
2025-12-11 19:00:00,-10.72,0.0,29,1644
2025-12-11 20:00:00,-12.77,0.0,71,1224
2025-12-11 21:00:00,-10.74,0.0,22,1255
2025-12-11 22:00:00,-7.66,0.0,44,761
2025-12-11 23:00:00,-8.58,0.17,64,832
2025-12-12 00:00:00,-8.63,0.0,61,501
2025-12-12 01:00:00,-10.48,0.0,34,714
2025-12-12 02:00:00,-10.96,0.0,53,792
2025-12-12 03:00:00,-10.38,0.03,57,765
2025-12-12 04:00:00,-7.67,0.0,37,843
2025-12-12 05:00:00,-7.32,0.92,13,1113
2025-12-12 06:00:00,-12.86,0.0,25,1669
2025-12-12 07:00:00,-7.55,0.0,31,1776
2025-12-12 08:00:00,-11.79,0.0,41,2005
2025-12-12 09:00:00,-8.43,0.0,80,1883
2025-12-12 10:00:00,-10.42,0.0,63,1344
2025-12-12 11:00:00,-5.14,0.0,20,1445
2025-12-12 12:00:00,-11.09,0.0,86,1027
2025-12-12 13:00:00,-9.3,0.35,38,1153
2025-12-12 14:00:00,-8.02,0.0,57,1446
2025-12-12 15:00:00,-12.46,0.0,17,1371
2025-12-12 16:00:00,-10.06,0.0,29,1692
2025-12-12 17:00:00,-10.64,0.0,66,1881
2025-12-12 18:00:00,-11.38,0.0,18,1787
2025-12-12 19:00:00,-11.16,0.29,42,1636
2025-12-12 20:00:00,-6.5,0.0,52,926
2025-12-12 21:00:00,-11.64,0.0,15,1142
2025-12-12 22:00:00,-8.14,0.0,0,929
2025-12-12 23:00:00,-8.9,0.9,63,531
2025-12-13 00:00:00,-14.07,0.32,100,431
2025-12-13 01:00:00,-8.32,0.0,52,343
2025-12-13 02:00:00,-14.12,0.0,57,71
2025-12-13 03:00:00,-7.99,0.23,19,531
2025-12-13 04:00:00,-11.4,0.0,78,459
2025-12-13 05:00:00,-9.85,0.0,31,662
2025-12-13 06:00:00,-13.76,0.0,70,1126
2025-12-13 07:00:00,-9.51,0.0,56,1158
2025-12-13 08:00:00,-7.1,0.0,57,1408
2025-12-13 09:00:00,-12.3,0.0,56,1133
2025-12-13 10:00:00,-11.7,0.0,55,1035
2025-12-13 11:00:00,-8.51,0.0,48,627
2025-12-13 12:00:00,-8.44,0.8,65,230
2025-12-13 13:00:00,-17.18,0.0,23,660
2025-12-13 14:00:00,-3.83,3.02,35,590
2025-12-13 15:00:00,-8.29,0.0,78,1079
2025-12-13 16:00:00,-7.79,0.08,45,1116
2025-12-13 17:00:00,-10.31,0.16,33,1314
2025-12-13 18:00:00,-15.44,0.0,67,830
2025-12-13 19:00:00,-7.85,1.14,62,801
2025-12-13 20:00:00,-11.57,0.88,8,643
2025-12-13 21:00:00,-8.25,0.0,59,684
2025-12-13 22:00:00,-10.54,0.0,44,417
2025-12-13 23:00:00,-9.16,0.0,59,216
2025-12-14 00:00:00,-12.24,0.0,42,268
2025-12-14 01:00:00,-7.32,2.5,53,183
2025-12-14 02:00:00,-13.48,0.0,0,440
2025-12-14 03:00:00,-3.18,0.0,19,462
2025-12-14 04:00:00,-3.2,0.57,60,613
2025-12-14 05:00:00,-5.01,0.0,100,841
2025-12-14 06:00:00,-6.09,0.0,51,1078
2025-12-14 07:00:00,-10.17,1.68,24,659
2025-12-14 08:00:00,-6.41,1.93,45,1102
2025-12-14 09:00:00,-10.2,0.0,19,1172
2025-12-14 10:00:00,-14.57,0.99,73,376
2025-12-14 11:00:00,-5.4,0.0,43,550
2025-12-14 12:00:00,-6.53,0.28,68,577
2025-12-14 13:00:00,-10.01,0.0,38,657
2025-12-14 14:00:00,-13.59,1.09,70,575
2025-12-14 15:00:00,-11.67,0.0,1,979
2025-12-14 16:00:00,-15.38,2.43,42,964
2025-12-14 17:00:00,-7.08,0.0,55,1098
2025-12-14 18:00:00,-14.72,0.58,35,934
2025-12-14 19:00:00,-9.05,0.0,50,966
2025-12-14 20:00:00,-12.44,0.72,50,451
2025-12-14 21:00:00,-14.19,3.07,68,50
2025-12-14 22:00:00,-9.2,0.86,57,525
2025-12-14 23:00:00,-10.91,1.02,51,156
2025-12-15 00:00:00,-7.43,0.0,64,773
2025-12-15 01:00:00,-13.74,1.84,8,552
2025-12-15 02:00:00,-12.21,0.0,23,664
2025-12-15 03:00:00,-17.1,1.87,7,264
2025-12-15 04:00:00,-16.49,0.0,56,726
2025-12-15 05:00:00,-4.55,0.0,52,851
2025-12-15 06:00:00,-3.69,1.02,76,1275
2025-12-15 07:00:00,-9.66,0.0,51,1822
2025-12-15 08:00:00,-12.41,0.0,26,2068
2025-12-15 09:00:00,-10.84,0.48,45,1702
2025-12-15 10:00:00,-7.32,0.0,0,1485
2025-12-15 11:00:00,-11.48,0.26,32,956
2025-12-15 12:00:00,-9.23,0.0,0,872
2025-12-15 13:00:00,-9.98,0.0,50,1097
2025-12-15 14:00:00,-11.65,0.0,35,1331
2025-12-15 15:00:00,-11.52,1.62,39,1387
2025-12-15 16:00:00,-9.06,0.32,19,1964
2025-12-15 17:00:00,-12.87,0.0,25,1942
2025-12-15 18:00:00,-8.58,0.0,59,1652
2025-12-15 19:00:00,-11.35,0.0,6,1496
2025-12-15 20:00:00,-9.56,0.0,54,1359
2025-12-15 21:00:00,-5.79,0.0,22,937
2025-12-15 22:00:00,-10.44,0.0,0,866
2025-12-15 23:00:00,-7.18,0.0,72,706
2025-12-16 00:00:00,-15.34,0.0,76,377
2025-12-16 01:00:00,-11.37,0.0,29,444
2025-12-16 02:00:00,-9.88,0.0,29,547
2025-12-16 03:00:00,-4.19,0.0,36,570
2025-12-16 04:00:00,-15.84,0.0,22,880
2025-12-16 05:00:00,-10.25,0.96,26,1053
2025-12-16 06:00:00,-5.59,0.0,54,1383
2025-12-16 07:00:00,-12.32,0.0,94,1470
2025-12-16 08:00:00,-10.6,0.0,33,2122
2025-12-16 09:00:00,-8.97,0.0,68,1826
2025-12-16 10:00:00,-9.41,0.26,51,1319
2025-12-16 11:00:00,-5.27,0.31,1,1368
2025-12-16 12:00:00,-8.62,0.09,42,872
2025-12-16 13:00:00,-5.98,0.0,39,1137
2025-12-16 14:00:00,-11.04,0.0,79,1057
2025-12-16 15:00:00,-12.18,0.0,80,1279
2025-12-16 16:00:00,-10.64,1.17,52,1463
2025-12-16 17:00:00,-13.44,0.0,73,2130
2025-12-16 18:00:00,-8.51,0.0,39,1765
2025-12-16 19:00:00,-11.12,1.61,70,1342
2025-12-16 20:00:00,-11.98,1.55,45,1135
2025-12-16 21:00:00,-8.47,0.0,70,990
2025-12-16 22:00:00,-13.39,3.09,72,338
2025-12-16 23:00:00,-7.65,0.71,60,630
2025-12-17 00:00:00,-11.41,0.0,24,750
2025-12-17 01:00:00,-6.5,0.0,32,598
2025-12-17 02:00:00,-11.16,1.96,62,329
2025-12-17 03:00:00,-8.08,0.0,65,385
2025-12-17 04:00:00,-9.44,0.13,47,565
2025-12-17 05:00:00,-7.75,0.0,35,951
2025-12-17 06:00:00,-9.65,0.0,48,1560
2025-12-17 07:00:00,-14.97,0.47,36,1644
2025-12-17 08:00:00,-6.95,0.0,36,2106
2025-12-17 09:00:00,-10.24,0.0,92,1751
2025-12-17 10:00:00,-7.61,0.0,31,1541
2025-12-17 11:00:00,-7.91,2.51,56,656
2025-12-17 12:00:00,-12.3,0.0,47,809
2025-12-17 13:00:00,-12.72,0.0,12,1079
2025-12-17 14:00:00,-8.01,0.0,11,1692
2025-12-17 15:00:00,-10.89,0.0,41,1540
2025-12-17 16:00:00,-7.17,0.0,0,2081
2025-12-17 17:00:00,-10.51,2.08,89,1583
2025-12-17 18:00:00,-6.91,0.0,34,1817
2025-12-17 19:00:00,-8.71,0.28,32,1728
2025-12-17 20:00:00,-9.12,0.0,73,1508
2025-12-17 21:00:00,-11.1,0.0,39,1051
2025-12-17 22:00:00,-9.28,0.0,59,723
2025-12-17 23:00:00,-6.4,0.01,29,886
2025-12-18 00:00:00,-10.15,0.0,44,701
2025-12-18 01:00:00,-8.4,0.0,68,955
2025-12-18 02:00:00,-9.85,0.27,22,797
2025-12-18 03:00:00,-9.62,0.0,57,571
2025-12-18 04:00:00,-4.82,1.56,0,995
2025-12-18 05:00:00,-6.39,0.0,75,1182
2025-12-18 06:00:00,-9.75,0.0,29,1606
2025-12-18 07:00:00,-9.35,1.04,41,1749
2025-12-18 08:00:00,-12.1,0.0,41,2063
2025-12-18 09:00:00,-10.51,1.08,19,1771
2025-12-18 10:00:00,-9.06,0.0,17,1475
2025-12-18 11:00:00,-7.44,0.66,56,1034
2025-12-18 12:00:00,-7.74,0.0,58,829
2025-12-18 13:00:00,-13.32,0.0,21,1065
2025-12-18 14:00:00,-7.06,0.04,57,1314
2025-12-18 15:00:00,-10.26,0.0,57,1521
2025-12-18 16:00:00,-12.95,0.46,34,1744
2025-12-18 17:00:00,-5.98,0.0,11,2073
2025-12-18 18:00:00,-5.6,0.0,42,1668
2025-12-18 19:00:00,-9.2,0.88,52,1628
2025-12-18 20:00:00,-7.87,0.0,42,1374
2025-12-18 21:00:00,-7.69,0.0,29,1001
2025-12-18 22:00:00,-5.8,0.21,55,937
2025-12-18 23:00:00,-7.81,0.0,75,636
2025-12-19 00:00:00,-13.98,0.0,25,573
2025-12-19 01:00:00,-3.97,0.89,36,719
2025-12-19 02:00:00,-6.8,0.0,100,815
2025-12-19 03:00:00,-11.53,0.0,51,723
2025-12-19 04:00:00,-13.09,0.0,12,747
2025-12-19 05:00:00,-8.48,0.0,32,1079
2025-12-19 06:00:00,-10.83,0.0,25,1587
2025-12-19 07:00:00,-9.01,0.0,53,1849
2025-12-19 08:00:00,-7.77,0.0,52,2100
2025-12-19 09:00:00,-11.7,0.0,28,1858
2025-12-19 10:00:00,-13.35,0.0,90,1408
2025-12-19 11:00:00,-8.84,0.24,46,1347
2025-12-19 12:00:00,-11.6,0.0,32,648
2025-12-19 13:00:00,-9.56,0.0,13,1426
2025-12-19 14:00:00,-14.03,0.0,21,1404
2025-12-19 15:00:00,-10.76,0.06,13,2007
2025-12-19 16:00:00,-7.85,0.0,39,1753
2025-12-19 17:00:00,-8.18,0.22,22,2046
2025-12-19 18:00:00,-12.36,0.36,63,1753
2025-12-19 19:00:00,-13.5,0.55,29,1630
2025-12-19 20:00:00,-9.95,2.29,65,1038
2025-12-19 21:00:00,-8.32,0.01,56,1071
2025-12-19 22:00:00,-8.78,0.0,60,933
2025-12-19 23:00:00,-11.53,0.0,66,654
2025-12-20 00:00:00,-9.11,1.37,94,53
2025-12-20 01:00:00,-5.49,0.0,23,550
2025-12-20 02:00:00,-9.38,1.22,66,133
2025-12-20 03:00:00,-14.9,0.0,54,302
2025-12-20 04:00:00,-9.39,0.0,71,247
2025-12-20 05:00:00,-3.87,0.0,47,752
2025-12-20 06:00:00,-13.86,0.0,74,657
2025-12-20 07:00:00,-9.91,1.14,12,1069
2025-12-20 08:00:00,-10.68,0.02,19,1133
2025-12-20 09:00:00,-9.71,0.0,30,1175
2025-12-20 10:00:00,-9.42,0.0,42,1042
2025-12-20 11:00:00,-6.58,0.0,46,624
2025-12-20 12:00:00,-9.75,0.0,26,403
2025-12-20 13:00:00,-6.17,1.29,20,679
2025-12-20 14:00:00,-10.35,0.0,28,955
2025-12-20 15:00:00,-11.05,2.21,2,872
2025-12-20 16:00:00,-12.01,0.0,37,1099
2025-12-20 17:00:00,-15.45,0.0,43,1080
2025-12-20 18:00:00,-9.17,0.27,55,1091
2025-12-20 19:00:00,-3.84,1.31,49,927
2025-12-20 20:00:00,-8.63,0.0,89,489
2025-12-20 21:00:00,-7.94,0.05,65,464
2025-12-20 22:00:00,-11.24,0.0,63,613
2025-12-20 23:00:00,-10.73,2.36,53,140
2025-12-21 00:00:00,-7.04,0.0,58,564
2025-12-21 01:00:00,-3.97,0.19,39,597
2025-12-21 02:00:00,-5.53,0.0,47,402
2025-12-21 03:00:00,-7.58,0.0,93,311
2025-12-21 04:00:00,-9.89,0.0,43,632
2025-12-21 05:00:00,-9.37,0.0,12,839
2025-12-21 06:00:00,-12.26,0.0,62,972
2025-12-21 07:00:00,-14.34,1.41,67,863
2025-12-21 08:00:00,-13.38,1.28,49,1055
2025-12-21 09:00:00,-9.85,4.55,0,654
2025-12-21 10:00:00,-10.87,0.0,77,818
2025-12-21 11:00:00,-14.4,0.0,51,484
2025-12-21 12:00:00,-10.11,0.0,37,495
2025-12-21 13:00:00,-10.95,0.0,75,520
2025-12-21 14:00:00,-13.51,0.0,0,771
2025-12-21 15:00:00,-11.11,0.0,48,1096
2025-12-21 16:00:00,-10.96,0.0,31,994
2025-12-21 17:00:00,-11.85,0.0,82,1191
2025-12-21 18:00:00,-7.22,0.0,51,1080
2025-12-21 19:00:00,-15.7,0.0,23,846
2025-12-21 20:00:00,-15.95,0.0,73,546
2025-12-21 21:00:00,-9.99,0.0,0,772
2025-12-21 22:00:00,-9.71,0.0,58,155
2025-12-21 23:00:00,-8.78,2.19,13,265
2025-12-22 00:00:00,-11.6,0.27,34,636
2025-12-22 01:00:00,-12.74,0.0,39,500
2025-12-22 02:00:00,-10.01,0.0,68,656
2025-12-22 03:00:00,-11.31,0.0,100,419
2025-12-22 04:00:00,-5.33,0.0,1,988
2025-12-22 05:00:00,-10.96,0.0,57,866
2025-12-22 06:00:00,-10.15,0.0,100,1615
2025-12-22 07:00:00,-2.56,0.28,31,2021
2025-12-22 08:00:00,-10.57,0.08,29,1993
2025-12-22 09:00:00,-8.32,0.0,51,1673
2025-12-22 10:00:00,-8.05,0.0,66,1389
2025-12-22 11:00:00,-7.79,0.83,62,946
2025-12-22 12:00:00,-9.12,0.0,36,900
2025-12-22 13:00:00,-9.4,0.26,25,1092
2025-12-22 14:00:00,-9.69,0.0,78,1256
2025-12-22 15:00:00,-11.71,0.0,26,1654
2025-12-22 16:00:00,-9.01,0.92,0,1817
2025-12-22 17:00:00,-3.9,0.0,9,2156
2025-12-22 18:00:00,-6.35,0.74,31,1751
2025-12-22 19:00:00,-9.07,0.0,83,1383
2025-12-22 20:00:00,-7.42,0.0,16,1643
2025-12-22 21:00:00,-12.59,0.5,83,902
2025-12-22 22:00:00,-10.77,0.0,78,1011
2025-12-22 23:00:00,-7.14,0.0,51,727
2025-12-23 00:00:00,-5.51,0.0,0,1158
2025-12-23 01:00:00,-12.28,0.0,16,700
2025-12-23 02:00:00,-11.42,1.17,30,706
2025-12-23 03:00:00,-3.43,2.35,89,452
2025-12-23 04:00:00,-9.68,0.0,32,891
2025-12-23 05:00:00,-4.5,0.0,27,1182
2025-12-23 06:00:00,-9.35,2.45,51,1076
2025-12-23 07:00:00,-9.23,0.0,11,2012
2025-12-23 08:00:00,-10.89,0.0,45,1930
2025-12-23 09:00:00,-7.14,0.0,26,1992
2025-12-23 10:00:00,-5.9,0.0,100,1518
2025-12-23 11:00:00,-13.08,0.0,23,1275
2025-12-23 12:00:00,-11.03,0.08,94,771
2025-12-23 13:00:00,-7.23,1.26,17,754
2025-12-23 14:00:00,-10.36,0.0,52,1222
2025-12-23 15:00:00,-11.45,0.0,58,1542
2025-12-23 16:00:00,-6.94,0.0,49,1885
2025-12-23 17:00:00,-6.66,0.68,48,2092
2025-12-23 18:00:00,-11.32,0.0,67,1941
2025-12-23 19:00:00,-9.33,0.0,56,1561
2025-12-23 20:00:00,-13.6,0.0,42,1580
2025-12-23 21:00:00,-12.66,0.0,29,962
2025-12-23 22:00:00,-9.6,0.0,42,811
2025-12-23 23:00:00,-9.88,0.0,41,591
2025-12-24 00:00:00,-12.85,0.0,41,409
2025-12-24 01:00:00,-12.1,3.57,48,50
2025-12-24 02:00:00,-13.15,0.71,11,754
2025-12-24 03:00:00,-8.59,0.0,21,892
2025-12-24 04:00:00,-15.85,0.0,67,580
2025-12-24 05:00:00,-12.99,0.0,0,1138
2025-12-24 06:00:00,-15.54,0.0,76,1408
2025-12-24 07:00:00,-8.69,0.48,32,1497
2025-12-24 08:00:00,-15.36,0.0,88,2026
2025-12-24 09:00:00,-9.86,0.0,77,1880
2025-12-24 10:00:00,-5.03,0.0,38,1642
2025-12-24 11:00:00,-4.93,0.0,41,1332
2025-12-24 12:00:00,-15.37,0.0,86,387
2025-12-24 13:00:00,-9.06,0.95,78,822
2025-12-24 14:00:00,-12.92,0.0,71,1368
2025-12-24 15:00:00,-13.53,5.39,75,833
2025-12-24 16:00:00,-10.29,0.0,19,1998
2025-12-24 17:00:00,-6.27,0.0,52,2191
2025-12-24 18:00:00,-8.15,0.0,27,2008
2025-12-24 19:00:00,-12.1,0.22,19,1553
2025-12-24 20:00:00,-7.84,0.0,50,1389
2025-12-24 21:00:00,-16.68,0.0,36,703
2025-12-24 22:00:00,-12.21,0.81,42,779
2025-12-24 23:00:00,-12.42,0.0,34,825
2025-12-25 00:00:00,-9.69,1.88,16,522
2025-12-25 01:00:00,-10.54,0.0,89,731
2025-12-25 02:00:00,-10.35,0.42,51,648
2025-12-25 03:00:00,-10.45,0.0,11,801
2025-12-25 04:00:00,-9.86,0.0,51,1082
2025-12-25 05:00:00,-8.31,2.13,85,634
2025-12-25 06:00:00,-9.48,0.05,71,1585
2025-12-25 07:00:00,-10.78,0.32,34,1951
2025-12-25 08:00:00,-8.72,0.0,35,2103
2025-12-25 09:00:00,-7.45,1.27,23,1668
2025-12-25 10:00:00,-11.59,0.0,28,1498
2025-12-25 11:00:00,-10.1,0.0,30,994
2025-12-25 12:00:00,-6.44,0.0,10,880
2025-12-25 13:00:00,-13.23,0.0,36,1007
2025-12-25 14:00:00,-4.51,0.0,56,1224
2025-12-25 15:00:00,-13.94,0.0,37,1519
2025-12-25 16:00:00,-10.96,1.13,52,1528
2025-12-25 17:00:00,-12.78,0.0,87,1910
2025-12-25 18:00:00,-3.36,0.0,93,2079
2025-12-25 19:00:00,-11.44,0.0,45,1879
2025-12-25 20:00:00,-11.43,0.0,69,1073
2025-12-25 21:00:00,-11.04,0.0,43,888
2025-12-25 22:00:00,-9.64,0.0,35,855
2025-12-25 23:00:00,-10.91,2.17,19,627
2025-12-26 00:00:00,-10.29,0.0,50,636
2025-12-26 01:00:00,-20.48,0.0,75,600
2025-12-26 02:00:00,-9.72,0.13,16,814
2025-12-26 03:00:00,-9.84,0.0,40,499
2025-12-26 04:00:00,-6.78,0.0,39,920
2025-12-26 05:00:00,-5.97,3.35,54,562
2025-12-26 06:00:00,-10.46,0.0,54,1352
2025-12-26 07:00:00,-7.45,2.73,61,1432
2025-12-26 08:00:00,-13.2,0.39,95,1870
2025-12-26 09:00:00,-7.59,0.0,26,1881
2025-12-26 10:00:00,-11.61,0.0,24,1408
2025-12-26 11:00:00,-13.45,0.14,54,1302
2025-12-26 12:00:00,-10.45,0.0,84,642
2025-12-26 13:00:00,-5.69,0.0,11,1208
2025-12-26 14:00:00,-9.35,0.0,56,1384
2025-12-26 15:00:00,-5.41,0.0,42,1707
2025-12-26 16:00:00,-12.14,0.0,69,1657
2025-12-26 17:00:00,-6.75,0.0,63,1840
2025-12-26 18:00:00,-11.85,0.0,49,1914
2025-12-26 19:00:00,-9.22,0.0,60,1738
2025-12-26 20:00:00,-9.25,0.0,31,1334
2025-12-26 21:00:00,-7.91,0.0,67,837
2025-12-26 22:00:00,-9.14,0.0,82,792
2025-12-26 23:00:00,-12.11,1.46,50,745
2025-12-27 00:00:00,-7.22,0.24,38,276
2025-12-27 01:00:00,-4.67,0.0,44,428
2025-12-27 02:00:00,-11.61,0.27,68,305
2025-12-27 03:00:00,-15.37,0.0,47,496
2025-12-27 04:00:00,-8.36,0.0,18,512
2025-12-27 05:00:00,-10.85,0.12,72,659
2025-12-27 06:00:00,-10.25,0.0,23,1152
2025-12-27 07:00:00,-8.19,0.0,59,951
2025-12-27 08:00:00,-11.23,0.0,1,1147
2025-12-27 09:00:00,-10.67,0.0,51,1124
2025-12-27 10:00:00,-10.16,0.0,46,1051
2025-12-27 11:00:00,-5.45,0.18,0,855
2025-12-27 12:00:00,-9.77,1.71,56,433
2025-12-27 13:00:00,-13.57,0.12,20,375
2025-12-27 14:00:00,-13.45,0.35,50,758
2025-12-27 15:00:00,-9.44,0.0,38,647
2025-12-27 16:00:00,-13.25,0.08,11,1390
2025-12-27 17:00:00,-14.55,0.14,22,1390
2025-12-27 18:00:00,-7.95,0.53,24,1157
2025-12-27 19:00:00,-7.81,0.75,72,587
2025-12-27 20:00:00,-10.96,0.65,69,644
2025-12-27 21:00:00,-8.98,4.47,100,157
2025-12-27 22:00:00,-9.3,0.24,35,567
2025-12-27 23:00:00,-8.05,0.0,34,748
2025-12-28 00:00:00,-8.0,0.19,52,342
2025-12-28 01:00:00,-17.64,0.0,40,572
2025-12-28 02:00:00,-10.54,1.35,34,50
2025-12-28 03:00:00,-8.27,0.0,50,338
2025-12-28 04:00:00,-11.05,0.0,66,268
2025-12-28 05:00:00,-9.71,0.0,0,870
2025-12-28 06:00:00,-7.57,0.39,34,760
2025-12-28 07:00:00,-9.58,0.0,13,1369
2025-12-28 08:00:00,-5.3,0.14,45,1412
2025-12-28 09:00:00,-6.44,0.0,59,1209
2025-12-28 10:00:00,-10.17,0.29,76,802
2025-12-28 11:00:00,-10.41,1.02,38,411
2025-12-28 12:00:00,-18.37,0.0,51,453
2025-12-28 13:00:00,-10.8,0.0,6,625
2025-12-28 14:00:00,-13.88,0.0,27,898
2025-12-28 15:00:00,-9.16,0.0,54,1226
2025-12-28 16:00:00,-9.36,0.0,14,1220
2025-12-28 17:00:00,-7.73,0.0,79,1410
2025-12-28 18:00:00,-5.63,0.86,62,1149
2025-12-28 19:00:00,-9.9,1.8,26,929
2025-12-28 20:00:00,-2.98,0.0,11,800
2025-12-28 21:00:00,-9.12,0.0,30,577
2025-12-28 22:00:00,-13.75,0.0,26,390
2025-12-28 23:00:00,-11.51,0.0,18,657
2025-12-29 00:00:00,-10.89,0.0,14,677
2025-12-29 01:00:00,-8.0,0.68,43,720
2025-12-29 02:00:00,-12.61,0.0,67,597
2025-12-29 03:00:00,-10.67,0.0,31,701
2025-12-29 04:00:00,-10.26,0.0,60,610
2025-12-29 05:00:00,-11.12,0.0,41,818
2025-12-29 06:00:00,-7.34,0.08,64,1399
2025-12-29 07:00:00,-7.85,0.0,29,1833
2025-12-29 08:00:00,-6.27,0.0,56,1870
2025-12-29 09:00:00,-10.77,0.0,52,1803
2025-12-29 10:00:00,-6.16,0.11,83,1698
2025-12-29 11:00:00,-13.86,0.0,63,1208
2025-12-29 12:00:00,-13.94,0.0,55,768
2025-12-29 13:00:00,-13.41,0.34,12,1009
2025-12-29 14:00:00,-9.74,0.0,36,1407
2025-12-29 15:00:00,-6.17,0.0,29,1726
2025-12-29 16:00:00,-11.58,0.0,28,1954
2025-12-29 17:00:00,-11.2,0.0,49,1965
2025-12-29 18:00:00,-10.42,0.0,55,1842
2025-12-29 19:00:00,-8.05,0.0,56,1518
2025-12-29 20:00:00,-11.21,0.0,81,1255
2025-12-29 21:00:00,-11.37,0.0,61,656
2025-12-29 22:00:00,-13.81,0.0,18,876
2025-12-29 23:00:00,-11.49,1.36,54,248
2025-12-30 00:00:00,-6.19,0.0,64,726
2025-12-30 01:00:00,-9.45,1.13,81,336
2025-12-30 02:00:00,-11.94,0.0,46,832
2025-12-30 03:00:00,-6.01,0.0,46,796
2025-12-30 04:00:00,-11.48,0.0,76,758
2025-12-30 05:00:00,-5.46,2.67,54,872
2025-12-30 06:00:00,-5.51,0.19,10,1441
2025-12-30 07:00:00,-9.55,0.0,4,2046
2025-12-30 08:00:00,-14.22,3.49,96,1466
2025-12-30 09:00:00,-2.85,0.0,7,1908
2025-12-30 10:00:00,-8.56,0.23,45,1292
2025-12-30 11:00:00,-10.69,0.0,72,963
2025-12-30 12:00:00,-6.85,0.0,5,947
2025-12-30 13:00:00,-7.61,0.99,22,830
2025-12-30 14:00:00,-5.79,0.1,18,1327
2025-12-30 15:00:00,-11.71,0.0,95,1386
2025-12-30 16:00:00,-8.77,0.0,100,1727
2025-12-30 17:00:00,-13.28,1.05,31,1770
2025-12-30 18:00:00,-7.72,0.0,64,1911
2025-12-30 19:00:00,-9.79,1.51,57,1395
2025-12-30 20:00:00,-8.88,0.14,42,1349
2025-12-30 21:00:00,-10.16,0.0,9,1124
2025-12-30 22:00:00,-10.47,0.0,100,692
2025-12-30 23:00:00,-12.33,0.0,4,877
2025-12-31 00:00:00,-7.29,0.0,55,299
2025-12-31 01:00:00,-5.19,0.0,34,710
2025-12-31 02:00:00,-11.33,0.0,75,516
2025-12-31 03:00:00,-8.0,1.24,71,565
2025-12-31 04:00:00,-8.37,0.01,26,810
2025-12-31 05:00:00,-9.64,0.39,30,1144
2025-12-31 06:00:00,-14.24,0.0,11,1546
2025-12-31 07:00:00,-13.57,0.0,55,1527
2025-12-31 08:00:00,-12.01,0.4,68,1853
2025-12-31 09:00:00,-16.08,0.0,39,1536
2025-12-31 10:00:00,-5.44,0.0,44,1578
2025-12-31 11:00:00,-8.56,0.32,98,892
2025-12-31 12:00:00,-9.75,1.05,73,544
2025-12-31 13:00:00,-16.23,0.0,84,609
2025-12-31 14:00:00,-15.14,0.0,0,1287
2025-12-31 15:00:00,-9.67,1.23,64,1251
2025-12-31 16:00:00,-3.75,0.0,56,1710
2025-12-31 17:00:00,-11.76,0.0,19,1997
2025-12-31 18:00:00,-7.07,0.0,24,2068
2025-12-31 19:00:00,-11.1,0.0,45,1633
2025-12-31 20:00:00,-9.5,0.0,16,1151
2025-12-31 21:00:00,-6.02,2.01,30,849
2025-12-31 22:00:00,-10.7,0.0,38,933
2025-12-31 23:00:00,-11.73,0.0,64,651
